Customer_ID,Name,Gender,Age,Phone,Email,City,Customer_Age_Segment
CU0001,Jill Snyder,Male,49,5271706357,timothy92@yahoo.com,Juliabury,Mature Adult
CU0002,Nicholas Foster,Male,23,3249599856281,cochrancarlos@berry.info,Wrightport,Young Adult
CU0003,Courtney Robbins,Male,60,4614286407,donna01@yahoo.com,Lake Zacharyburgh,Mature Adult
CU0004,Blake Barry,Male,67,1193401448571,sandra08@yahoo.com,Ramirezburgh,Senior Citizen
CU0005,Claudia Hardin,Female,31,5146842974378,caitlindavis@bradley.org,Lake Tamara,Adult
CU0006,Scott Wilson,Female,52,356146555678074,pamela97@smith.net,East Amberland,Mature Adult
CU0007,Michael Johnson,Male,58,272146668612407,rjones@bates.com,Holmesport,Mature Adult
CU0008,Michelle Davis,Female,28,612252031,dwilson@schmidtcarter.com,New Robin,Young Adult
CU0009,Sara Mack,Male,29,558988969489389,ybailey@yahoo.com,East Brian,Young Adult
CU0010,Ashley Butler,Female,30,8746368430,williamestes@gmail.com,North Marciamouth,Young Adult
CU0011,Charles Sullivan,Male,65,17669526723886,fward@pierce.com,South Adam,Senior Citizen
CU0012,Tiffany Thompson,Male,30,7124538481,lindseychad@mckinneycole.com,Port Ronaldberg,Young Adult
CU0013,Juan Blackwell,Male,23,7553482919,dguerrero@gmail.com,North Jessica,Young Adult
CU0014,Todd Taylor,Female,53,19941768255022,rodriguezangela@millsnavarro.net,New Susantown,Mature Adult
CU0015,Brooke Bennett,Male,23,4776554719,marvin28@hotmail.com,East Jack,Young Adult
CU0016,Bobby Rodriguez,Female,68,6738343904,torresallen@evans.org,South Alisha,Senior Citizen
CU0017,Patricia French,Female,60,4278324332,sheila92@gmail.com,Carlsonmouth,Mature Adult
CU0018,Nancy Reed,Male,25,7280037525065,jenningsfelicia@hotmail.com,Morrisonton,Young Adult
CU0019,Timothy Valenzuela,Female,42,79601362431680,jenkinsmicheal@hotmail.com,Rebekahside,Mature Adult
CU0020,Gregory Carter,Male,35,7901634961801,clayamanda@evans.com,East Stephaniebury,Adult
CU0021,Diane Glenn,Male,32,8768989784,bergrenee@lamb.com,Williamtown,Adult
CU0022,Jasmine Dion,Male,58,13792069761554,sjefferson@gmail.com,South Ethanborough,Mature Adult
CU0023,Anna Reynolds,Female,25,2936204537821,emilyfry@yahoo.com,Benjaminshire,Young Adult
CU0024,Timothy Delgado,Female,56,18838412780607,robertdouglas@gmail.com,East Caitlin,Mature Adult
CU0025,Troy Hernandez,Male,52,8021893700287,maynardrhonda@gmail.com,Port Charlestown,Mature Adult
CU0026,Haley Miller,Female,31,144800880989630,fosterbrianna@gmail.com,Amyside,Adult
CU0027,Patricia Armstrong,Male,63,5505066294781,watsonkatherine@gmail.com,Jeffreyton,Senior Citizen
CU0028,Tanya Mcdowell,Male,19,1496383543690140,ysmith@yahoo.com,Robertsfurt,Young Adult
CU0029,Adrienne Mccoy,Male,30,5056603557500,gentryfrank@santoskemp.com,Port Frank,Young Adult
CU0030,Henry Chan,Female,64,70613408998226,crystal72@reeseware.info,Rothmouth,Senior Citizen
CU0031,Michael Sandoval,Female,60,1550373337854090,sandra09@jones.com,South Diamond,Mature Adult
CU0032,Laura Jones,Male,34,178051657567709,tonypotter@brownflores.biz,Justinside,Adult
CU0033,Nicole Hurst,Male,64,12708620245233,nicholsonelizabeth@gmail.com,Matthewberg,Senior Citizen
CU0034,Matthew Mora,Female,35,5911671901,kimberly44@yahoo.com,Port Jamesview,Adult
CU0035,Gregory Johnson,Female,31,76731594631584,perezmaria@perezthompson.net,Kyleview,Adult
CU0036,Joshua Lewis,Male,65,1203168003850210,bartonreginald@martinwhite.com,New Douglasville,Senior Citizen
CU0037,Charles Jenkins,Male,37,3236797650248,baldwinjose@collins.com,Port Christophershire,Adult
CU0038,Margaret Lyons,Female,39,898599317259022,morrisantonio@hotmail.com,New Ethanville,Adult
CU0039,John Blackwell,Female,70,11826327265890,terryjoe@smith.net,West Andrew,Senior Citizen
CU0040,Johnny Petersen,Male,57,54430504854124,martinezjason@wilsonlyons.net,East Daniel,Mature Adult
CU0041,Andrew Dawson,Female,59,8308902965,glove@ballard.com,Jennifershire,Mature Adult
CU0042,Christopher Smith,Male,45,12058192715,jennifer60@jones.com,Davishaven,Mature Adult
CU0043,Michelle Johnson,Male,70,2531868465,melissaroman@hotmail.com,Nicolebury,Senior Citizen
CU0044,Tiffany James,Male,66,194196617497650,emily63@hotmail.com,North Brendashire,Senior Citizen
CU0045,Robert Boyd,Male,36,17597741924716,lauren51@farmergreene.info,Travisview,Adult
CU0046,Ashley Roy,Female,42,2649832828,jbutler@hotmail.com,Evanstown,Mature Adult
CU0047,Cynthia Estes,Female,67,9113891261,ineal@gmail.com,Nancybury,Senior Citizen
CU0048,Elizabeth Adams,Male,28,95892119288044,aaguilar@gmail.com,Watsonfurt,Young Adult
CU0049,Lauren Moore,Male,59,874114945,millerdaniel@yahoo.com,Port Jennifer,Mature Adult
CU0050,Ricky Kent,Female,22,8091090635934,philip60@yahoo.com,Jamiestad,Young Adult
CU0051,Walter Carr,Female,56,351411766231371,mcdanieldavid@gonzalez.com,Riveraport,Mature Adult
CU0052,Mr. Robert Thompson,Male,33,38628547449093,hernandezelijah@gmail.com,North Jillianberg,Adult
CU0053,Angela Harrison,Female,70,14403168822838,kimberlyrivera@hotmail.com,East Robertville,Senior Citizen
CU0054,Julia Wagner,Female,65,6574069205,wherring@hotmail.com,Heathermouth,Senior Citizen
CU0055,Erica Goodwin,Male,42,17769901179739,jpeck@gmail.com,Harmonton,Mature Adult
CU0056,Vanessa Johnson,Male,37,2026747995,fpark@gmail.com,East Kelli,Adult
CU0057,Fernando Lopez,Female,61,1836542522751470,lsimpson@gmail.com,North Sherrychester,Senior Citizen
CU0058,Dawn Decker,Female,55,13526608262,robert22@hotmail.com,New Lindsey,Mature Adult
CU0059,Clayton Davis,Male,30,53761761467924,keithgarcia@barnes.com,Millerburgh,Young Adult
CU0060,Randall Williams,Male,54,74644725220954,calvarez@davis.com,East Rebeccatown,Mature Adult
CU0061,Tracy Wilson,Female,66,282985565789204,lancebell@gmail.com,Davisside,Senior Citizen
CU0062,Michael Johnson,Female,55,11578147556,amy78@hotmail.com,Brittanyville,Mature Adult
CU0063,Tammy Petty,Male,41,17992242890891,william57@lane.com,Port Tony,Mature Adult
CU0064,Richard Michael,Male,37,18569672718513,brendajohnson@gmail.com,Sydneyhaven,Adult
CU0065,David Hill,Female,46,3049980209740,dsmith@wallace.com,Grayton,Mature Adult
CU0066,Mary Lee,Male,68,5209301391,dustinphillips@yahoo.com,Perezview,Senior Citizen
CU0067,Terrence Brooks,Male,43,11492907859510,rgonzalez@hotmail.com,Brentbury,Mature Adult
CU0068,Andrew Arnold,Female,19,12470118517,logan51@nunez.com,Port Adam,Young Adult
CU0069,Jennifer Morales,Female,51,3043110689824,jenkinsryan@snyder.org,Lake Alicia,Mature Adult
CU0070,Jose Rodgers,Male,46,913660288246598,espinozachristopher@phelps.biz,Seanmouth,Mature Adult
CU0071,Rebecca Hendricks,Male,55,40917763325984,awatkins@hebert.org,Taylorfurt,Mature Adult
CU0072,Daniel Ramirez,Male,65,515245497606050,debra15@hernandez.com,East Steven,Senior Citizen
CU0073,Jordan Mendez,Male,26,520397975,torresmichael@bankswilson.com,Reidside,Young Adult
CU0074,Lorraine Co,Male,46,8362077377,adiaz@sandersgonzalez.com,South Angelafort,Mature Adult
CU0075,John Lawson,Male,45,7180035343574,bennetttony@yahoo.com,Russellfurt,Mature Adult
CU0076,Jessica Christensen,Female,29,108088130240058,kara06@hernandez.biz,Paigemouth,Young Adult
CU0077,Mike Hall,Female,24,4644114299,penaelizabeth@yahoo.com,Skinnershire,Young Adult
CU0078,Phyllis Hanna,Female,37,3497400518841,jenniferstone@gmail.com,South Davidborough,Adult
CU0079,Jeffrey Johnson,Female,62,14790696340,ashley53@priceboyd.com,Kennethton,Senior Citizen
CU0080,David Hobbs,Female,20,8492129242,cummingsstephen@gmail.com,Murrayton,Young Adult
CU0081,Jerry Martin,Female,20,149117663300053,dsmith@gmail.com,Kennedyhaven,Young Adult
CU0082,Heather Roberts,Male,34,6679610430,johnathanochoa@yahoo.com,Karenfurt,Adult
CU0083,Angela Morrison,Male,41,4177166504,sean90@allenhoffman.com,Williamsmouth,Mature Adult
CU0084,Jason Molina,Male,39,6244392041,moniquedorsey@williams.com,Salazarbury,Adult
CU0085,Ronald Bullock,Male,60,92539791193458,ruth67@yahoo.com,Gentryport,Mature Adult
CU0086,Nicole Taylor,Female,38,80759419997247,annabarnes@gmail.com,Lake Nicholas,Adult
CU0087,Gordon Bonilla,Female,25,11419519770,brenda34@marshallrodriguez.com,Davidport,Young Adult
CU0088,John Gutierrez,Female,58,15485040290,alejandroperry@rhodes.com,East Lee,Mature Adult
CU0089,Jeffrey Barton,Male,43,909746650,jeffrey25@hotmail.com,Erikashire,Mature Adult
CU0090,Erin Maynard,Female,23,10907648632016,rodriguezbarbara@hurst.com,Brianside,Young Adult
CU0091,Jennifer Clark,Female,38,2343389991,aanderson@fletcherstewart.biz,Palmerbury,Adult
CU0092,Michael Noble,Female,54,7103025663,brownwilliam@gmail.com,Timothyborough,Mature Adult
CU0093,Jason Williams,Female,19,11014507724348,acampbell@hotmail.com,North Melody,Young Adult
CU0094,Tonya Beard,Male,38,2928156035,sandrajohnson@yahoo.com,West Brandiview,Adult
CU0095,Tiffany Casey,Male,50,4654055181491,lsimmons@yahoo.com,Gregorymouth,Mature Adult
CU0096,Danielle Smith,Male,18,1945338644054300,staceysoto@gmail.com,Brittanychester,Young Adult
CU0097,Michele Brown,Male,29,692219521336416,hannahmays@yahoo.com,South Katherinebury,Young Adult
CU0098,Christina Hayden,Female,26,86524850363730,delacruzdonna@adamsmawell.org,North Wandatown,Young Adult
CU0099,Brittany Davis,Male,28,9424758569,hornrobert@taylornavarro.net,Lisaland,Young Adult
CU0100,Morgan Bowman,Female,42,10529820299,bbond@yahoo.com,Williamsonbury,Mature Adult
CU0101,Amy Jones,Male,61,207698087,eric26@yahoo.com,Greenhaven,Senior Citizen
CU0102,Richard Oliver,Female,25,3179170303814,lnorris@mann.com,Jamieside,Young Adult
CU0103,Sarah Mathews,Male,45,1921119248071560,howardnavarro@hotmail.com,West Rodney,Mature Adult
CU0104,Deborah Hancock,Female,47,1452905055,uwoodard@gmail.com,Richardmouth,Mature Adult
CU0105,Cody Myers,Female,19,89996515471919,ryan76@yahoo.com,East Laura,Young Adult
CU0106,Brooke Ho,Male,28,71868668148774,davidbarnes@rowland.com,New Tina,Young Adult
CU0107,Kristina Gonzalez,Male,33,196593169,stricklandjames@yahoo.com,New Yolandastad,Adult
CU0108,Barry Edwards,Female,65,2153195901,reginamiller@gmail.com,Scottberg,Senior Citizen
CU0109,Elizabeth Cole,Female,37,77456668,ycarter@newman.info,New Christopher,Adult
CU0110,Susan Obrien,Male,51,1222587329065150,lauraperez@wallace.net,South Hector,Mature Adult
CU0111,Monique Beard,Male,39,4970083195,twhitaker@yahoo.com,South Tamarastad,Adult
CU0112,Ashley Baker,Female,67,1328411195118060,adamlee@hotmail.com,West Lance,Senior Citizen
CU0113,Rhonda Armstrong,Male,25,732091664815323,elarson@gmail.com,South Alan,Young Adult
CU0114,Stephanie Hoffman,Male,21,11548025428,smithaaron@hotmail.com,South Ashley,Young Adult
CU0115,Jeffrey Walker,Male,52,3639879238,kevin55@ramosmoore.org,Mayshaven,Mature Adult
CU0116,Daniel Hoover,Male,47,2750316385544,bethany96@chapman.com,East Brandi,Mature Adult
CU0117,Jacob Mendez,Male,28,30202826120860,garrettdavid@meltonosborne.com,South Jonathanstad,Young Adult
CU0118,Carol Davenport,Female,58,3858660244,rhughes@yahoo.com,East Henrytown,Mature Adult
CU0119,James Davis,Male,68,4656594822,zedwards@gomez.info,Port Matthew,Senior Citizen
CU0120,Kerry Rosales,Male,68,19482268080744,ypena@joseph.com,New Williestad,Senior Citizen
CU0121,Faith Haynes,Female,43,1873824765316,carmensmith@coopergonzalez.biz,Lake Josefurt,Mature Adult
CU0122,Kari Jones,Female,23,343763572390109,kimberlywood@fowlergreer.net,New Mistystad,Young Adult
CU0123,Olivia Long,Male,52,211676115,mguerrero@hotmail.com,Snyderfort,Mature Adult
CU0124,Samantha Costa,Female,64,741759543,kathleen63@marshvargas.org,Darrellport,Senior Citizen
CU0125,Judith Mendez DVM,Male,62,5335585057857,rachel67@carter.com,North Darleneberg,Senior Citizen
CU0126,Melissa Owens,Male,36,6633360628778,jacobrogers@welchyoung.com,Georgemouth,Adult
CU0127,Brooke Grant,Female,64,1591872098,afisher@kidd.org,Rachaelhaven,Senior Citizen
CU0128,Tracey Robinson,Female,24,3232263215433,barbarabond@jonesmiller.com,Lake Vernon,Young Adult
CU0129,Leslie Myers,Female,24,194270373778798,uaguilar@hoover.com,South Robert,Young Adult
CU0130,Robert Mcmahon,Female,34,15991858239696,williamsvalerie@yahoo.com,Port Dale,Adult
CU0131,Amy Ramirez,Male,66,8646246160,villegasrodney@yahoo.com,South Scottmouth,Senior Citizen
CU0132,Sabrina Hebert,Female,59,200204705041575,rhamilton@conradhoward.com,West Jamiemouth,Mature Adult
CU0133,Kimberly Lowe,Female,70,6147243855978,millerdonna@hotmail.com,Danielland,Senior Citizen
CU0134,Colleen Gardner,Male,64,3817031663,moorekenneth@norrisfoster.biz,Port Johnny,Senior Citizen
CU0135,Amy Oconnor,Male,36,19109521638,jonesashley@gmail.com,North Donna,Adult
CU0136,Sheila Faulkner,Female,28,4935515651,gregory18@hotmail.com,South Ambershire,Young Adult
CU0137,Nicole Peterson,Female,37,2941515814,mark26@jonesnguyen.info,Brandonfurt,Adult
CU0138,Joshua Crawford,Male,69,97418683901616,tgalvan@simmonswalton.com,Edwardsside,Senior Citizen
CU0139,Nicholas Montgomery,Male,28,7190405963,yrice@owenssolis.com,West Hannahtown,Young Adult
CU0140,Joshua Holland,Female,24,3165395605,powellnatalie@moody.org,East Aleander,Young Adult
CU0141,Julie Carter,Male,51,93796031803599,kellyerickson@gmail.com,Basstown,Mature Adult
CU0142,Diane Hart,Female,39,715477818,sandra22@smith.com,Andersonshire,Adult
CU0143,Bethany Lee,Female,24,8925252740,ian13@hotmail.com,North Jaclynton,Young Adult
CU0144,Darren Riley,Female,48,17150837346395,arellanopaul@fernandez.com,Patelville,Mature Adult
CU0145,Michelle Brown,Male,29,15704998678436,ellischarles@yahoo.com,Johnburgh,Young Adult
CU0146,Mark Manning,Male,51,10183401798591,gregorywu@gmail.com,New Isaacland,Mature Adult
CU0147,Sara Allen,Male,52,349606844086812,melanieking@gmail.com,Lake Danielle,Mature Adult
CU0148,Sarah Scott,Female,50,8913991203,patrick12@prestonhuang.com,West Keithshire,Mature Adult
CU0149,Terri Davis,Male,64,441626749365851,hallnicole@hotmail.com,North Judyville,Senior Citizen
CU0150,Sharon Berger,Female,46,164988595960753,richardphillips@dion.com,South Keithshire,Mature Adult
CU0151,Noah Valenzuela,Male,29,144529128968724,yrhodes@yahoo.com,New Josephstad,Young Adult
CU0152,Gregory Perkins,Male,39,10119736705,anthony73@ingram.org,New Jonstad,Adult
CU0153,Sherri Bennett,Male,53,18545595459281,lisachapman@yahoo.com,Kaylamouth,Mature Adult
CU0154,Victoria Howard,Male,38,101973764394698,leonardhiggins@hotmail.com,East Julieton,Adult
CU0155,Janice Miller,Female,54,2575824126692,kim14@yahoo.com,East Gina,Mature Adult
CU0156,Jonathan Michael,Female,35,17016240303987,hobbsdwayne@hendricksaustin.com,Tammyside,Adult
CU0157,Matthew Robinson,Male,59,17410651580722,longjennifer@hunter.biz,Jasonton,Mature Adult
CU0158,Brandon Jackson,Male,50,1176077569090940,adkins@howard.org,Ryanmouth,Mature Adult
CU0159,Richard Cobb,Female,38,1589900180,pchavez@gmail.com,New Anthony,Adult
CU0160,Joshua Rodriguez,Male,70,13915747657546,isabellafrye@trujillo.com,East Rita,Senior Citizen
CU0161,Emily Cummings,Female,54,1561912949845110,paulbuchanan@white.com,Hernandezport,Mature Adult
CU0162,Bradley Dean,Male,59,462163003207161,edward78@gmail.com,Port Eric,Mature Adult
CU0163,Hayley Waters,Female,70,19757901549,derrickturner@navarropeterson.org,Lake Aaron,Senior Citizen
CU0164,Jennifer Sims PhD,Female,24,18062577187930,batereric@yahoo.com,Port Brian,Young Adult
CU0165,Steve Morris,Male,67,1238617346909,landerson@watson.com,Wagnerberg,Senior Citizen
CU0166,Patrick Williams,Female,33,5186353883307,garciadrew@andersonwilson.net,South Barbaraland,Adult
CU0167,Michelle Howard,Female,19,3772772439305,james98@thomas.com,Port Christopher,Young Adult
CU0168,Paul Cummings,Male,41,18331182634981,samanthajohnson@boyd.com,Sharpfurt,Mature Adult
CU0169,Adrienne Carter,Female,21,9275334217,tanya54@hotmail.com,Lauraville,Young Adult
CU0170,Gerald Simon,Female,37,2775646179,phillip25@barrett.com,Christopherchester,Adult
CU0171,Tommy Dalton,Male,56,31340028473971,tonyanorman@yahoo.com,Vaughanport,Mature Adult
CU0172,David Barker,Male,68,222657337012263,vancemike@yahoo.com,Robertberg,Senior Citizen
CU0173,Tracey Little,Male,52,188375325756,christine66@hotmail.com,Millermouth,Mature Adult
CU0174,Shaun Johnson,Female,29,877532138697134,mbauer@gmail.com,Johnsontown,Young Adult
CU0175,Catherine Simmons,Female,48,5384967636,scopeland@yahoo.com,Shafferburgh,Mature Adult
CU0176,Tiffany Miller,Male,23,99515834430018,tiffany05@anderson.com,New Samanthaport,Young Adult
CU0177,Kyle Medina,Female,41,4341314022,loganpeterson@gmail.com,Moorechester,Mature Adult
CU0178,Emma Wells,Female,25,99569165357428,smithdavid@edwardsadams.com,Kyleton,Young Adult
CU0179,Robert Mays,Female,18,133944236561,csmith@hamptonanderson.com,New Angelaview,Young Adult
CU0180,Amy Mcknight,Female,57,5878225902,scottturner@mirandaray.org,West Daisyburgh,Mature Adult
CU0181,Amy Allen,Female,23,1478605294051070,christensenchristopher@gaines.org,Patriciaside,Young Adult
CU0182,Jose Mcbride,Female,60,8325806573,guzmankenneth@gardnerdonaldson.com,Lake Troychester,Mature Adult
CU0183,Jennifer Bonilla,Female,20,381262105214209,wilsonjose@yahoo.com,East Michaelbury,Young Adult
CU0184,Lisa Payne,Female,21,12787388267417,avierbeck@yahoo.com,North Jeffrey,Young Adult
CU0185,Christopher Brennan,Female,54,9711122100,mariasimpson@peckwright.com,Heidiland,Mature Adult
CU0186,Jason Gonzalez,Male,67,4408419013885,mwilliams@gmail.com,East Gina,Senior Citizen
CU0187,Natalie Dodson,Female,47,8234315493,daniel46@marshall.com,New Douglasville,Mature Adult
CU0188,Shawn Robertson,Male,59,298355939824,oneillkevin@hotmail.com,Jenniferland,Mature Adult
CU0189,Brian Welch,Male,27,913758310,paulmiller@hamilton.net,Jonesmouth,Young Adult
CU0190,David Waters,Female,47,1683137639625030,leslie64@yahoo.com,Garnerton,Mature Adult
CU0191,Andrea Fisher,Female,39,7223348975,woodsalicia@rogers.com,Garciachester,Adult
CU0192,Kirk Reed,Female,28,11894706761,pweeks@sandoval.org,Angelamouth,Young Adult
CU0193,Frank Lowe,Male,54,16412411689795,harpermarcus@hotmail.com,Chapmanburgh,Mature Adult
CU0194,Nicole Jackson,Male,42,424580143,ramseydawn@jones.com,New Jamesside,Mature Adult
CU0195,Joseph Tucker,Female,34,5291312906,djones@smith.com,Lawsonfort,Adult
CU0196,Jill Armstrong,Male,66,356457059809181,nicholas46@gmail.com,East Peter,Senior Citizen
CU0197,Michael Johnson,Male,57,3113563785,blakekristen@ellison.info,Rhondabury,Mature Adult
CU0198,Shelly Powers MD,Male,70,75086008753407,brendathomas@yahoo.com,Morrischester,Senior Citizen
CU0199,Anthony Lloyd,Male,28,14046324070,singhdavid@jones.com,New Kristen,Young Adult
CU0200,Melissa Stark,Female,41,708370973520860,mary19@gmail.com,North Craig,Mature Adult
CU0201,Richard Moses,Female,58,3445228745,chelsea55@yahoo.com,Port Andreamouth,Mature Adult
CU0202,Allison Kim,Male,59,12785701371827,lhernandez@hotmail.com,New Carrie,Mature Adult
CU0203,Paul Garner,Female,27,378408196268335,maciaseric@hotmail.com,East Thomasville,Young Adult
CU0204,Gavin Ponce,Male,55,609564079384311,rlopez@morris.info,Wardchester,Mature Adult
CU0205,Michael Waters,Male,45,287935534615958,jennifernolan@sanchezmorse.com,Lake Kimberlychester,Mature Adult
CU0206,Tim Daniel,Female,57,7367921920,rushtimothy@gmail.com,Muellermouth,Mature Adult
CU0207,Ale Farmer,Female,56,918529184102186,brett09@esparza.biz,West Nichole,Mature Adult
CU0208,John Nguyen,Female,53,9658758914523,egraham@fleming.org,East Christophertown,Mature Adult
CU0209,Zachary Quinn,Male,49,18818248369,bakermegan@yahoo.com,New Brendaland,Mature Adult
CU0210,Kenneth Howard,Male,70,18961550201869,mary46@greerfrazier.info,Lauraland,Senior Citizen
CU0211,George Saunders,Male,39,9582360676,hunterscott@hotmail.com,Hendersonfurt,Adult
CU0212,James Smith,Male,23,4331285757,robert80@yahoo.com,Lake David,Young Adult
CU0213,Mrs. Kayla Fuller PhD,Female,70,1105430560435610,grace84@aguirresolis.com,West Brandonburgh,Senior Citizen
CU0214,Melissa Pierce,Female,31,5990850043,deleonsusan@hotmail.com,Coreyfurt,Adult
CU0215,Timothy Miller,Female,27,3174434499,lfletcher@hotmail.com,North Tamara,Young Adult
CU0216,Timothy Howell,Female,36,2479574906380,herreradaniel@valdez.biz,West Patrick,Adult
CU0217,Lisa Mccarty,Male,30,4472103042,browntimothy@hotmail.com,Francismouth,Young Adult
CU0218,Kyle Wallace,Male,44,140176100407950,ystephens@yahoo.com,Whiteburgh,Mature Adult
CU0219,Jeffrey White,Male,30,1186682961827250,baguilar@barrettwelch.com,Gomezhaven,Young Adult
CU0220,Nicolas Delgado,Male,25,151522353585094,davis@wright.com,South Ashley,Young Adult
CU0221,Jonathan Koch,Male,37,76602130738500,douglasjennifer@moore.net,North Danielstad,Adult
CU0222,Sherri Bailey,Male,46,18682073383129,bethibarra@yahoo.com,East Larrymouth,Mature Adult
CU0223,Kimberly Mitchell,Male,47,7244979848,april67@gmail.com,Sanchezfort,Mature Adult
CU0224,Michael Hudson,Male,54,1134122517289490,bennettjennifer@blake.biz,Coborough,Mature Adult
CU0225,Christopher Thomas,Female,41,4701972841708,jjohnson@webbwhite.com,Nashborough,Mature Adult
CU0226,Edward Davis,Female,70,17186974608,shelbymartinez@hotmail.com,Katherineland,Senior Citizen
CU0227,Linda Lawson,Male,59,862238643958405,dsimon@hotmail.com,Meganhaven,Mature Adult
CU0228,Mark Bailey,Male,30,11599045439822,jill65@hotmail.com,North Robertstad,Young Adult
CU0229,Jacqueline Smith,Female,40,5691201884,marygrant@burnsmichael.com,Lake Virginia,Adult
CU0230,Timothy Simmons,Male,32,70712551750291,matthewsmith@lewiswilliams.com,Lewisshire,Adult
CU0231,Douglas Martinez,Male,66,1343792006971760,patrickevans@cook.com,Michaelshire,Senior Citizen
CU0232,Jamie Nunez,Male,65,196523092956920,owatson@anderson.com,East Cory,Senior Citizen
CU0233,Jennifer Graves,Female,50,570730268,andrew65@ramirezhamilton.com,Lake Melody,Mature Adult
CU0234,Jasmine Waters,Female,21,475080749904127,downsbrandon@gmail.com,Colefurt,Young Adult
CU0235,Carolyn Orozco,Female,48,8173694852005,austinjoseph@harmon.com,Garciafort,Mature Adult
CU0236,Matthew Washington,Male,46,2821495367,francisco87@yahoo.com,Evansport,Mature Adult
CU0237,Tyler Le,Female,53,9632251121,courtney01@gmail.com,Johnberg,Mature Adult
CU0238,Jennifer Coleman,Male,26,1014578601950500,gregoryfranklin@gmail.com,New John,Young Adult
CU0239,Brenda Cohen,Female,50,30283657832059,jsullivan@dorsey.com,Sherrichester,Mature Adult
CU0240,Patrick Bass,Male,34,1511428749698020,stacycampbell@hotmail.com,South Brianberg,Adult
CU0241,Jacqueline Gonzales,Female,28,195469813328846,vdavis@adamslopez.com,Lake Toni,Young Adult
CU0242,Michelle Robinson,Female,29,5797917280,bvelez@yahoo.com,Smithfort,Young Adult
CU0243,Dr. Debra Davis,Female,44,16267095300855,caitlin34@yahoo.com,Salazarton,Mature Adult
CU0244,Johnathan Myers,Female,59,60829724099097,richardflores@gmail.com,Debraberg,Mature Adult
CU0245,Amy Rowland,Male,31,9994545191,psmith@yahoo.com,Kaylafort,Adult
CU0246,Paul Ward,Female,35,33418593452872,henry04@gmail.com,East Robertborough,Adult
CU0247,Jacob Hall,Male,50,242038321407679,zmclaughlin@collins.com,New Aaronview,Mature Adult
CU0248,Stephanie Delgado,Male,18,19830826896,fhenry@yahoo.com,Porterfort,Young Adult
CU0249,George Cook PhD,Female,61,188662439940940,crystal86@jenkins.info,Andersonville,Senior Citizen
CU0250,Ronald Lucas,Male,29,4830175360284,henryhannah@gmail.com,West Erica,Young Adult
CU0251,Gina Mitchell,Male,66,145114121805033,sotobilly@gmail.com,East Audreyport,Senior Citizen
CU0252,David Myers,Female,48,463947424190,larry44@chambers.com,North Nancyshire,Mature Adult
CU0253,Katrina Hickman,Female,21,3009132982091,robertsondavid@gmail.com,New Jeffery,Young Adult
CU0254,Elizabeth Patel,Female,24,1652680944302270,gabriel86@richardsonjones.com,Nicholasfort,Young Adult
CU0255,Jennifer Arias,Male,67,611669587,laura72@gmail.com,West Tyler,Senior Citizen
CU0256,Judith Vaughn,Male,43,148733388041103,austinvalencia@gmail.com,West Lori,Mature Adult
CU0257,Aleis Rangel,Female,64,9336884447,uwatson@mora.org,Ashleytown,Senior Citizen
CU0258,Danielle Snyder,Female,18,824363710744458,kyleellis@curtis.com,Lorihaven,Young Adult
CU0259,Keith Ward,Male,48,4515593686,kjohnson@gmail.com,Jimenezchester,Mature Adult
CU0260,Amy Blackwell,Female,34,18540105767961,david85@hotmail.com,Port James,Adult
CU0261,Kim Gaines,Female,45,6734837845,kayla03@yahoo.com,Mccarthytown,Mature Adult
CU0262,Terri Lewis,Female,36,5448759141,kjones@thomas.com,Huntmouth,Adult
CU0263,James Johnston,Male,19,65501473827509,dianaco@potts.info,South Wayneton,Young Adult
CU0264,Mr. Brent Dennis,Male,31,13069827416146,joseph23@lopez.com,New Jared,Adult
CU0265,Rachel Allison,Female,35,7303485592,lpena@hotmail.com,Smithmouth,Adult
CU0266,Mary Rogers,Female,39,1759731352,christinewilliams@thompsonwillis.com,Andrehaven,Adult
CU0267,Angela Bowman,Female,58,7768538797,hdavis@yahoo.com,West Michael,Mature Adult
CU0268,Carrie Taylor,Male,66,8136096654,murraykelly@wong.org,Port Melissafurt,Senior Citizen
CU0269,Taylor Vaughan,Female,27,9053339830,simswilliam@yahoo.com,Russellmouth,Young Adult
CU0270,Monica Jones,Female,69,5055091742841,pierceleah@gmail.com,Stoutshire,Senior Citizen
CU0271,Victoria Hinton,Male,21,19817070457202,brian21@gmail.com,East Anna,Young Adult
CU0272,Christian Norris,Male,65,783459013286,sjoseph@james.info,South Stephanieport,Senior Citizen
CU0273,Michael Wade,Female,60,4635268821,thomasamy@pennington.info,Payneton,Mature Adult
CU0274,Brianna Allen,Female,44,2453758379638,paige86@gmail.com,Perryland,Mature Adult
CU0275,Jacob Perez,Female,33,904379279,cmartinez@cain.net,North Barbarahaven,Adult
CU0276,Tami Goodwin,Male,69,11103771212637,gmcbride@smith.com,West Tinamouth,Senior Citizen
CU0277,John Rodriguez,Male,66,92778419087089,sdennis@gmail.com,New Nicole,Senior Citizen
CU0278,James Brady,Female,56,11985682263440,henrychristopher@hotmail.com,Davisburgh,Mature Adult
CU0279,Mark Holmes,Female,27,286891360113391,mercadopaula@garcia.biz,Lake Kathyborough,Young Adult
CU0280,Alec Kennedy,Female,19,8106652731,ucarter@gmail.com,North Victoriaville,Young Adult
CU0281,Jasmine Mathis,Male,52,6672117497552,jenniferryan@austinraymond.info,East Amber,Mature Adult
CU0282,Stacey Oneal,Male,47,19551466450293,david71@gmail.com,Velazquezland,Mature Adult
CU0283,Adrian Gonzalez,Female,32,1064788424694860,flynndavid@gmail.com,Hamiltonland,Adult
CU0284,Joseph Washington,Female,23,16710334023451,pacestephanie@huffman.com,Lake Marieside,Young Adult
CU0285,Nathan Harris,Female,33,42562070587947,danadecker@yahoo.com,Port Jacqueline,Adult
CU0286,Samantha Bray,Male,33,19347266603841,dthomas@hodges.com,Valeriebury,Adult
CU0287,Dr. Jill Hayes,Male,61,1908380996512850,angelamack@yahoo.com,New Laura,Senior Citizen
CU0288,Eric Guzman,Female,54,6914327850,harrisonale@gmail.com,Bakerfurt,Mature Adult
CU0289,Wendy Lee,Female,52,71476673084251,heatherfoster@parkbrown.com,West Jessica,Mature Adult
CU0290,Robin Kirk,Male,60,256649200222436,millerjohn@patel.com,Gomezton,Mature Adult
CU0291,Joseph Lewis,Female,52,13620228867029,erin71@banks.org,Port Edward,Mature Adult
CU0292,Michelle Johnson,Male,52,9348631986,efoley@cortezsullivan.com,Rebeccaview,Mature Adult
CU0293,Justin Wall,Male,66,9283912532,christopher72@gmail.com,West Jesse,Senior Citizen
CU0294,Brandi Lucas,Male,23,143897824383642,leonardturner@craig.com,Shaneburgh,Young Adult
CU0295,Richard Jones,Male,31,4008472865,lopezrebecca@hotmail.com,Lake Monica,Adult
CU0296,Larry Gutierrez,Female,49,788566565465382,hjenkins@hotmail.com,South Brian,Mature Adult
CU0297,Karen Conley,Female,56,3161152883,ccole@gmail.com,East Leslieberg,Mature Adult
CU0298,Stephanie Murray,Female,41,644797362,melissagarcia@poole.org,Ginaside,Mature Adult
CU0299,Heather Rodriguez,Female,63,3371935063270,johnsonleah@hotmail.com,East Ryan,Senior Citizen
CU0300,Denise Bernard,Female,40,2448785136,becky06@brewer.info,East Anthony,Adult
CU0301,Tabitha Edwards,Female,44,797146857,richard52@duncan.info,Daymouth,Mature Adult
CU0302,Marcus Washington,Female,24,4257786305,ellisdanielle@gmail.com,Port Ericberg,Young Adult
CU0303,David Nelson,Female,35,1332646731550340,sarah10@hotmail.com,Thomaschester,Adult
CU0304,Jennifer Ortiz,Male,44,5403460522011,twarren@lee.info,Sarahbury,Mature Adult
CU0305,Tonya Nelson,Male,65,275867637419258,cojennifer@gmail.com,Patelstad,Senior Citizen
CU0306,Katrina Pena,Male,38,105378703597842,joyce54@thomashernandez.com,West Brandon,Adult
CU0307,Michelle Rogers,Female,18,6642179480,pjohnson@gmail.com,Eugenemouth,Young Adult
CU0308,Paul Flynn,Female,33,8642060739,khooper@roberts.info,Lake Deborahton,Adult
CU0309,Sara Martin,Male,50,8024001281,mgarcia@franklin.com,Hernandezside,Mature Adult
CU0310,Sarah Sullivan,Female,26,1078558679905020,timothy03@williams.biz,Juliaburgh,Young Adult
CU0311,Tiffany Smith,Female,55,193967958623993,millerrachel@trevino.com,Clarkstad,Mature Adult
CU0312,Jacqueline Grant,Female,47,1616568968,pamela50@scott.com,West Timothy,Mature Adult
CU0313,Adam Johnson,Female,58,167309421663557,amy56@stout.com,New Mirandaville,Mature Adult
CU0314,Kathryn Gibbs,Female,47,1334725352,juan41@hotmail.com,South Kelly,Mature Adult
CU0315,Mrs. Eileen Banks,Male,30,158473852186111,lisa01@gmail.com,West Kimberlyside,Young Adult
CU0316,Diana Mckinney,Male,20,9673844514,garzaalec@gmail.com,New Lisa,Young Adult
CU0317,Jennifer Jones,Male,41,3875400579,victor92@hotmail.com,Brucestad,Mature Adult
CU0318,Natalie Sellers,Female,19,982455073206630,harrismichelle@smithturner.com,Gallegosmouth,Young Adult
CU0319,Angelica Thomas,Female,20,9796180863,andreacummings@yahoo.com,North Ashleyborough,Young Adult
CU0320,Crystal Diaz,Male,67,8332903104,reynoldschristopher@gmail.com,South Nicholasfurt,Senior Citizen
CU0321,Dustin Harper,Female,27,476337006264746,hooversusan@hotmail.com,Kathymouth,Young Adult
CU0322,Troy Hernandez,Female,20,8683965842,wallaceian@waller.org,Jeremyview,Young Adult
CU0323,Robert Haley,Male,49,88680753313721,colleen35@yahoo.com,Kingmouth,Mature Adult
CU0324,Valerie Ferguson,Female,42,758052968203106,danielcole@yahoo.com,West Aleander,Mature Adult
CU0325,Brian Watkins,Female,22,60900608350408,llopez@hotmail.com,East Katherine,Young Adult
CU0326,Juan Dawson,Female,33,6897764396,juliebennett@mitchell.org,Boothstad,Adult
CU0327,Natalie Bowman,Female,37,1168177610042670,garrettross@lopez.com,Douglasside,Adult
CU0328,Seth Solomon,Male,29,12656909007995,corywhite@gmail.com,Port Stephaniebury,Young Adult
CU0329,Jennifer Bryant,Female,35,17172332347,rachellewis@maydavis.info,Avilafort,Adult
CU0330,Sherry Fowler,Male,24,30299660684368,hudsonmatthew@hotmail.com,Spencerburgh,Young Adult
CU0331,Patrick Nelson,Male,59,4968494867,alejandrobarnes@kelly.com,Mirandaton,Mature Adult
CU0332,Lance Boone,Male,26,1335861874211160,whitakerdavid@schmidt.biz,West Tiffanyfurt,Young Adult
CU0333,Barry Munoz,Male,57,19372532730,karipierce@gmail.com,Lake Brian,Mature Adult
CU0334,John Cook,Male,53,2219680577347,brettchavez@hotmail.com,Hendricksstad,Mature Adult
CU0335,Holly Swanson,Female,68,1186628566037560,rodriguezangela@williams.com,Marieside,Senior Citizen
CU0336,John Ross,Male,31,173803135858991,reyeszachary@mitchellthomas.com,Hansenstad,Adult
CU0337,Jeffery Gonzalez,Male,65,649462264177943,dianebarron@vasquez.com,Lopezton,Senior Citizen
CU0338,Christina Hansen,Female,20,499072956568,brianschwartz@hotmail.com,East Richard,Young Adult
CU0339,Leah Mccann,Male,43,7966861434,ozhang@yahoo.com,Smithton,Mature Adult
CU0340,Holly Green,Female,64,5811254921,hrodriguez@cortezwilson.com,Morrisbury,Senior Citizen
CU0341,Richard Forbes,Female,53,2677840565152,cuevasmike@gmail.com,Port John,Mature Adult
CU0342,Maurice Simmons,Female,46,6123159533,john35@hotmail.com,North Nicolechester,Mature Adult
CU0343,Anthony Castro,Male,49,14987526910,gomezmichelle@palmer.net,South Alejandra,Mature Adult
CU0344,Kellie Roberts,Female,68,4560158275,sgonzalez@mcgrath.net,Farrellside,Senior Citizen
CU0345,Lindsay Stanley,Female,55,1526909159269640,rjohnston@hotmail.com,West Ronald,Mature Adult
CU0346,Jessica Mills,Male,67,13477846860636,kerrlisa@larson.com,Lake Stephanie,Senior Citizen
CU0347,Kristi Browning,Male,23,45025203056277,wthompson@yahoo.com,North Ronald,Young Adult
CU0348,Brian Smith,Male,24,1641047708366560,jpark@jones.info,Richardborough,Young Adult
CU0349,Mrs. Renee Sims,Male,66,92764438311159,ihernandez@yahoo.com,New Susanview,Senior Citizen
CU0350,Mary Evans,Male,35,118054031626199,tgarcia@kellyhawkins.org,Millerborough,Adult
CU0351,Megan Preston,Female,59,2224784400,gregory70@ward.org,East Nicholas,Mature Adult
CU0352,Michelle Ali,Male,51,18098208837,courtneywilliams@gmail.com,New Amberfort,Mature Adult
CU0353,David Lam,Female,37,1769566794864770,rachelwhite@hotmail.com,Brooksfurt,Adult
CU0354,Melissa Liu,Female,24,9453902814,mhernandez@smith.net,Lake Brooke,Young Adult
CU0355,Stacy Scott,Male,57,4904745902,harrisjessica@ingrambender.com,Wilsonview,Mature Adult
CU0356,Eric Walton,Female,24,7118531660,qmoran@hotmail.com,Lake Kevin,Young Adult
CU0357,Jesse Green,Female,32,1862155337,nealbrian@hotmail.com,Lake Christopher,Adult
CU0358,Robert Duncan,Female,56,11710178831927,katherine05@fergusonsalas.com,Davidchester,Mature Adult
CU0359,Ronald Bailey,Male,50,4866655070,wlopez@hotmail.com,West Rebeccafurt,Mature Adult
CU0360,Lori Maldonado,Female,29,232965564,spencer05@gmail.com,West Elizabethton,Young Adult
CU0361,Tiffany Hart,Female,43,11054053156096,toddflores@gmail.com,Lake Maryshire,Mature Adult
CU0362,Kristen Johnson,Female,64,212643348615126,mooredana@reyes.com,South Angelaton,Senior Citizen
CU0363,Robin Miller,Female,61,8994216811,ldaniels@medina.biz,Westburgh,Senior Citizen
CU0364,Ashley Reynolds,Male,38,3215470493289,campbelljamie@yahoo.com,Heidimouth,Adult
CU0365,Melissa Davis,Female,34,4589399774,taylorjuan@rios.com,Whiteheadstad,Adult
CU0366,Sharon Morris,Male,34,69724912504393,skinnerdavid@arellano.biz,West Erikaberg,Adult
CU0367,Margaret Petersen,Female,59,274508285282,jessica88@miller.com,Michaelmouth,Mature Adult
CU0368,Casey Stevens,Female,34,764867850326,carol46@taylor.com,Marybury,Adult
CU0369,Joanna Schmitt,Male,36,948873029403671,wallacescott@yahoo.com,North Noahland,Adult
CU0370,Jennifer Holt,Female,66,1209099073,rharvey@gmail.com,Anthonychester,Senior Citizen
CU0371,Steve Harris,Male,68,3576507795,christy42@white.org,Collinsview,Senior Citizen
CU0372,Kimberly Smith,Male,33,1690318653904,patrickdeleon@hotmail.com,Conleyville,Adult
CU0373,Samantha Thompson,Female,38,147841272241039,brittany86@hotmail.com,New Maria,Adult
CU0374,Richard King,Male,28,8832570219,fernandezsarah@gmail.com,Robertburgh,Young Adult
CU0375,Mrs. Carolyn Jackson,Male,43,9585836312494,suarezstephanie@davis.info,East Cassandrachester,Mature Adult
CU0376,Jeffrey Baker,Male,21,19308787400,peterward@jones.com,New Tylerberg,Young Adult
CU0377,Christina Garcia,Female,65,196285633968127,raymondhorn@yahoo.com,Gonzalezfurt,Senior Citizen
CU0378,Isaiah Hines,Male,22,1313213627,heather75@hotmail.com,Lisaberg,Young Adult
CU0379,Garrett Williams,Female,67,1310705257549900,jackspencer@yahoo.com,Carterport,Senior Citizen
CU0380,Gregory Montoya,Male,27,182642598274211,brian31@hotmail.com,Brianfurt,Young Adult
CU0381,Kayla Hartman,Male,19,1198178880110240,amandaweaver@gmail.com,Marissaville,Young Adult
CU0382,Paul Pham,Male,63,2608144102,ambercoleman@robinson.com,Port Gregoryburgh,Senior Citizen
CU0383,Carrie Martinez,Female,19,8267779377,robertfoster@rosales.com,Castroborough,Young Adult
CU0384,Heather Turner,Male,53,153037806015565,cholt@zimmerman.org,West Veronicamouth,Mature Adult
CU0385,John Jones,Male,69,8232154830053,kgarcia@yahoo.com,Collinsfurt,Senior Citizen
CU0386,Samuel Hopkins,Male,46,3019834635,gabriel70@vincent.org,Brendaton,Mature Adult
CU0387,Donald Maldonado,Male,57,68561957482500,lauren87@yahoo.com,South Brookestad,Mature Adult
CU0388,Vincent Smith,Female,27,3221460276698,whitneymario@acosta.com,West Benjamin,Young Adult
CU0389,Edward Hayes,Male,37,9391296734609,marissa46@meyer.com,East Josephfurt,Adult
CU0390,Dennis Daniels,Male,43,8459230430,lwest@greenhowe.net,Cindychester,Mature Adult
CU0391,Ronald Snyder,Female,26,143472323420584,melindahodge@yahoo.com,Sharimouth,Young Adult
CU0392,Carolyn Thompson,Female,19,13312535287279,alanhopkins@valenzuela.com,East Rebecca,Young Adult
CU0393,Veronica Mullen,Female,60,73180908627297,zclark@johnsongrant.com,Butlermouth,Mature Adult
CU0394,Steven Perez,Female,62,1631245383,anne92@hotmail.com,Lake Theodorehaven,Senior Citizen
CU0395,Julia Nash,Male,53,35032292239013,ericsimpson@contreras.com,Smithville,Mature Adult
CU0396,Brandon Sullivan,Male,37,83121904183676,lkennedy@hill.com,South Jamiechester,Adult
CU0397,Judith Robinson,Female,32,246522112140067,ylane@hotmail.com,Johnfurt,Adult
CU0398,Mariah Martinez,Male,27,57366385219098,caitlincrawford@yahoo.com,New Danielfurt,Young Adult
CU0399,Faith Castillo,Male,26,8183239143104,holtemily@yahoo.com,Mcbridefurt,Young Adult
CU0400,Benjamin Wilson,Female,59,62475778151015,twade@lewisriley.net,West John,Mature Adult
CU0401,Tara Woodward,Male,66,9935935393334,smithwesley@savage.info,Hursthaven,Senior Citizen
CU0402,Douglas Moran,Male,36,5000037513,rking@gmail.com,Robinmouth,Adult
CU0403,Kevin Campbell,Male,56,1961671834985680,mgarcia@dudleyrowland.biz,Huangberg,Mature Adult
CU0404,Stephanie Jordan,Male,45,2484488792,tco@hotmail.com,South Sarah,Mature Adult
CU0405,James Stokes,Male,55,695556633,fwilliams@yahoo.com,Gentryville,Mature Adult
CU0406,Timothy Zhang,Male,28,9476412385,wadams@gmail.com,New Rodneystad,Young Adult
CU0407,Thomas Anderson,Male,26,9506258983,jonesjacqueline@williams.com,Kimberlyport,Young Adult
CU0408,Phillip Johnson,Male,62,699551143155775,amberhouston@yahoo.com,Griffinmouth,Senior Citizen
CU0409,Meagan Anderson,Female,26,631830385500520,villegasthomas@gmail.com,Holand,Young Adult
CU0410,James Davis,Male,31,5170635681,hernandezcharles@hotmail.com,Blackchester,Adult
CU0411,Jacob Bates,Male,45,8070733525,ybaker@herreramorris.com,Jonesborough,Mature Adult
CU0412,Lisa Wu,Male,46,928304775,jacqueline67@daybutler.com,Reginaview,Mature Adult
CU0413,Victoria Stein,Female,24,140848402035706,thorntonkelly@gmail.com,Lake Kelsey,Young Adult
CU0414,Robin Bishop,Female,58,7523056027,rodgerslori@joseph.biz,Rhondamouth,Mature Adult
CU0415,Brianna Nicholson,Male,31,1740088055896720,jacqueline38@moorethomas.com,Christopherport,Adult
CU0416,Daniel Sweeney,Female,35,6388388340701,daniellesmith@yahoo.com,Kellyfort,Adult
CU0417,Darrell Allen,Male,70,1419856518764850,cynthia59@ramosvelasquez.biz,Pricefort,Senior Citizen
CU0418,Mrs. Vanessa Ray,Female,23,1505494703819750,wfarrell@gmail.com,New Catherine,Young Adult
CU0419,Christopher Richards,Male,47,12496090952907,pauljennings@yahoo.com,North Andrew,Mature Adult
CU0420,Emily Bowers,Female,63,18457387263335,susan49@washington.info,Michelletown,Senior Citizen
CU0421,Kristin Cruz,Male,27,11546679505011,cpowell@yahoo.com,South Kelsey,Young Adult
CU0422,Terry Stone DVM,Male,54,11891661933647,friedmanchad@arnoldrogers.com,Lake Jenniferview,Mature Adult
CU0423,Jamie Sullivan,Female,19,4502909603,kgonzalez@peterson.com,Port Sabrinashire,Young Adult
CU0424,Angela Poole DVM,Male,67,18752109311042,steven92@moorekelley.net,Mcdanielside,Senior Citizen
CU0425,Michael Henry,Female,70,4310462417,suttonmichael@conradmurray.com,Lake Jesusshire,Senior Citizen
CU0426,Erica Frank,Female,53,8433979936,michaelroy@gmail.com,Nicholasmouth,Mature Adult
CU0427,Sonya Cole,Male,23,816902388268595,cstanley@norton.com,East Timothyville,Young Adult
CU0428,Wendy Ford,Male,42,154880657380140,ian24@thomas.info,Susanborough,Mature Adult
CU0429,Monica Everett,Male,37,15353310908033,anthony10@hotmail.com,South Stephenstad,Adult
CU0430,Brenda Sims,Male,38,1484904766,wilkinson@hotmail.com,North Marie,Adult
CU0431,Sara Obrien,Male,49,15156214449941,morganadams@hotmail.com,Aleanderport,Mature Adult
CU0432,Rachel Stewart,Male,40,9948560667,terri62@mitchell.info,West Keith,Adult
CU0433,Danielle Brewer,Female,69,16321385689935,samuel88@gmail.com,Port Omar,Senior Citizen
CU0434,Nancy Smith,Female,21,1102518053867010,jsaunders@vasquez.biz,West Traceychester,Young Adult
CU0435,Ann Rose,Female,47,82006860362042,brian08@johnson.info,North Joshua,Mature Adult
CU0436,Erin Maldonado,Male,43,7903944253,bradleyjose@hotmail.com,Marcusmouth,Mature Adult
CU0437,Jesse Ramirez,Male,41,1543036969795250,hartdarryl@hotmail.com,Johnnymouth,Mature Adult
CU0438,Makayla Jarvis,Female,59,77494583893324,garciacarrie@jones.com,Port Danielburgh,Mature Adult
CU0439,Tracey Mendoza,Male,67,3705594373,duranhector@johnson.org,East Phillipfort,Senior Citizen
CU0440,Timothy Barnes,Female,65,10432281784803,aleandrabennett@yahoo.com,Ortizmouth,Senior Citizen
CU0441,Tiffany Cisneros,Male,69,66420910436780,paulgraves@yahoo.com,West Markborough,Senior Citizen
CU0442,Christine Bailey,Male,18,4478512778,derrick91@zunigagalloway.com,Bondbury,Young Adult
CU0443,Madeline Taylor,Female,19,1031950249374760,kimberly17@davis.com,Lake Patrickville,Young Adult
CU0444,Natasha Frost,Female,36,175093667020736,georgedouglas@johnsonwarner.com,South Lisaborough,Adult
CU0445,Jenny Oliver,Male,50,1186654836624710,tammie60@lyons.org,Gregorymouth,Mature Adult
CU0446,Denise Mcintosh,Male,69,5892050619,awarner@richardsfowler.biz,Lake Brandon,Senior Citizen
CU0447,Justin Carrillo Jr.,Male,23,8049784869775,aleanderramirez@yahoo.com,Gibsonfurt,Young Adult
CU0448,Erin Wong,Male,28,330820400,stevensonsandy@gonzalez.org,East Jennifer,Young Adult
CU0449,Kevin Mckinney,Female,45,5212986258,greenemily@lovehall.net,Derekton,Mature Adult
CU0450,Raymond Alvarez,Female,52,750904716956302,taylor47@gmail.com,West Teresaville,Mature Adult
CU0451,Aleandria Spencer,Male,39,590984890,wbartlett@yahoo.com,Roberthaven,Adult
CU0452,Courtney Trujillo,Male,61,565586141,cruzandrea@gmail.com,West Calebtown,Senior Citizen
CU0453,Anthony Aleander,Female,27,25616414999577,erodriguez@yahoo.com,Wilsonchester,Young Adult
CU0454,James Lewis,Female,70,1032035411196350,kathleenwilson@yahoo.com,Katelynmouth,Senior Citizen
CU0455,William Carter,Female,31,159640701384216,sandy16@johnstoncoleman.com,South Paulhaven,Adult
CU0456,Gabriel Johnston,Male,18,1440029813878840,gmata@bauer.com,Lake Joseberg,Young Adult
CU0457,Raymond Murphy,Male,25,7492468834438,pruittamanda@hotmail.com,Frankhaven,Young Adult
CU0458,William Lopez,Female,37,61798259390242,williamsonjason@martinezgarcia.info,Lake Arthurshire,Adult
CU0459,Dawn Nichols,Female,34,7400257494,vscott@barnesknight.net,Gonzalezburgh,Adult
CU0460,Jeremy Bender,Female,19,2947033335689,melanie50@yahoo.com,Snyderhaven,Young Adult
CU0461,Stanley Castillo,Female,52,24514922017934,gardnermatthew@hotmail.com,New Emilystad,Mature Adult
CU0462,Donald Le,Male,49,2795755660,johnsonmary@rodriguezmorgan.biz,East Ritaberg,Mature Adult
CU0463,Derek Franklin,Female,32,45366231897268,denise48@yahoo.com,West Catherinetown,Adult
CU0464,Gloria Melendez,Male,40,17704054580352,pgentry@gmail.com,Pricefort,Adult
CU0465,Zachary Stein,Female,64,89213396328979,travis93@gmail.com,West Noahstad,Senior Citizen
CU0466,Heather Page,Male,32,338523203916611,nelsonjerry@odonnell.com,South Anaborough,Adult
CU0467,Lori Anderson,Female,59,101954233787197,jacob84@hotmail.com,South Erin,Mature Adult
CU0468,Felicia Dion,Male,27,145260977321379,qpeterson@kelly.info,Lake Brian,Young Adult
CU0469,Christopher Lambert,Female,26,6806180195280,ronald78@hotmail.com,Davisbury,Young Adult
CU0470,Kevin Dean,Female,39,4791766204,eric93@yahoo.com,Port Michelleville,Adult
CU0471,Lisa Jennings,Male,50,7983852440887,williamlopez@hickmansmith.biz,Kimberlyland,Mature Adult
CU0472,Mrs. Carol Co,Male,68,9244053557,sosajohn@nortonortiz.com,Katherinebury,Senior Citizen
CU0473,Elizabeth Diaz,Male,68,64645751583589,oscarcohen@yahoo.com,Lake Jason,Senior Citizen
CU0474,Melanie Parrish,Male,20,3046220213,kim24@stephens.com,East Pattyland,Young Adult
CU0475,Amber Tate,Female,70,86851739059884,jenniferhicks@yahoo.com,Deniseville,Senior Citizen
CU0476,Mallory Hall,Male,59,13849965511634,parkermichael@hotmail.com,West Shawn,Mature Adult
CU0477,Joe Gonzalez,Male,54,4172400468033,christopher13@johnson.org,Harrisonfort,Mature Adult
CU0478,Timothy Ward,Male,21,7528385882353,jeffrey41@ferguson.info,New Timothyfurt,Young Adult
CU0479,Tony Ford,Male,25,6155810678513,andersonlauren@stark.com,West Christineburgh,Young Adult
CU0480,Kimberly Robbins,Female,60,24870023147014,michael97@hillburton.com,Jamesport,Mature Adult
CU0481,Tamara Anthony,Female,40,373896657891633,jamescobb@stafford.biz,East Anneport,Adult
CU0482,Kayla Terry,Male,69,3554487230959,kpacheco@hotmail.com,New Joseph,Senior Citizen
CU0483,Brenda Stout,Male,34,5980103862430,kevin11@palmerhall.biz,Loganshire,Adult
CU0484,Thomas Howard,Male,26,162088164463429,grodriguez@gmail.com,West Faithview,Young Adult
CU0485,Tonya Rodriguez,Female,26,7344116594094,audreyhenry@hotmail.com,North Jamesstad,Young Adult
CU0486,Shari Burns,Female,25,15913101432,myersjames@yahoo.com,North Timothy,Young Adult
CU0487,William Mclaughlin,Female,30,5026455873,malonefrank@robinson.com,South Lindsey,Young Adult
CU0488,Mrs. Heather Pace PhD,Male,33,3440682384,sharoncoffey@gmail.com,Matthewbury,Adult
CU0489,Aimee Chan,Male,23,17340090373028,nataliekeith@williamsrodriguez.com,South Jonathan,Young Adult
CU0490,Kendra Freeman,Male,58,376291446657872,gutierrezmark@yahoo.com,Lake Angela,Mature Adult
CU0491,Joan Jenkins,Female,43,188561013506416,shogan@raymendoza.org,Zoeshire,Mature Adult
CU0492,Adam Wheeler,Male,21,3529596717482,stephaniejackson@hotmail.com,Reedchester,Young Adult
CU0493,Anthony Rogers,Male,36,83589688,michelle30@yahoo.com,North Brandon,Adult
CU0494,Jaime Gibbs,Female,23,47206224797761,jeremy85@gonzalez.com,North Jessicaland,Young Adult
CU0495,Michael Reynolds,Female,49,3742562175,adamkane@jenkinswhitehead.info,Danielmouth,Mature Adult
CU0496,Danielle Hines,Female,44,469166923635880,anita66@lewis.net,Bellshire,Mature Adult
CU0497,Veronica Jackson,Male,54,12292128584198,albertmann@hernandez.com,Sherryshire,Mature Adult
CU0498,Brittney Perry,Male,37,2155994200,ugreer@smith.com,Port Samanthabury,Adult
CU0499,Christian Mcpherson,Female,57,18705284924,dannyrivas@brandt.org,North Johnburgh,Mature Adult
CU0500,Marie Jordan,Female,52,727380377006121,kramerkathryn@hotmail.com,Port Dustinville,Mature Adult
CU0501,Paul May,Male,47,7399990340793,anthonyroberto@gmail.com,New Marcville,Mature Adult
CU0502,Kelly Simpson,Male,69,3398615960902,halemelissa@hotmail.com,West Juanbury,Senior Citizen
CU0503,John Massey,Male,58,6836238755,hamiltonjonathan@gmail.com,Douglasside,Mature Adult
CU0504,Jasmine Jenkins,Male,25,3288285460,middletonclaire@gmail.com,Brianview,Young Adult
CU0505,Tim Smith,Male,58,6630711439758,rfletcher@gmail.com,Paulberg,Mature Adult
CU0506,Emily Smith,Male,70,6637455792,jonathan32@campbell.com,Sheilaville,Senior Citizen
CU0507,Mallory Evans,Male,50,1494744268863500,julieortega@johnston.com,Andersonfurt,Mature Adult
CU0508,Mr. James Lopez,Male,46,9596735340,michael86@reynoldsclark.com,East Natashamouth,Mature Adult
CU0509,Maria Ortiz,Female,19,3453064444,rmaldonado@hotmail.com,South Isaacside,Young Adult
CU0510,Lori Stephens,Female,31,15951547389,lsmith@gmail.com,South Jennifer,Adult
CU0511,Joshua Nelson,Female,46,8643400491,petersentraci@gmail.com,West Ashleyport,Mature Adult
CU0512,Antonio Wiley,Male,39,9399034149,joy22@lewis.net,Christineview,Adult
CU0513,Misty Fowler,Male,66,172478143448627,sergiostokes@martin.com,Mcleanberg,Senior Citizen
CU0514,Sheri Brooks,Male,63,35323183188560,pamela81@gmail.com,Wendyburgh,Senior Citizen
CU0515,Ryan Richard,Male,32,8494561393,leekatie@yahoo.com,East Amandaville,Adult
CU0516,Renee Wagner,Male,69,12725728933,millercassandra@hotmail.com,Sheenabury,Senior Citizen
CU0517,Gary Pearson,Female,51,4132198030,powell@gmail.com,Whitechester,Mature Adult
CU0518,Joe Freeman,Male,24,4513547784039,boyernathaniel@martinezhopkins.org,Brendanside,Young Adult
CU0519,Angela Jones,Male,52,413791053145858,ywhite@edwardswright.info,North Aleandrashire,Mature Adult
CU0520,Cory Baird,Male,29,12777160350630,hlloyd@hotmail.com,East Steven,Young Adult
CU0521,Crystal Colon,Male,44,19493740975036,mbennett@hotmail.com,Burnetthaven,Mature Adult
CU0522,Theresa Rowe,Female,19,40485460655763,millersteven@gordon.info,Aleismouth,Young Adult
CU0523,Justin Davis,Male,18,3141320774,whitejustin@jimenez.com,West Thomas,Young Adult
CU0524,Christopher Phillips,Male,39,131589968525041,timothy36@yahoo.com,Angelaberg,Adult
CU0525,Theresa Warren,Female,32,8370925836,oayala@yahoo.com,Ramirezland,Adult
CU0526,Amy Larson,Female,32,3877932794,emiller@brownsmith.net,Colliermouth,Adult
CU0527,Jennifer Hernandez,Female,39,4059597902,ljohnson@gmail.com,East Ericmouth,Adult
CU0528,John Garcia,Female,23,707996501609,ncole@campbell.net,Heatherbury,Young Adult
CU0529,Cheryl Beck,Female,33,10670810070367,fmoore@kingjohnson.com,Moralesshire,Adult
CU0530,Mrs. Michele Flores,Female,45,24552491766749,julieparrish@baker.com,Millsfurt,Mature Adult
CU0531,Keith Hammond,Male,36,17204048291,qoconnor@yahoo.com,North Craighaven,Adult
CU0532,Nicole Miller,Male,60,176421432737270,wilsonandrew@hotmail.com,Ashleytown,Mature Adult
CU0533,William Sanchez,Female,62,8762547833,williewong@sandersmartin.com,East James,Senior Citizen
CU0534,Deborah Wilco,Female,44,5207059024429,rvasquez@cook.info,Stephanieville,Mature Adult
CU0535,Lisa Anderson,Male,59,3428517149750,andersondavid@neal.com,Lopezfurt,Mature Adult
CU0536,Kristen Brown,Female,42,27516493825534,ericbaker@yahoo.com,Johnstonberg,Mature Adult
CU0537,Latasha Murray,Male,59,4495870734,jilllopez@lee.com,Lake Bethany,Mature Adult
CU0538,Margaret Terry,Male,50,7247406368,briggsjuan@hahn.com,Dawsonberg,Mature Adult
CU0539,Eric Miller,Male,52,49053635080032,davisrebecca@duncan.com,Kennedyshire,Mature Adult
CU0540,Shannon Atkins,Male,40,525168511,lucas77@millerpowell.com,Lake Michael,Adult
CU0541,Lindsay Kennedy,Male,64,43211131084548,laurengomez@yahoo.com,Port Abigail,Senior Citizen
CU0542,Caitlin Ball,Male,19,278900800289077,cook@yahoo.com,North Andrew,Young Adult
CU0543,Andrew Odom,Female,65,934239770301975,bramirez@hotmail.com,North Kathleen,Senior Citizen
CU0544,Cathy Chase,Female,24,754550705161995,laura81@todd.net,Sherryville,Young Adult
CU0545,Brenda Graham MD,Female,57,7644876892,wlowery@leesnyder.com,Trevorbury,Mature Adult
CU0546,Jeffrey Hernandez,Male,45,7173390161,timothy26@perry.net,Kennethborough,Mature Adult
CU0547,Linda Esparza,Female,48,23551467362230,jennadickson@stewart.biz,Justinburgh,Mature Adult
CU0548,Thomas Clark,Female,20,19008996567757,brandon34@hotmail.com,East Melissa,Young Adult
CU0549,Diamond Christensen,Female,50,10744180662025,lammelissa@richmond.com,Connieside,Mature Adult
CU0550,Ashley Holt,Male,51,666439799091379,pameladelacruz@hotmail.com,Lake William,Mature Adult
CU0551,Edward Rogers,Male,48,116465187567900,dliu@gmail.com,Edwardburgh,Mature Adult
CU0552,Ashley Stafford,Male,45,993379312490,bauernicole@harveypark.com,Port Lisashire,Mature Adult
CU0553,Anthony Richardson,Male,48,19827625527,cervantesvernon@yahoo.com,Joshuamouth,Mature Adult
CU0554,Jennifer Bass,Female,29,1516487759,glenda24@yahoo.com,Lake Brian,Young Adult
CU0555,Mrs. Misty Young,Female,50,2928688435,robin50@pacehicks.com,South Claytonfurt,Mature Adult
CU0556,Joseph Vargas,Male,53,6704945524,elizabethchambers@gmail.com,Cynthiaview,Mature Adult
CU0557,Andrew Ward,Female,41,11404090444,thansen@gmail.com,South Seanberg,Mature Adult
CU0558,Jordan Higgins,Female,47,251932653158483,adamsamanda@yahoo.com,Heathershire,Mature Adult
CU0559,Brian Barrera,Male,26,12925190003,hammondchristine@kidd.com,Paultown,Young Adult
CU0560,William Moore,Female,26,3710935732,pbarnes@gmail.com,South Russellside,Young Adult
CU0561,Andrew Robles,Male,58,115676116984337,tcook@yahoo.com,Port Joseph,Mature Adult
CU0562,Joe Kemp,Male,24,2912821084546,christinethompson@yahoo.com,Bennettberg,Young Adult
CU0563,Sheila Fuller,Male,69,9670878972,eric81@hotmail.com,Mejiafurt,Senior Citizen
CU0564,Jake Bates,Male,60,88471756061852,francesvillanueva@jackson.com,Port Davidland,Mature Adult
CU0565,Jenna Lamb,Female,34,160469842886422,veronica89@barker.biz,Brandonbury,Adult
CU0566,Crystal Price,Male,58,824188810859753,kevinclay@rodriguezfoster.com,Marquezmouth,Mature Adult
CU0567,Natasha Krueger,Male,48,4987415181674,hcalderon@gmail.com,Jacobside,Mature Adult
CU0568,William Torres,Female,26,6733658223,wileykevin@jonesporter.com,South Davidstad,Young Adult
CU0569,Kristina Stark,Female,31,1846855132,rhonda66@anthonyward.com,Stevenside,Adult
CU0570,Paula King,Male,61,6115466153,jesse50@popejones.info,West Crystal,Senior Citizen
CU0571,Terry Wells,Female,27,2661590178,jennifer07@yahoo.com,West Margarettown,Young Adult
CU0572,John Pope,Female,19,141613885481519,jeffreyguerrero@hotmail.com,South Amyside,Young Adult
CU0573,Brandy Anderson,Male,61,954052461063059,ericadeleon@martinezevans.info,Lake Davidburgh,Senior Citizen
CU0574,Samantha Martinez,Female,34,837371555698518,kennethtrevino@hotmail.com,Jacobton,Adult
CU0575,James Armstrong,Female,35,19635394034,munozryan@mason.biz,Fordburgh,Adult
CU0576,Kayla Mcfarland,Male,68,536671137,silvaeric@hester.com,Longtown,Senior Citizen
CU0577,Gary Turner,Female,30,5723341246918,catherine04@yahoo.com,Palmerbury,Young Adult
CU0578,Gary Lawrence,Male,43,184894267984079,randygordon@yahoo.com,Port Kristen,Mature Adult
CU0579,William Morales,Male,53,244715996604499,amandaobrien@peterson.info,North Chadborough,Mature Adult
CU0580,Jessica Cole,Female,69,8548182661,michele49@gmail.com,Kellyshire,Senior Citizen
CU0581,Ashley Byrd,Female,27,8203830034,bgarcia@wigginssullivan.biz,Johnsonstad,Young Adult
CU0582,Karen Cooper,Male,48,4920148489561,qbryant@shannon.net,West Sarahmouth,Mature Adult
CU0583,Steven Mitchell,Female,20,757429261552737,pthomas@hotmail.com,South Courtneyshire,Young Adult
CU0584,Cathy Willis,Male,42,26647258339299,michael79@gmail.com,Austinfort,Mature Adult
CU0585,Kristin Owens,Female,32,5479770716304,vrobertson@harristurner.com,Norrischester,Adult
CU0586,Oscar Wood,Male,58,680164593590704,jose94@hughes.com,New Travisport,Mature Adult
CU0587,Charles Hicks,Male,67,6666031101,yburton@peters.info,Johnsonfurt,Senior Citizen
CU0588,Nicole Smith,Female,26,6306606759,jillschneider@smith.com,Port Stephanie,Young Adult
CU0589,Nicole Ferrell,Male,42,651767209,jherrera@hotmail.com,Kimberlyland,Mature Adult
CU0590,Timothy Robinson,Female,54,1186511553,mikecamacho@welch.org,Ashleyview,Mature Adult
CU0591,Manuel Logan,Male,21,166649096232034,andrewmiller@hotmail.com,West Debbie,Young Adult
CU0592,Sierra Hunt,Female,21,3818847072,zmoore@lewis.com,South Betty,Young Adult
CU0593,Kelsey Schmidt,Female,56,71317389534831,jacksondonald@robinsoncooper.com,New Michelle,Mature Adult
CU0594,Debbie Ramirez,Male,29,1141533549,michaelmeza@schroedernichols.info,Christinetown,Young Adult
CU0595,Jonathan Escobar,Male,36,7498437854,gwendolynsimmons@gray.com,New Josefurt,Adult
CU0596,Amy King,Male,48,6594776481,daniellejones@yahoo.com,North Charles,Mature Adult
CU0597,Jacob Owen,Male,49,6501684985,lauradillon@turner.org,Thompsonside,Mature Adult
CU0598,Peter Cochran,Female,60,9099423223,scott77@hotmail.com,Youngmouth,Mature Adult
CU0599,Tracy Murphy,Male,56,5686039731,jramirez@hotmail.com,East Brandon,Mature Adult
CU0600,Lisa Brown,Female,56,8808602819,hickspaul@gmail.com,South Joseph,Mature Adult
CU0601,Kenneth Anderson,Female,62,8366223540,reedjessica@yahoo.com,Deborahchester,Senior Citizen
CU0602,Wanda Rivera,Female,37,1777887851,millerjonathan@petersthompson.com,Tonyafort,Adult
CU0603,Marissa Hill,Female,31,677285686889910,jonruiz@vasquez.com,Harrisside,Adult
CU0604,Elizabeth Martinez,Female,28,7905822171260,jefferyhull@black.com,Seanville,Young Adult
CU0605,Annette Krause,Female,41,7324007404,brandon87@gmail.com,East Ericburgh,Mature Adult
CU0606,John Quinn,Female,30,3336494116230,victoria16@brownwalker.info,Port Scottland,Young Adult
CU0607,Christina Gross,Female,21,188874325726953,doughertyshelly@johnson.com,Alanburgh,Young Adult
CU0608,Rachel Flynn,Female,25,118041891130169,elizabethedwards@yahoo.com,Johnsonmouth,Young Adult
CU0609,Terri Walters,Female,56,75922532827083,joseph46@kim.com,South John,Mature Adult
CU0610,Mikayla Gallagher,Female,47,1591823647284430,hursttina@hotmail.com,Jamesfurt,Mature Adult
CU0611,Jennifer Velez,Female,43,1457419851561220,macdonaldtami@brown.info,North Joshua,Mature Adult
CU0612,Ruth Patterson,Female,58,173757983327276,sandovaltara@yahoo.com,Kevinville,Mature Adult
CU0613,Nicholas Vasquez,Female,22,1899063478661,agonzalez@yahoo.com,Jonesburgh,Young Adult
CU0614,Clarence Davis,Male,59,5364915178,jack57@yahoo.com,Mandyland,Mature Adult
CU0615,Nathan Kemp,Female,44,1670449288,brittany54@yahoo.com,South Marthaland,Mature Adult
CU0616,Leonard Wolf,Male,20,5699987706,tylerlee@smithbeasley.com,Devinborough,Young Adult
CU0617,Douglas Garrett,Female,22,152310516388012,markwong@yahoo.com,Anaport,Young Adult
CU0618,Jade Jimenez,Female,29,13544106320659,heatherho@santos.biz,Hollandfort,Young Adult
CU0619,Anthony Morse,Male,54,6271765484,brittany31@yahoo.com,Hernandezhaven,Mature Adult
CU0620,Tiffany Watkins,Male,65,156297356952727,willisadrian@hotmail.com,Taylorstad,Senior Citizen
CU0621,Casey Mclaughlin,Male,68,191997542101592,stephen21@gillespiewhite.biz,Robertview,Senior Citizen
CU0622,Amber Davis,Male,70,23088014273445,kathyberry@hotmail.com,South Stephanie,Senior Citizen
CU0623,Tara Mcknight,Male,53,257831447,daniellecooper@gmail.com,Bobbyfurt,Mature Adult
CU0624,Michael Dunlap,Female,51,1664547202556020,gatesbriana@wallskirby.com,North Melissa,Mature Adult
CU0625,Richard Wright,Female,63,1064408978,woodmark@yahoo.com,Samuelfort,Senior Citizen
CU0626,David Johnson,Male,37,101699826992497,knightsherri@gmail.com,Dawnmouth,Adult
CU0627,Larry Smith,Male,24,163586969131643,megan62@norton.net,North Heiditown,Young Adult
CU0628,Douglas Weber,Male,43,1817039306,paulco@thompson.com,Michellefort,Mature Adult
CU0629,Taylor Edwards,Male,36,9201391199771,amandawhite@castillo.com,West Maryport,Adult
CU0630,Tim Allen,Female,65,326565351458370,gregorywalker@yahoo.com,New Isaac,Senior Citizen
CU0631,Heather Hernandez,Female,34,1681566103238,francesperez@hotmail.com,Lake Meganmouth,Adult
CU0632,Diane Mcmillan,Male,40,3789422020,hherman@nelson.info,New Zoeview,Adult
CU0633,Robert Stone,Female,19,156350174298845,martinezbrandon@smith.com,Robersonland,Young Adult
CU0634,Wayne Martin,Male,18,71493000873811,williamavila@olsonramos.com,Melaniebury,Young Adult
CU0635,Jacqueline Reeves,Female,43,128560814572180,crystal89@murraybaker.net,New Jesse,Mature Adult
CU0636,Shirley Douglas,Male,61,293061172556480,cody40@hebert.com,Johnstad,Senior Citizen
CU0637,Thomas Young,Female,35,5975821560,qhaas@carter.com,East Thomas,Adult
CU0638,Thomas Diaz,Female,41,58898157772927,wheelerjulie@hotmail.com,New Elizabethfort,Mature Adult
CU0639,Adam Jones,Female,60,2022037223,matthewarcher@mckee.org,Sandersport,Mature Adult
CU0640,Aaron Bernard,Female,35,1038654212580,kennedyfrederick@gmail.com,Port Briannaview,Adult
CU0641,Shirley Oneal,Male,55,1300185133,lopezjenna@morgan.com,East Anthony,Mature Adult
CU0642,Stephanie Weber,Male,25,4580297311295,reyeschristopher@silva.com,Navarrofort,Young Adult
CU0643,Carol Wells,Female,20,53100188043904,jeffreybeck@waters.com,Markmouth,Young Adult
CU0644,Kathleen Scott,Female,48,3516482253304,tracygreen@gmail.com,Mckeetown,Mature Adult
CU0645,Taylor Johnson,Male,38,2566997737551,elizabeth99@hotmail.com,East Georgemouth,Adult
CU0646,Anna Warren,Female,39,13063368221376,lindseydean@lee.biz,New Rhonda,Adult
CU0647,Caitlin Wilson,Male,24,9816345703710,usoto@nguyenkim.org,South Karenfort,Young Adult
CU0648,Amy Garcia,Female,60,34904576902427,jennifer51@gmail.com,Michaelbury,Mature Adult
CU0649,Linda Wood,Female,60,34070140338629,eric09@gmail.com,North Timothyshire,Mature Adult
CU0650,Jeffery Lewis,Female,49,4555228805,chapmanjason@santos.com,Carlsonton,Mature Adult
CU0651,Diana Martin,Male,60,140179303925446,brettwilliams@yahoo.com,Cherylside,Mature Adult
CU0652,Jessica Johnston,Male,66,181703802802988,isanchez@yahoo.com,Marshallton,Senior Citizen
CU0653,Sonya Nguyen,Female,30,818979548793537,singletonjanet@gibson.org,Smithland,Young Adult
CU0654,John Campbell,Female,32,1150688094,brandon53@andersonpatel.com,Lake Ericfort,Adult
CU0655,Sara Hunter,Female,26,102408345286429,zcameron@yahoo.com,Port Saraland,Young Adult
CU0656,William Armstrong MD,Female,20,195169326783199,patrickparks@miller.net,Ronaldborough,Young Adult
CU0657,James Brown,Female,31,9221416013,joseph07@andersoncollier.net,North Justin,Adult
CU0658,Carol King,Male,67,161804527508488,gonzalezautumn@yahoo.com,Sandrafurt,Senior Citizen
CU0659,Melanie Griffin,Female,46,11519392369917,hendersonjanet@perez.info,Castillomouth,Mature Adult
CU0660,Jessica Hanson,Female,54,108627966964050,anthonysanchez@hotmail.com,Port William,Mature Adult
CU0661,Eric Snyder PhD,Male,54,65991748901289,smithconnie@oconnor.com,Courtneyhaven,Mature Adult
CU0662,Nicole Robinson,Male,41,142483904037717,anewton@woods.info,Port Chadview,Mature Adult
CU0663,Darrell Duncan,Male,55,178832466266269,alvarez@gmail.com,Lake Roberto,Mature Adult
CU0664,Rebecca Holmes,Male,48,7749942491,robert77@yahoo.com,West Charles,Mature Adult
CU0665,Thomas Lewis,Male,53,702119495024481,joneswesley@hotmail.com,New Katiechester,Mature Adult
CU0666,Tracy Mathis,Male,26,4549198263453,ann09@yahoo.com,Howardchester,Young Adult
CU0667,Veronica Ortega,Male,49,259512581,stephencaldwell@gmail.com,Ericshire,Mature Adult
CU0668,Melissa Davis,Male,59,813258428368,davidkelly@gmail.com,Davidfort,Mature Adult
CU0669,Willie Baker,Male,43,3465008730384,mariazamora@howe.com,New Megan,Mature Adult
CU0670,Nathaniel Mcneil,Female,39,1744039966,amberboone@ramirez.com,East Dennisberg,Adult
CU0671,Angela Smith,Male,31,3607364187,tonyaadams@webbcasey.info,Johnsonfurt,Adult
CU0672,Amanda Richards,Male,37,1538669879390,judycummings@gmail.com,Lake Michele,Adult
CU0673,Daniel Levine,Female,31,77658087608851,josephmyers@hotmail.com,New Shirleytown,Adult
CU0674,Luis Clark,Male,62,1035668797104810,shari83@cooper.com,East Stevemouth,Senior Citizen
CU0675,Heather Moore,Male,57,19806259297,mcook@yahoo.com,North Kathleenfurt,Mature Adult
CU0676,Sean Wallace,Female,66,18346143696439,cfrey@rosalesdion.com,Lake Juanborough,Senior Citizen
CU0677,Emily Vaughn,Female,18,1015087770299100,yphillips@yahoo.com,Arroyobury,Young Adult
CU0678,Theresa Neal,Female,33,1673183116406500,stephanieperry@hotmail.com,North Michaelbury,Adult
CU0679,Jeremy Kelly,Female,24,5216605454183,igraham@hotmail.com,Hoodbury,Young Adult
CU0680,Derek Smith,Male,40,11722285176,morganmawell@yahoo.com,Dianamouth,Adult
CU0681,Charles Travis,Male,35,690341037716091,fsanders@yahoo.com,South Ericshire,Adult
CU0682,Tiffany Palmer,Female,32,324168650475527,mendozalaura@beckermurphy.com,Estesburgh,Adult
CU0683,Michael Carrillo,Female,50,8366511235309,rebecca70@davis.com,East Scott,Mature Adult
CU0684,David Hudson,Male,61,456613077,khooper@gmail.com,North Nicholas,Senior Citizen
CU0685,Lisa Martin,Male,42,80302386973249,patrickhawkins@tuckercherry.com,Joshuamouth,Mature Adult
CU0686,Ashley Carpenter,Female,63,18824426,prodriguez@washington.info,Krystalport,Senior Citizen
CU0687,Michael Myers,Male,26,62000711659827,nwalters@yahoo.com,South Stephanieshire,Young Adult
CU0688,Elizabeth Daniels,Female,59,1179724312586250,shawnarroyo@campos.net,Stevenborough,Mature Adult
CU0689,Kyle Davis,Female,46,5934583706,michael95@gmail.com,Lewischester,Mature Adult
CU0690,Samantha Taylor,Female,70,85828909734963,smithmichelle@yahoo.com,South Felicia,Senior Citizen
CU0691,Paula Reid,Male,20,19053019627287,elizabethjensen@hotmail.com,Lake Kimberly,Young Adult
CU0692,Randy Smith,Female,20,657795134110217,patricia59@hotmail.com,New Stevenmouth,Young Adult
CU0693,Chad Smith,Female,64,176944154904323,johnhicks@camachotownsend.com,West Stephen,Senior Citizen
CU0694,Anthony Coleman,Male,36,5392535008,ijacobs@yahoo.com,Lake Justinmouth,Adult
CU0695,Wanda Ashley,Male,24,546053960653309,aliciaowen@yahoo.com,Lake Kyle,Young Adult
CU0696,Penny Torres MD,Female,46,132912351035471,reidryan@simon.biz,Raymondstad,Mature Adult
CU0697,Heidi Lewis,Female,31,12428246374786,christian65@hotmail.com,Lake Antoniomouth,Adult
CU0698,Mary Mason,Female,24,175241047272418,whitakeradam@gmail.com,West Paulamouth,Young Adult
CU0699,Roy Johnson,Male,59,11953062900,coreypierce@hotmail.com,Millerburgh,Mature Adult
CU0700,Jamie Hill,Female,54,42022487758599,vramsey@hotmail.com,Brownhaven,Mature Adult
CU0701,John Thompson,Female,44,7364580599,jeffrey94@conwayjones.com,South Joseph,Mature Adult
CU0702,Emily Mcmahon,Male,49,1564966831846720,stephanie29@yahoo.com,Daviesfurt,Mature Adult
CU0703,Jennifer Harvey,Male,35,419554248100618,theresaberger@hotmail.com,Port Davidhaven,Adult
CU0704,Valerie Barnes,Female,21,18371655029889,leonheather@hotmail.com,North Janet,Young Adult
CU0705,Manuel Henderson,Male,58,125201129211776,josephlopez@hotmail.com,New Judith,Mature Adult
CU0706,James Patterson,Male,56,8386053914,sara12@yahoo.com,Lake Marystad,Mature Adult
CU0707,Rachel Stewart,Male,55,16392508281645,williampalmer@collinsdorsey.info,Lake Aleander,Mature Adult
CU0708,Kristina Quinn,Male,55,153716861090625,jenniferking@jones.net,Reginaberg,Mature Adult
CU0709,Desiree Wright,Female,66,25595533958072,yhiggins@hotmail.com,Amandaview,Senior Citizen
CU0710,Lisa White,Female,50,5231250208212,dnelson@yahoo.com,North Tina,Mature Adult
CU0711,Amy Paul,Female,37,7233337294,nguyenrobert@gmail.com,Port Bryan,Adult
CU0712,Jennifer Hart,Male,45,129485613282259,mitchellbenjamin@guerrero.com,New Nicholas,Mature Adult
CU0713,Tricia Young,Female,30,514449205,terri15@parker.org,East Matthewhaven,Young Adult
CU0714,Danielle Lozano,Male,27,9777663521,bondrebecca@gmail.com,Owenview,Young Adult
CU0715,Kevin Ford,Male,33,7354149192,sherri23@gmail.com,Davidview,Adult
CU0716,Tara Marshall,Male,54,1217568550352,brendadavis@hotmail.com,Arroyostad,Mature Adult
CU0717,Angela Wolf,Female,63,11216875524,kim60@andrewsfaulkner.com,Lake Kellytown,Senior Citizen
CU0718,Allen Johnson,Female,57,898840804,ronaldwatkins@parker.biz,Edwardsview,Mature Adult
CU0719,Gabriel Martinez,Female,63,17852060514288,starkevelyn@yahoo.com,New Samanthaberg,Senior Citizen
CU0720,Michael Jackson,Female,42,1033294411880040,schroederalyssa@yahoo.com,Orrville,Mature Adult
CU0721,Kevin Mendez,Male,55,16084501199753,brian74@hotmail.com,Port Pamela,Mature Adult
CU0722,Susan Richardson,Male,57,43623257116481,jenniferlandry@yahoo.com,New Jessica,Mature Adult
CU0723,Sandra Campbell,Female,31,118595513104215,tamara63@yahoo.com,Sethburgh,Adult
CU0724,Lisa Moreno,Female,28,537694355043,tsullivan@baldwin.biz,East Dakota,Young Adult
CU0725,Lucas Martin,Female,38,49415905095269,kimdean@young.com,Melanieburgh,Adult
CU0726,Christina Tran,Male,31,42655618194737,mdrake@yahoo.com,Richardtown,Adult
CU0727,Edward Anderson,Male,56,231885977,rosedaniel@yahoo.com,North Kristyside,Mature Adult
CU0728,Courtney Foster DVM,Female,31,9924304736,matthew87@hotmail.com,Port Jonathan,Adult
CU0729,Robert Nguyen,Female,65,135402139736515,shelby22@gmail.com,East Brian,Senior Citizen
CU0730,Brooke Wilco,Male,39,18040059884070,esanchez@barrett.com,Martinshire,Adult
CU0731,Jacob Owens,Male,33,115348534334594,stephenhudson@hotmail.com,Ellentown,Adult
CU0732,Monica Co,Male,37,7054008559117,donna00@pierce.org,South Ryanmouth,Adult
CU0733,Doris Sullivan,Female,66,39202644899346,lunajames@yahoo.com,Whitehaven,Senior Citizen
CU0734,Brandon Odom,Female,49,7293749678,cheyenneandrews@mason.com,Port Christophermouth,Mature Adult
CU0735,Mary Curry,Male,56,1092437709390480,sabrinarussell@gmail.com,Guerreroshire,Mature Adult
CU0736,Mark Reed,Female,55,8442235902,bkim@gmail.com,Ryantown,Mature Adult
CU0737,Timothy George,Male,28,1656907523431250,johnsonanthony@hotmail.com,South Thomas,Young Adult
CU0738,Sharon Anderson,Male,62,1019296723582840,colesherri@mcdonald.net,Petersbury,Senior Citizen
CU0739,Cathy Lopez,Female,52,1537152763731420,masonparsons@yahoo.com,North Dana,Mature Adult
CU0740,Michele Rocha,Female,42,680296920,jessicawagner@bennettlloyd.com,Harveyland,Mature Adult
CU0741,Amanda Stout,Male,51,453713607401809,sandrarobinson@gmail.com,Richardmouth,Mature Adult
CU0742,Gina Lopez,Male,51,2621131671840,elizabeth44@wagner.com,West Kellyhaven,Mature Adult
CU0743,April Barton,Male,51,5110068215800,peterstafford@yahoo.com,Edwardsland,Mature Adult
CU0744,Richard Willis,Female,28,9140072788,taylor90@hotmail.com,Roberthaven,Young Adult
CU0745,Rhonda Burke,Female,42,521855245501937,robertwilliams@ruiz.biz,Paulborough,Mature Adult
CU0746,Mr. Mark Lynch Jr.,Male,37,3916674618,christian10@gmail.com,Brittanyland,Adult
CU0747,Lauren Stevenson,Male,34,83856907031271,amccormick@hotmail.com,South Matthew,Adult
CU0748,Terri Turner MD,Female,27,6006475288,hullashley@phillipssalazar.net,Port Roger,Young Adult
CU0749,Vanessa Spears,Female,58,18921944674,silvaerin@phillipsrivera.com,Jonathanhaven,Mature Adult
CU0750,Rebecca Howard,Male,62,6923146051,jennafarley@yahoo.com,North Anna,Senior Citizen
CU0751,Sharon Campbell,Male,28,9199773718852,stevensmatthew@yahoo.com,Rebeccamouth,Young Adult
CU0752,Zachary Harrison,Male,51,1818335244187520,shawn65@yahoo.com,Judyshire,Mature Adult
CU0753,Nicholas Washington,Female,20,7268346176638,steven44@woods.net,Hartmouth,Young Adult
CU0754,Cynthia Doyle,Female,55,59018547689193,pwarren@gmail.com,New Marcusbury,Mature Adult
CU0755,Bryan Hubbard,Female,31,2782062755017,qchan@davis.com,Lake Jasonchester,Adult
CU0756,Keith Harrison,Male,39,1188037932430050,maryholloway@gmail.com,North Richard,Adult
CU0757,Jill Jackson,Female,45,6424301505,ewagner@woodolsen.biz,Mooreberg,Mature Adult
CU0758,Tasha Grant,Female,42,12855592633,beckyzimmerman@hotmail.com,Micheleport,Mature Adult
CU0759,Hannah Vasquez,Male,58,13764173106845,stephen61@yahoo.com,New Amber,Mature Adult
CU0760,Catherine Farrell,Male,49,233380761606079,changshelia@yahoo.com,Hunterbury,Mature Adult
CU0761,Anthony Joseph,Female,65,3291268177,driley@smith.com,Williamsonfurt,Senior Citizen
CU0762,Ashley Jones,Female,49,169781076677756,ihall@mayo.com,East Brian,Mature Adult
CU0763,Brian Davis,Male,36,2339280435,vboyer@benton.biz,Sweeneyton,Adult
CU0764,Jose Co,Female,33,3673556949,dana11@elliott.net,New Margaretburgh,Adult
CU0765,Brandon Olson,Female,18,3756659507908,patrick02@hotmail.com,Smithfurt,Young Adult
CU0766,Ronald Smith,Female,54,128053879439662,brooke28@white.net,Kellershire,Mature Adult
CU0767,Michelle Ryan,Female,19,3780948024,andrehuber@yahoo.com,Karenstad,Young Adult
CU0768,Matthew Sawyer,Male,57,78379325519110,wadejustin@gmail.com,New Dustin,Mature Adult
CU0769,Marcus Walters,Male,70,5740403180,kristin26@hotmail.com,Rogersmouth,Senior Citizen
CU0770,Jessica Allen MD,Female,66,8415900602,gordon@ford.info,Port Jonathanfurt,Senior Citizen
CU0771,Steven Martinez,Male,50,15509041451648,mgates@gmail.com,South Robin,Mature Adult
CU0772,Bill Savage,Female,33,14992619700,fieldsrachel@hotmail.com,Andersonchester,Adult
CU0773,Jodi Esparza,Female,49,4832645305,milleremily@gmail.com,North Meganville,Mature Adult
CU0774,Hannah Mitchell,Female,60,18140067545,pamelanorton@wood.com,South Rebeccaburgh,Mature Adult
CU0775,Virginia Rice,Male,29,3397339964,mooneylogan@sullivanchambers.biz,East Jenniferchester,Young Adult
CU0776,Seth Stephens,Female,48,186169071125134,catherine35@oneal.com,South Jessicaview,Mature Adult
CU0777,Kevin Castillo,Female,28,160828197,angela46@peterson.com,Johnsonchester,Young Adult
CU0778,Mawell Olson,Female,26,3607209857,annette64@lynch.info,Josephhaven,Young Adult
CU0779,Melissa Singleton,Male,50,177286666367308,higginsstephanie@gmail.com,Matthewsville,Mature Adult
CU0780,Erica Adams,Male,24,16248254745,flemingshelby@yahoo.com,North Karaport,Young Adult
CU0781,Gerald Brown,Male,70,16848640499240,lking@yahoo.com,Robertstown,Senior Citizen
CU0782,Elizabeth Miller,Male,20,1391443923359770,robbinselizabeth@hotmail.com,New Amberfort,Young Adult
CU0783,Robin Norman,Female,37,123283762573133,stevenholt@burnettjohnson.com,Lake Johnville,Adult
CU0784,Walter Co,Male,24,680859006,cookleonard@brown.biz,East Julie,Young Adult
CU0785,Morgan Cook,Female,27,49578548675749,turnercody@lambertgibbs.com,Garrettville,Young Adult
CU0786,Elizabeth Rodriguez,Male,43,8825328233,bakerdana@yahoo.com,West Christopherburgh,Mature Adult
CU0787,Ryan Sutton,Male,54,12647093201360,david41@yahoo.com,Nicholsmouth,Mature Adult
CU0788,Christina Gilmore,Male,63,8763273139,plewis@gmail.com,Port Melissa,Senior Citizen
CU0789,John Holt,Male,19,5226845936,stacey65@smith.net,Port Veronicaburgh,Young Adult
CU0790,Cheryl Cross,Male,64,1171431958,georgegarrison@jones.org,New Emily,Senior Citizen
CU0791,Todd Morton,Male,60,610347497290070,christinehanson@hotmail.com,New Taylorside,Mature Adult
CU0792,Jeremy Dudley,Male,54,4260247820,darrell01@morrison.com,Lindaton,Mature Adult
CU0793,Leslie Rojas,Male,61,6593552038,edavis@claytonduffy.com,Carterfort,Senior Citizen
CU0794,Brian Dalton,Male,39,1955697277400,rogerscarly@hotmail.com,New Lori,Adult
CU0795,John Rowe,Male,42,5663499354526,betty15@yahoo.com,Markchester,Mature Adult
CU0796,Eric Mcguire,Male,68,3675255809,gjohnson@rodriguez.com,Lake Robert,Senior Citizen
CU0797,Mark Davis,Male,56,35888096728359,anthonyhenderson@jimenez.com,Bruceton,Mature Adult
CU0798,Dawn Freeman,Female,31,10528250623044,rhonda44@yahoo.com,West Cassandrabury,Adult
CU0799,Victor Kelly,Male,22,8394426185091,thomas01@gmail.com,Lake Susan,Young Adult
CU0800,April Patrick,Male,35,15784562466783,kyle05@chavezhill.com,Port Elizabethbury,Adult
CU0801,Mr. Jeffrey Carney,Female,63,26864759271514,lori23@smithpena.com,Hayesville,Senior Citizen
CU0802,Michelle Cook,Female,34,528072192,martinaustin@hotmail.com,New Sara,Adult
CU0803,Jason Robbins,Female,64,15759687030827,mcleankaren@kirby.net,Port Michael,Senior Citizen
CU0804,Jeffrey Rodriguez MD,Male,38,7761236891,donnamoore@perezbrooks.com,Nicholasport,Adult
CU0805,Travis Goodwin,Female,47,246442132276173,christinegross@hotmail.com,Chavezborough,Mature Adult
CU0806,Brian Black,Female,24,1445559721,douglas78@gmail.com,Watsonmouth,Young Adult
CU0807,Aaron Baker,Male,67,8998135845,ejohnson@gmail.com,Lake Tammystad,Senior Citizen
CU0808,Brian Stout,Male,56,1468859773033420,stephaniebryant@webbbarber.biz,North Ronald,Mature Adult
CU0809,Teresa Jackson,Male,59,15782802465343,perezisabel@henderson.biz,West Michelle,Mature Adult
CU0810,Ross Campbell,Female,45,3197984020,michaelmassey@hotmail.com,East Jenniferview,Mature Adult
CU0811,Jeffrey Hall,Male,57,7977684201464,elizabethdavenport@yahoo.com,Teresaburgh,Mature Adult
CU0812,Ryan Phillips,Female,50,2547007746,warrenlindsey@gmail.com,Jenniferfort,Mature Adult
CU0813,Reginald Chan,Male,50,14777613953799,lori91@hotmail.com,Lake John,Mature Adult
CU0814,Courtney Hawkins,Female,64,2419702150,kathryn85@gmail.com,Ryanchester,Senior Citizen
CU0815,Amanda Mendoza,Female,26,3863471911,cristina14@martinezcamacho.com,Port Michaela,Young Adult
CU0816,Jake Paul,Male,55,496304769703366,dschmidt@salazar.com,Julieville,Mature Adult
CU0817,Ale Turner,Male,43,13010898520,steven17@hotmail.com,West Donald,Mature Adult
CU0818,Kenneth Perez,Female,47,631308355570083,bethwright@hotmail.com,West Samuel,Mature Adult
CU0819,Andrea Costa,Male,39,4488482433,robertmaynard@guzman.com,Port Lawrence,Adult
CU0820,Randall Proctor,Male,30,13763028852,vcarter@holmes.com,Isaiahhaven,Young Adult
CU0821,Sandra Wallace,Female,64,11198720012519,zwebb@kelly.com,East David,Senior Citizen
CU0822,Benjamin Freeman,Male,30,1210995724,yguzman@hotmail.com,Brownbury,Young Adult
CU0823,Randall Arroyo,Female,22,57102217215428,george68@mathews.info,South Sherriborough,Young Adult
CU0824,Tracy Johnson,Female,33,617835323937822,jamesscott@cruzayers.net,Port Jeffhaven,Adult
CU0825,Samantha Martin,Male,66,14834761553,robert56@mccannfletcher.com,New Adamborough,Senior Citizen
CU0826,John Gaines,Male,51,59533561293140,deborah70@santiago.com,North Kurtbury,Mature Adult
CU0827,David Kennedy,Male,40,782279305684996,cheryltorres@gmail.com,South Frank,Adult
CU0828,Savannah Vasquez,Female,54,301702152094716,stephanie46@gmail.com,West Tonyaburgh,Mature Adult
CU0829,Sue Fisher,Male,50,3541905685032,pshort@ballard.com,Lake Mark,Mature Adult
CU0830,Karen Gates,Male,63,308267651532593,nathanhall@reyessimpson.info,East Brittany,Senior Citizen
CU0831,Brittany Moore,Female,68,105231512264065,msummers@gonzalezhamilton.com,Karenhaven,Senior Citizen
CU0832,Larry Brewer,Male,69,479965121214910,davidsawyer@yahoo.com,Port Evelynborough,Senior Citizen
CU0833,Kathy White,Male,56,19265617055,david55@hess.com,East Melissabury,Mature Adult
CU0834,Erica Anderson,Male,60,2716186342,johnsonmatthew@hotmail.com,South Jeffery,Mature Adult
CU0835,Stephen Rose,Female,28,6002065484,jason66@collier.com,Lake Michael,Young Adult
CU0836,Jennifer Colon,Female,24,10374935098272,abigailgomez@ward.com,Perezfurt,Young Adult
CU0837,Amanda Cannon,Female,46,81773661161203,tanyahubbard@kimjefferson.com,South Coltonport,Mature Adult
CU0838,Monica Brown,Male,66,106765334141044,brian08@gmail.com,Charlesborough,Senior Citizen
CU0839,Kathleen Freeman,Male,54,308484414,graylisa@wade.net,Brandonport,Mature Adult
CU0840,Cathy Russo,Female,67,5709215192,vcunningham@kaufman.com,Marshallside,Senior Citizen
CU0841,David Ingram,Male,52,8328806396,garrettcaldwell@pierce.net,New Garychester,Mature Adult
CU0842,William Wells,Male,18,8760495524,jamesrivera@yahoo.com,Simpsonmouth,Young Adult
CU0843,Melanie Edwards,Male,33,185839003435870,gonzalezpatrick@kiddmanning.com,Wardport,Adult
CU0844,John Madden,Female,21,18234054839,zvasquez@wang.info,Sabrinaberg,Young Adult
CU0845,Dr. Brandi Price,Female,50,16233066177431,april13@gmail.com,New Jennifermouth,Mature Adult
CU0846,Kristopher Walker,Male,37,71214137077834,christine13@ewing.com,West Hayley,Adult
CU0847,Nicole Melendez,Male,31,1392913753,shawcatherine@yahoo.com,Port Ashleyville,Adult
CU0848,Mary Mccann,Male,67,5480541913,angelica79@smithbrown.info,New Taylor,Senior Citizen
CU0849,Jason Ramirez,Female,58,1029088829,brandihodge@gmail.com,New Ryan,Mature Adult
CU0850,Richard Brown,Male,32,183060703534411,anna43@fullerparrish.com,Garciaport,Adult
CU0851,Mr. Aleander Williams,Female,38,349263732496524,jenniferfuller@cortez.biz,Lake Thomas,Adult
CU0852,Clinton Barajas,Female,33,5142963132,zbautista@yahoo.com,Rhodesfurt,Adult
CU0853,Christopher Young,Male,60,1552542153,christyhouston@yahoo.com,Maryburgh,Mature Adult
CU0854,Richard Velazquez,Male,22,1158509909,christianwilkins@yahoo.com,East Lori,Young Adult
CU0855,Erin Walton,Female,34,254675960046273,christina83@yahoo.com,Hollyton,Adult
CU0856,Elizabeth Lynn,Female,48,33469376103299,curtisbrianna@hotmail.com,South Yvette,Mature Adult
CU0857,David Suarez,Male,24,10526154574,randysmith@lewis.com,Lake Dawnton,Young Adult
CU0858,Antonio Farrell,Female,70,7588662193200,daviesdebra@petty.com,Smithville,Senior Citizen
CU0859,Robert White,Male,25,4661809900392,benjaminbryant@yahoo.com,Batesmouth,Young Adult
CU0860,Samantha Ward DVM,Male,24,1507580024,thomasmorrison@yahoo.com,New Elizabethmouth,Young Adult
CU0861,Victoria Price,Female,37,112445727234453,kno@yahoo.com,Smithfurt,Adult
CU0862,Andrew Barnes,Female,42,1814450061266740,robinsoncynthia@hotmail.com,Lake Jamesland,Mature Adult
CU0863,Catherine Hall,Female,58,1264416973649,newtonchristopher@kingbrown.com,Lake Sandrafort,Mature Adult
CU0864,Anthony Perez,Male,48,9943895036,allenwilliam@yahoo.com,Lake Rebeccachester,Mature Adult
CU0865,Amanda Anderson,Female,37,16529243105,amygamble@mitchell.com,Harrisonbury,Adult
CU0866,Victoria Garcia,Male,34,367970443708915,leahalvarez@gmail.com,New Randy,Adult
CU0867,Christopher Evans,Male,34,8532330668,kelleyashley@mendezmorales.com,Alyssachester,Adult
CU0868,Andrew Black,Female,46,8690371336,linda03@howardgregory.net,Bennettfurt,Mature Adult
CU0869,Karen Johnson,Female,44,5584075307,nunezdebra@hill.com,Port Aimee,Mature Adult
CU0870,David Manning,Male,30,416710449276448,millercynthia@nguyenharrington.com,Lake Jeffhaven,Young Adult
CU0871,Cory Ramirez,Female,68,195018649992459,bmiller@hotmail.com,Nicholetown,Senior Citizen
CU0872,Sheila Vazquez,Male,37,122074702340945,deannaburns@gmail.com,East Deborah,Adult
CU0873,Ryan Hardin,Female,54,155954991346923,nperez@johnsonfritz.com,Evanhaven,Mature Adult
CU0874,Daniel Hoffman,Male,66,148329843209753,fjones@hotmail.com,West Davidmouth,Senior Citizen
CU0875,Marissa Hoffman,Male,48,6537218286060,joshua10@conway.com,West Ebonyland,Mature Adult
CU0876,Vincent Hurley,Female,70,15057571800,washingtonchristina@hotmail.com,Lake Abigailbury,Senior Citizen
CU0877,Ryan Nichols,Female,44,12765363280936,amy38@hotmail.com,New Paul,Mature Adult
CU0878,Kathleen Cochran,Female,68,957427803544171,katrinadelacruz@sparks.com,Jonathonshire,Senior Citizen
CU0879,Zachary Evans,Female,52,75880274474157,michellecross@yahoo.com,North Donaldfurt,Mature Adult
CU0880,Whitney Sims,Female,56,14865139243014,dennislindsey@thompson.com,Chadchester,Mature Adult
CU0881,Michael Crawford,Male,68,732777473944638,fdavis@ramirezcisneros.info,East Christian,Senior Citizen
CU0882,Benjamin Smith,Male,33,5792645880,fdawson@stonebarnes.org,Grahamshire,Adult
CU0883,Lori Brown,Female,43,3428078481,isaiahibarra@hotmail.com,East Susan,Mature Adult
CU0884,Bobby Murray,Female,59,3434930023,heatherrivera@yahoo.com,Jimmyfurt,Mature Adult
CU0885,Kenneth Lee,Female,37,7458823397552,joshuabauer@yahoo.com,New Shanemouth,Adult
CU0886,Robert Lewis,Male,26,1046617069,aaron42@gmail.com,New Darrell,Young Adult
CU0887,Beverly Mckay,Male,61,59913046295524,jaymoreno@gmail.com,Lake Kathleen,Senior Citizen
CU0888,Matthew Phillips,Male,33,59002256299315,lewisjulie@hotmail.com,Nguyenfort,Adult
CU0889,Edward Kelly,Female,37,12172957474207,roberttran@hotmail.com,West David,Adult
CU0890,David Lin,Male,29,859112333,pamelawarner@williamswhite.info,West Spencer,Young Adult
CU0891,Jaime Chan,Male,19,10833507851966,michaelgomez@hotmail.com,North Jason,Young Adult
CU0892,Jason Thomas,Female,29,4206395954,john87@campbell.info,Brandonville,Young Adult
CU0893,David Rodriguez,Male,25,3024568554734,victormorgan@taylorkelly.com,North Jessicaport,Young Adult
CU0894,Eric Thornton,Female,46,1456993113,tiffany94@bennett.info,Tonyville,Mature Adult
CU0895,Mark Jones,Female,48,14835741556,aleanderhogan@gmail.com,Coryshire,Mature Adult
CU0896,Lisa Everett,Female,25,2076395765,davisjesse@gmail.com,Lake Luke,Young Adult
CU0897,Bryan Lester,Female,53,387976503,ilee@petersonmyers.com,North Ashleyberg,Mature Adult
CU0898,Roger Cruz,Female,31,3455101075233,amber61@thompsonlee.info,West Christopherbury,Adult
CU0899,Suzanne Holmes,Male,33,229173943746893,kellysandra@yahoo.com,West Elijahhaven,Adult
CU0900,Kristina Cisneros,Female,57,376595493228210,yserrano@chang.org,West Elaineside,Mature Adult
CU0901,Erica Sampson,Male,50,1876993820570560,victorferguson@goodwin.biz,East Steven,Mature Adult
CU0902,Linda Juarez DDS,Female,40,8972827636,hartkelly@gomezross.com,Laramouth,Adult
CU0903,Mario Martinez,Male,19,8745405344,vhill@bowmanhooper.com,New Sandra,Young Adult
CU0904,Jesse Thornton,Female,64,121944889901305,davismelissa@sandershernandez.info,Powellchester,Senior Citizen
CU0905,Shelby Bryan,Female,35,326788953752825,bhenderson@gmail.com,Port Ashley,Adult
CU0906,Brenda Fernandez,Female,57,15152804835623,michelle27@hotmail.com,Powersfurt,Mature Adult
CU0907,Eddie Singh,Male,37,7124815601,sonya74@yahoo.com,Morrisstad,Adult
CU0908,Deborah Edwards,Female,61,7497653603,james91@francisco.com,Wallerchester,Senior Citizen
CU0909,Joseph Nichols,Male,57,933996065592374,gillespiemisty@dillon.com,Karenton,Mature Adult
CU0910,Lindsey Brooks,Male,65,1138330322392430,megan67@nguyen.com,Port Heatherland,Senior Citizen
CU0911,James Mendoza,Male,54,12858781515384,jenniferhernandez@yahoo.com,Port Patrickchester,Mature Adult
CU0912,Jennifer Vaughn,Female,18,4145931361707,dmullins@anderson.com,Port Austin,Young Adult
CU0913,Jamie Carlson,Female,36,17807598095298,jeffrey19@hensley.com,Lake Marc,Adult
CU0914,Sabrina Thompson,Female,29,295312615173976,nblack@nion.com,South Sharon,Young Adult
CU0915,Evan Smith,Male,58,1964180994108130,mcleanmichelle@moore.biz,Michaelchester,Mature Adult
CU0916,Erica Guzman,Male,56,1121024172392,renee11@blake.net,East Kristin,Mature Adult
CU0917,Ann Brewer,Female,47,1132749480814260,melanieshepherd@woods.com,Port Charlesstad,Mature Adult
CU0918,Michael Hernandez,Female,51,250741735,stewartteresa@bradshaw.com,Markstad,Mature Adult
CU0919,Stacey Stone,Male,52,6974406251308,hrogers@chan.com,Marcoborough,Mature Adult
CU0920,Jeremiah Welch,Female,56,114643355396052,ryan46@hotmail.com,Deniseport,Mature Adult
CU0921,Craig Curtis,Male,63,58295733079284,bowencassandra@navarroroth.com,New Heidiberg,Senior Citizen
CU0922,Edwin Clark,Female,52,7450821194,hrodriguez@carey.com,Ambermouth,Mature Adult
CU0923,Michael Fowler,Female,58,7966794869789,stonechristopher@meyer.com,West Crystalberg,Mature Adult
CU0924,Christina Jones,Female,52,5147736524,brianmason@fowler.org,Barryburgh,Mature Adult
CU0925,Brad Davis,Male,26,17985766997440,kylejohnson@hoffman.com,Port Linda,Young Adult
CU0926,Dr. Lori Jefferson,Female,64,1763779016866570,ashlee51@gmail.com,Lindaborough,Senior Citizen
CU0927,Haley Mendoza,Male,45,1606866953070150,herreraalison@hotmail.com,Michaelhaven,Mature Adult
CU0928,Michael Anderson,Male,64,20863509271014,uhendricks@gmail.com,Williammouth,Senior Citizen
CU0929,Joshua Bernard,Male,37,52013621,davidlarson@santana.com,Port Kimberly,Adult
CU0930,Richard Hinton,Male,45,6554784765,pmiller@hotmail.com,West Brianville,Mature Adult
CU0931,Timothy Watkins,Male,60,246619863878897,qmorrison@yahoo.com,Audreystad,Mature Adult
CU0932,Gail Kim,Female,28,6870968292,kimberlyross@williams.net,Eduardoville,Young Adult
CU0933,Stacey Drake,Male,43,43619542446486,rmorse@yahoo.com,Welchtown,Mature Adult
CU0934,Gary Lee,Male,41,13914190084549,gabriel19@martinezjackson.net,Melissaborough,Mature Adult
CU0935,Sabrina Cooper,Female,31,8916345978,derrick12@harrison.com,Mccartyfort,Adult
CU0936,Omar Nielsen,Male,64,2970532492318,cynthiascott@huffmanphillips.com,Lake Rebecca,Senior Citizen
CU0937,Clarence Rubio,Female,46,7260901587,faithking@gmail.com,Gonzalesshire,Mature Adult
CU0938,Kenneth Co,Male,44,501778870694931,deleonjoel@torresrichardson.org,Jonesstad,Mature Adult
CU0939,Anna Thompson,Male,61,65289619016631,cookbarbara@perezsmith.biz,North Francisshire,Senior Citizen
CU0940,John Smith,Male,43,1276857571,michaelbrown@boltonmoore.com,Nicholasburgh,Mature Adult
CU0941,Carolyn Stone,Male,44,199628030913235,heatherrusso@hotmail.com,Lake Karen,Mature Adult
CU0942,Christine Williams,Female,43,6940814312954,james93@yahoo.com,Gregoryport,Mature Adult
CU0943,Rebecca Benjamin,Male,63,1306357028,huynhelizabeth@rodriguez.com,Grayberg,Senior Citizen
CU0944,Lindsay Burns,Female,35,198634834372085,joanspears@smith.net,South Jason,Adult
CU0945,Julie Cannon,Female,39,108961834585341,eturner@laranelson.biz,Carpenterview,Adult
CU0946,Luis Gillespie,Male,67,49509820806004,larrywilson@yahoo.com,Lake Colleen,Senior Citizen
CU0947,Johnny Weeks,Male,30,51551132022615,clarenceterry@lambertstewart.biz,North Thomasport,Young Adult
CU0948,Alec Buck,Female,19,3159696067799,oavery@hotmail.com,Roberttown,Young Adult
CU0949,Jessica Allison,Male,53,17778264706197,terri30@yahoo.com,Lisafurt,Mature Adult
CU0950,Bailey Phillips,Female,39,5634476869112,jasminejohnson@yahoo.com,East Diana,Adult
CU0951,Jessica Baker,Male,61,194447942826893,robert00@stephensvelasquez.com,New Javierhaven,Senior Citizen
CU0952,Pamela Moreno,Male,45,1251868086478640,rcochran@gonzalez.info,New Julie,Mature Adult
CU0953,Eric Johnson,Male,26,18413072497388,gthomas@hotmail.com,Housetown,Young Adult
CU0954,Michelle Hernandez,Male,44,9515997275,keith90@hotmail.com,Salazarmouth,Mature Adult
CU0955,Sean Vega,Male,59,73143323465134,cynthiajones@hernandez.com,Port Kenneth,Mature Adult
CU0956,Brandi Blevins,Female,60,14504783983,ngamble@hotmail.com,Port Jennifer,Mature Adult
CU0957,Megan Larson,Male,28,116774911301864,ftaylor@hotmail.com,East Jaredborough,Young Adult
CU0958,Vanessa Miller,Male,25,6932716910,piercerobert@vazquez.com,Kingborough,Young Adult
CU0959,Sabrina Palmer,Male,31,1816990148947,williamstimothy@jackson.info,East Sarah,Adult
CU0960,Miss Cindy Martinez,Female,41,152663655084124,ovilla@yahoo.com,Myersside,Mature Adult
CU0961,Terry Moore,Male,33,15246279032984,whughes@miles.com,Amandaton,Adult
CU0962,Andrea Price,Male,51,5348174945,houstonmichael@sloan.com,Patriciachester,Mature Adult
CU0963,Erik Watson,Male,36,16396528381,kimmunoz@yahoo.com,Melissaside,Adult
CU0964,Barbara Henry,Male,61,54580750588774,eashley@bondmartin.com,New April,Senior Citizen
CU0965,Gerald Nichols,Male,44,2684702574145,sandragraham@hotmail.com,New Kimberlyview,Mature Adult
CU0966,Victor Mccall,Male,24,3143410783051,owood@millerroach.com,West Matthew,Young Adult
CU0967,Christine Long,Female,24,19303136764,sueayala@page.com,Dawnburgh,Young Adult
CU0968,Martha Sanchez,Female,67,14373673062836,angela15@turner.com,Sharpchester,Senior Citizen
CU0969,Dennis Palmer,Female,47,87777393856929,delgadochristian@gmail.com,East Pamela,Mature Adult
CU0970,David Anderson,Male,30,8599173854739,frios@gmail.com,South Ralph,Young Adult
CU0971,Kristen Perry,Female,63,143509120753781,andrewseton@williams.info,Davisberg,Senior Citizen
CU0972,William Huynh,Male,45,80735972750059,kimkelly@berry.com,East Kathrynport,Mature Adult
CU0973,Steven Prince,Male,19,886637017,jamiehouston@yahoo.com,Amytown,Young Adult
CU0974,Jasmine Mcintyre,Male,59,184886742097141,dmartinez@hotmail.com,North Larry,Mature Adult
CU0975,Amber Butler,Male,18,9081579556,zstanley@meyer.net,Port Angelaberg,Young Adult
CU0976,Emily Mccarthy,Female,57,170498184999355,eric49@smiththompson.org,East Kent,Mature Adult
CU0977,Keith White,Male,48,430516260007917,jhowe@shepardjohnson.info,East Mariamouth,Mature Adult
CU0978,Marilyn Crosby,Female,66,2851835262,berrywilliam@yahoo.com,North Daniel,Senior Citizen
CU0979,Diana Brown,Male,42,5201216888,robert99@yahoo.com,Bookerstad,Mature Adult
CU0980,Jennifer Nelson,Male,61,9447255760,holly78@reyes.com,Romeroville,Senior Citizen
CU0981,Bobby Watson,Female,47,19893567364,tina10@hotmail.com,Lake Kimberly,Mature Adult
CU0982,Gary Gonzalez,Male,61,114221910278576,laurie85@gmail.com,Lake Laura,Senior Citizen
CU0983,Teresa Hodges,Female,37,79533182085122,millersusan@yahoo.com,New Robert,Adult
CU0984,Kelsey Mitchell,Female,62,149940551998375,qbrooks@gmail.com,Jacksonport,Senior Citizen
CU0985,Jason Lawrence,Male,55,7682314888,gonzaleztyler@gmail.com,New Cynthiafort,Mature Adult
CU0986,Christopher Jackson,Female,21,2723173039,serickson@boyer.com,East Kendraville,Young Adult
CU0987,Brandon Stewart,Male,37,1024782234894660,jessica64@gmail.com,Port Nicole,Adult
CU0988,Jesus Wolfe,Male,54,32585147103688,lgarcia@hotmail.com,Ashleyland,Mature Adult
CU0989,Connie Richard,Male,30,9808095462,courtney99@hotmail.com,South Barbarahaven,Young Adult
CU0990,Omar Sullivan,Female,24,6391864327559,kjimenez@hotmail.com,Stewartton,Young Adult
CU0991,Stephen Hall,Male,50,320939360913012,jeremiahrussell@hotmail.com,New Julie,Mature Adult
CU0992,Dr. Randy Santana MD,Male,62,14595211958711,alicia89@yahoo.com,East Charles,Senior Citizen
CU0993,Debra Mills,Male,26,265506533,lopezmatthew@yahoo.com,Jasonbury,Young Adult
CU0994,Jonathon White,Female,20,639182747563969,devans@smith.info,South Sarahborough,Young Adult
CU0995,Mark Smith,Male,36,6410610289,andreameadows@gmail.com,East Deborahburgh,Adult
CU0996,Lindsey Brown,Female,21,1637393385647570,brownkaren@gmail.com,South Lisa,Young Adult
CU0997,Vincent Guzman,Female,43,63539900321948,andradeemily@gmail.com,South Allen,Mature Adult
CU0998,Jeffrey Berger,Male,60,359236473,cco@gmail.com,South Amyfort,Mature Adult
CU0999,Amanda King,Female,50,13408332835445,donaldtate@moore.com,Priceville,Mature Adult
CU1000,Gary Rivera,Female,36,515574354844762,robinsonandre@hotmail.com,Josephburgh,Adult
CU1001,Tony Estrada,Female,46,958377150527,ericknight@gmail.com,South Maryburgh,Mature Adult
CU1002,Kyle Co,Female,36,79897759375,edwardsdestiny@miller.org,Port Haileyside,Adult
CU1003,Timothy West,Female,48,282347582868483,bmejia@allenwilliams.com,New Cynthia,Mature Adult
CU1004,Melissa Woodward,Female,42,8846890168,tonilee@flemingferguson.com,West Zacharyport,Mature Adult
CU1005,Kimberly Morales,Male,58,274633872626376,aboone@yahoo.com,Lake Zacharystad,Mature Adult
CU1006,Kimberly Owens,Female,19,6509289556589,jasminhorton@coleman.biz,East Emmaport,Young Adult
CU1007,Tracy Roach,Female,63,14250687713988,lindsay33@neal.com,Sullivanland,Senior Citizen
CU1008,Christine Anderson,Male,45,406863957091203,rberry@chapmanperry.com,Lake Jamesfurt,Mature Adult
CU1009,Michael Smith,Male,52,972086150,igarza@williams.net,Juanburgh,Mature Adult
CU1010,Patrick Reed,Female,69,98822431728059,morganronald@hotmail.com,Thompsonport,Senior Citizen
CU1011,Teresa Turner,Female,41,1914724008040950,elliottapril@harrisonyoung.com,West Joemouth,Mature Adult
CU1012,Wayne Lang,Female,41,9680424961,davisstephanie@yahoo.com,Josephstad,Mature Adult
CU1013,Lauren Johnson,Male,38,17277483892317,erodriguez@yahoo.com,New Nicholasview,Adult
CU1014,Katie Ryan,Female,47,8196213986539,victoria12@gmail.com,Lake Sonyaborough,Mature Adult
CU1015,Jeremy Bennett Jr.,Female,18,4756491660429,arnold@yahoo.com,Port Kristen,Young Adult
CU1016,Mary Brooks,Female,42,9574696557,kevinfernandez@gmail.com,South Shawn,Mature Adult
CU1017,Kimberly Wright,Male,26,11986687751104,miguelsanders@hotmail.com,Moralesbury,Young Adult
CU1018,Veronica Clark,Female,43,5273755722516,jessicagomez@gutierrez.biz,Lake Veronica,Mature Adult
CU1019,Matthew Allen,Male,47,92133400426678,traceyguerrero@gmail.com,West Alyssahaven,Mature Adult
CU1020,Christina Martin,Female,20,14892427758260,adams@yahoo.com,Lake Russellshire,Young Adult
CU1021,Lisa Mcgee,Male,35,761088174681037,mmoyer@walkerroberts.com,New Angel,Adult
CU1022,Matthew Dunlap,Female,33,11459148981777,justinford@pope.com,South Michael,Adult
CU1023,Terri Hampton,Male,31,122236841153376,anthonyhouston@gmail.com,North Joshua,Adult
CU1024,Rachel Pena,Female,21,212519595,pageeric@toddanthony.com,Jontown,Young Adult
CU1025,Kevin Simmons,Male,40,5751560304,tammy88@thompsonduncan.biz,Lake Michaelborough,Adult
CU1026,Dr. Catherine Miles,Female,67,222138551979714,figueroasteven@gmail.com,South David,Senior Citizen
CU1027,Jessica Thomas,Female,62,504382631,woodnathaniel@hotmail.com,Sierrastad,Senior Citizen
CU1028,Dawn Carter,Female,70,109721740638246,qdunn@nelsonavery.info,Lake Williamfurt,Senior Citizen
CU1029,Anthony Richmond,Male,65,1498452012705920,zsmith@gmail.com,South Albertfort,Senior Citizen
CU1030,Adam Bell,Male,48,101680421,davidperkins@robinsonfernandez.com,East Zachary,Mature Adult
CU1031,John Williams,Male,47,5358612344,rosesamantha@floydjohnson.com,North Timothytown,Mature Adult
CU1032,Kristine Turner,Male,28,469385603745825,ericvega@parker.net,Jenniferland,Young Adult
CU1033,Joseph Roberson,Female,62,1884100571,kdiaz@yahoo.com,Cummingsland,Senior Citizen
CU1034,Christopher Ruiz,Female,33,78797157978564,bianca52@yahoo.com,New Rebecca,Adult
CU1035,Christopher Parks,Female,23,7153703219277,gregoryjohn@yahoo.com,Port Rogermouth,Young Adult
CU1036,Amber Santiago,Female,41,7137818395,gomezmargaret@goodwinbarber.net,Boylefort,Mature Adult
CU1037,Krystal Yu,Male,54,19415307379,navarrochristopher@gmail.com,Port Dalton,Mature Adult
CU1038,Rachel Christensen,Male,23,1644589634,cynthiamoon@gonzalez.com,New Michael,Young Adult
CU1039,Patrick Garner,Male,39,106773713377719,kingbrenda@hotmail.com,New Erin,Adult
CU1040,Russell Reynolds,Male,66,4361863295340,josephvictoria@gmail.com,West Lisabury,Senior Citizen
CU1041,Nicole Cooper,Male,26,9135661763,cbrown@williams.biz,Port Melissa,Young Adult
CU1042,Michael Shelton,Male,44,76718479987774,johnjacobs@maldonadowilliams.net,North Angelaberg,Mature Adult
CU1043,Jacqueline Hill,Female,23,13873855901,alicia28@allen.net,East Jenniferstad,Young Adult
CU1044,Christopher Garcia,Female,57,13028464951232,david43@wrightbarker.biz,Josephside,Mature Adult
CU1045,Sarah Payne,Male,68,18587104526,fross@berry.com,Lake Rebecca,Senior Citizen
CU1046,George Hicks,Male,62,82409826109569,elizabeth70@gmail.com,Heidiport,Senior Citizen
CU1047,Michael Marsh,Male,42,12373870883716,david83@yahoo.com,East Nicholas,Mature Adult
CU1048,Donald Sellers,Male,29,13967119507548,jasonmarshall@serrano.biz,Mccartybury,Young Adult
CU1049,Joyce Martin,Female,37,6547442105,david49@gmail.com,North Lydiaville,Adult
CU1050,Erin Camacho,Female,57,192901873787011,nathan38@short.com,East Markton,Mature Adult
CU1051,Eric Hayes,Male,29,51787144820943,bmitchell@gmail.com,Jenniferland,Young Adult
CU1052,Priscilla Trevino,Male,19,8145740352009,robertsaustin@yahoo.com,Campbellshire,Young Adult
CU1053,Troy Fitzgerald,Female,44,9792832622,yesenia09@torres.com,Scottstad,Mature Adult
CU1054,Jon Shaffer,Female,56,1874077211,amyterrell@strickland.com,Pedroland,Mature Adult
CU1055,Travis Davila,Female,28,663929566117914,utorres@yahoo.com,Jessicachester,Young Adult
CU1056,Jay Gutierrez,Female,57,1325915438,bryan62@yahoo.com,Weaverport,Mature Adult
CU1057,George Pacheco,Female,24,52295703906318,raven16@beckcarlson.biz,South Brianna,Young Adult
CU1058,Aaron Rodriguez,Male,35,1746060199,mcdowellvalerie@gmail.com,Ethanborough,Adult
CU1059,Karen Wagner,Male,58,5152814203,kevin76@hotmail.com,New Belindaville,Mature Adult
CU1060,Edward Clark,Female,30,102840949665119,torressherry@castro.biz,Robinside,Young Adult
CU1061,Natalie Hayes,Female,57,1788244559,irose@deleonfisher.com,Robertostad,Mature Adult
CU1062,Richard Li,Male,65,11729733728,lori70@salinas.com,Lindaville,Senior Citizen
CU1063,Eric Mitchell,Male,26,10247843329851,lisalevy@yahoo.com,Marilynview,Young Adult
CU1064,Shannon Waters,Male,47,1974004651,katierobinson@hotmail.com,Martinezmouth,Mature Adult
CU1065,Pamela Mckinney,Male,41,1888966102080740,stephanie54@gmail.com,Jacksonborough,Mature Adult
CU1066,Kim Wheeler,Female,24,1060168440145000,hendersonvincent@hotmail.com,North Karinaton,Young Adult
CU1067,Barbara Hill,Male,27,827307278,guzmananna@gmail.com,Cassidyfurt,Young Adult
CU1068,Edward Velasquez,Male,20,920646226392392,ostanley@hall.com,Ryanview,Young Adult
CU1069,Samuel Davis,Male,42,9062559305,frankrichmond@hotmail.com,East Richard,Mature Adult
CU1070,Richard Pierce,Male,43,1513701419,cheath@olsonpadilla.com,South Jennifer,Mature Adult
CU1071,Darrell Day,Female,48,4042717987,jenniferpatel@yahoo.com,Port Vicki,Mature Adult
CU1072,Bruce Smith,Male,64,4593896290930,kaitlyn91@brownibarra.com,Gonzalezmouth,Senior Citizen
CU1073,Michelle Co,Male,66,5709143085,lisa66@smith.org,New Kathryn,Senior Citizen
CU1074,Kristin Johnson,Female,23,12806477289913,jessecarroll@hernandez.net,West Nicholasburgh,Young Adult
CU1075,Tracey Bowers,Male,54,182264274,rachelstanley@gmail.com,Gutierrezport,Mature Adult
CU1076,Paul Anderson,Male,61,135636106083219,psmith@gmail.com,Pughshire,Senior Citizen
CU1077,Mr. John Lewis,Female,34,1867011379583690,davidbryant@parkerrodriguez.net,New Jordan,Adult
CU1078,Michelle Johnson,Male,50,5845891274,smarsh@yahoo.com,South Markville,Mature Adult
CU1079,Michael Carroll,Male,67,10726423573482,sandra14@hotmail.com,Brendaside,Senior Citizen
CU1080,Yvonne Davis,Male,41,7832863409,berrylori@hotmail.com,Craigshire,Mature Adult
CU1081,Paige Jones,Female,43,17855901825,angelpatton@yahoo.com,Sarahport,Mature Adult
CU1082,Charles Gonzalez,Female,64,27031115944671,batessara@yahoo.com,Christinastad,Senior Citizen
CU1083,Elizabeth Thomas,Male,33,9386114600,qkim@hotmail.com,North Donaldland,Adult
CU1084,Mr. Juan Jackson,Female,60,1486592596138430,kerry88@yahoo.com,Hansonville,Mature Adult
CU1085,Benjamin Weaver,Male,52,91055436515986,browncarmen@adams.com,Kellybury,Mature Adult
CU1086,Robert Peters,Female,51,2322543027,woodsdavid@lopezmorris.com,Leeshire,Mature Adult
CU1087,James Bridges,Male,49,7672322647513,jacobnichols@kim.biz,New Russellhaven,Mature Adult
CU1088,Elizabeth Gonzalez,Male,37,3009921861062,nicholas87@hartmancherry.com,Kevinview,Adult
CU1089,Terry Abbott,Male,66,10280611697367,mendozawilliam@martinburton.com,Wrightview,Senior Citizen
CU1090,Tammy Cruz,Female,37,1004874638671570,torresashley@smith.net,Jennifertown,Adult
CU1091,Nicole Peterson,Female,30,23535312164421,jamesdudley@smith.org,Davisshire,Young Adult
CU1092,Courtney Randall,Male,49,956086857576898,martin72@yahoo.com,Fisherfurt,Mature Adult
CU1093,Jeffrey Hooper,Male,20,8422650082198,rsullivan@montgomery.info,Lake Matthew,Young Adult
CU1094,Sara Mclaughlin,Female,52,1837537333203540,ndominguez@hotmail.com,East Willieview,Mature Adult
CU1095,James Bruce,Male,67,4573688638,fletcheramy@yahoo.com,North William,Senior Citizen
CU1096,Tammy Thompson,Male,24,176022823245009,jesselucas@yahoo.com,East Robertmouth,Young Adult
CU1097,Tamara Johnson,Female,27,177697679,georgebarry@crawford.info,Port Kellyborough,Young Adult
CU1098,James Miller DVM,Female,40,135027525273105,ephillips@yangtran.org,Jasmineshire,Adult
CU1099,Angelica Vargas,Female,67,859384902093046,tina03@yahoo.com,Brianchester,Senior Citizen
CU1100,Margaret Hammond,Male,45,7350406752,smithadam@johnsonmeyer.org,Riversbury,Mature Adult
CU1101,Jake Smith,Female,61,9679084235,pamelaroberts@allenlee.net,Mayside,Senior Citizen
CU1102,Caleb Fisher,Female,38,3578302020123,mary36@gmail.com,South Phyllis,Adult
CU1103,Michelle Smith,Male,61,6809326470,michaelunderwood@yahoo.com,East Jillborough,Senior Citizen
CU1104,Marilyn Sutton,Male,19,3390570676,arellanosuzanne@collier.com,Lake Frances,Young Adult
CU1105,Joshua Perez,Male,51,64829107347791,bgibson@hotmail.com,Benjaminview,Mature Adult
CU1106,Tara Taylor,Female,26,17224790562,thompsonbrandon@chandlerstevenson.com,Patrickburgh,Young Adult
CU1107,Robin Atkinson,Female,42,125177821208850,jodi71@yahoo.com,Blakefort,Mature Adult
CU1108,Tommy Moore,Male,18,160772241401707,gmoody@yahoo.com,Sharonhaven,Young Adult
CU1109,Melissa Jones,Female,60,3682432382,adam09@richards.com,East Joshua,Mature Adult
CU1110,Rebecca Dominguez,Male,43,99673031758813,lisamason@hotmail.com,New Anthonyport,Mature Adult
CU1111,Vanessa Williams,Female,29,682383687932180,enelson@campbell.com,South Marissahaven,Young Adult
CU1112,Charles Hanna,Female,67,94236708234276,richard04@yahoo.com,Port Stephanieside,Senior Citizen
CU1113,Gary Adams,Female,45,5782189677216,kevinjackson@hotmail.com,Jamestown,Mature Adult
CU1114,Denise Price,Male,55,1339338684988930,johnsonkaren@jenkinscunningham.info,Bridgetburgh,Mature Adult
CU1115,Tracy Turner,Male,43,172458754301002,tammy73@hotmail.com,East Robertberg,Mature Adult
CU1116,Ashley Estrada,Female,45,6344678527,paynebrenda@butler.info,North Timothytown,Mature Adult
CU1117,Victoria Espinoza,Male,68,81703551346417,robindean@hotmail.com,West Williammouth,Senior Citizen
CU1118,Alyssa Gray,Female,45,1009085459963030,melissa19@hawkinsreynolds.com,New Jennifermouth,Mature Adult
CU1119,James Meadows,Female,32,18919882464156,patricia38@yahoo.com,Davischester,Adult
CU1120,Larry Shea,Male,66,911608024,duncanjillian@yahoo.com,Tylerside,Senior Citizen
CU1121,Joseph Franklin,Female,52,8309293254817,ovasquez@mccarthyluna.com,South Markville,Mature Adult
CU1122,Christina Ward,Male,70,811384905032647,sheilajohnson@adams.com,Jonside,Senior Citizen
CU1123,Anna Wilson,Female,39,13353288489,wendy17@gmail.com,Tamarahaven,Adult
CU1124,Stephanie Martinez,Female,50,4778982926648,darrell11@hotmail.com,Hughesborough,Mature Adult
CU1125,Anna Craig,Male,30,8741585632,james50@yahoo.com,North James,Young Adult
CU1126,Lawrence Miller,Female,29,996968501801581,johnsonsamantha@reyes.com,Petersonmouth,Young Adult
CU1127,Austin Brown,Male,52,1142518497514920,morganbaker@yahoo.com,Lake Amandaside,Mature Adult
CU1128,Mr. Justin Cameron,Male,57,9412774051,qjames@watsonjohnson.org,Carrollton,Mature Adult
CU1129,Louis Turner,Female,43,1276458752,ashley67@wilkerson.com,Port Jeanetteview,Mature Adult
CU1130,Juan Stanley,Female,48,963914167454445,richardsonshelby@coleman.org,East Markfort,Mature Adult
CU1131,Edward Black,Female,60,88081080395213,jamesmorgan@yahoo.com,Natashastad,Mature Adult
CU1132,Jamie Duncan,Female,26,2869895964299,howetammy@cochrankramer.com,West Loriland,Young Adult
CU1133,Ian Bailey,Female,32,15191469234220,mcleanjamie@hayes.com,West Elizabethshire,Adult
CU1134,Cheryl Foster,Female,25,65251120959597,lukebarber@morales.biz,South Anita,Young Adult
CU1135,Henry Warren,Male,56,1222773834,wilsongregory@gmail.com,Staceyport,Mature Adult
CU1136,Teresa Martinez,Male,45,253829590,benjaminthomas@bentleycolon.com,Atkinsonport,Mature Adult
CU1137,Scott Hoffman,Female,19,8102671686,collin20@gmail.com,Johnsonhaven,Young Adult
CU1138,Shawn George,Female,26,148665443722591,smithanna@hotmail.com,Johnsonfort,Young Adult
CU1139,Danielle Moore,Male,61,520108988633282,aleislee@hotmail.com,East Dustin,Senior Citizen
CU1140,Jennifer Greene,Female,63,320313833431,annette12@wilson.com,Sarahstad,Senior Citizen
CU1141,Brittany Davenport,Male,68,2193767263,macktravis@hotmail.com,Lake Michael,Senior Citizen
CU1142,Kevin Brown,Female,39,145353171409976,jilllee@ballalvarez.com,Stephenside,Adult
CU1143,Dale Jacobson,Male,63,1615665926789990,wmartinez@yahoo.com,South Jessicaburgh,Senior Citizen
CU1144,Jeff Carter,Female,70,6256087186,michael74@gmail.com,New Carlyview,Senior Citizen
CU1145,Susan Williams,Male,32,9078947683912,gomezsusan@gould.com,New Michaelhaven,Adult
CU1146,Danielle Gutierrez,Female,39,6768673709684,kevinestes@hotmail.com,Noahfort,Adult
CU1147,Stephanie Walton,Female,43,6718712700600,garciajohn@johnson.com,Popebury,Mature Adult
CU1148,Stephanie Smith,Male,64,712491014406885,mariabradshaw@hotmail.com,West Lisamouth,Senior Citizen
CU1149,Stephen Brooks,Female,43,13533778099,murphywilliam@yahoo.com,Lake Bruce,Mature Adult
CU1150,Thomas Morgan,Male,38,14724475583460,millerwanda@reidmckinney.com,New Melissaport,Adult
CU1151,Carl Smith,Male,57,4275151017,sprice@deckergoodman.com,Fullerville,Mature Adult
CU1152,Phillip Arroyo,Male,21,17653245622,ericlarson@gmail.com,Villarrealland,Young Adult
CU1153,Jacqueline Wood,Female,26,1166661055,roy31@gmail.com,Lake Ryanville,Young Adult
CU1154,Jamie Pace,Female,47,6813388336,hardyjanet@gmail.com,Elizabethborough,Mature Adult
CU1155,Jennifer Hernandez,Male,39,2209268473,nunezcynthia@gmail.com,Heathertown,Adult
CU1156,Matthew Smith,Male,50,17873275217,sophia14@phillipsherrera.com,North Betty,Mature Adult
CU1157,Patrick Cook,Male,24,5668067261661,qlee@gmail.com,Lake Rebecca,Young Adult
CU1158,Vickie Hernandez,Male,42,1580766036376380,goodmanwayne@gmail.com,South Kevinburgh,Mature Adult
CU1159,Lisa Johnson,Female,65,1615890910,kelleydaniel@yahoo.com,Melissaland,Senior Citizen
CU1160,Kelly Henry,Female,61,79225629518365,robert22@mckee.org,Elizabethview,Senior Citizen
CU1161,Stephanie Flores DDS,Male,33,56429428304766,ashleymyers@patterson.com,South Daniel,Adult
CU1162,Kelsey Wright,Male,50,64980199074927,maryholt@sloan.biz,Jenniferfort,Mature Adult
CU1163,James Nion,Male,69,6478762301175,adam56@james.com,Lake Kaitlynchester,Senior Citizen
CU1164,Daniel Reed,Female,33,18461196316736,simpsontiffany@gmail.com,East Reginald,Adult
CU1165,Julia Bater,Male,41,89948317965289,michael43@woodward.net,West Katieside,Mature Adult
CU1166,Bryan Cooley,Female,47,14696279682,lynchjeffrey@brown.com,North Jesse,Mature Adult
CU1167,Jay Jones,Male,42,7487058995,blanchardcasey@yahoo.com,Garciastad,Mature Adult
CU1168,Bruce Jacobs,Male,23,723147323380136,mejiacynthia@graywagner.biz,West Brandonfort,Young Adult
CU1169,Ricky Sanchez,Male,32,504374950705868,raymond63@herreralee.com,Manuelstad,Adult
CU1170,James Carey,Female,49,3741057310,fisherbonnie@harvey.biz,Barbaratown,Mature Adult
CU1171,Jason Gamble DDS,Female,19,428248317,monica38@yahoo.com,New Amy,Young Adult
CU1172,Rachel Hartman,Male,47,107843645,gwilliams@hotmail.com,Josephport,Mature Adult
CU1173,Kristen Wood,Male,41,11947107345452,ogriffin@yahoo.com,South Nathanielside,Mature Adult
CU1174,Mr. William Baker,Male,63,6281926310,kimberly21@hotmail.com,Jasonport,Senior Citizen
CU1175,Benjamin Santiago,Female,28,9366816660,mcdowelljennifer@willis.com,Lake Eric,Young Adult
CU1176,Brett Solis,Female,51,26033919777551,jamessmith@gmail.com,Nicoletown,Mature Adult
CU1177,Jeffrey Weaver,Male,63,5779971969374,crystaljefferson@green.info,Williambury,Senior Citizen
CU1178,Henry Wolfe,Female,25,2224660719,newmanscott@valdez.com,Laurachester,Young Adult
CU1179,Patrick Weber,Male,49,943494646580592,jill23@henderson.com,Monicafurt,Mature Adult
CU1180,Corey Nelson,Female,39,155240597266006,williamspatrick@gmail.com,Port Alison,Adult
CU1181,Brandi Mueller,Female,29,995816791265862,cjohnson@peterson.net,Jamestown,Young Adult
CU1182,Tyler Stevenson,Female,59,17361958354,simpsonmelissa@gmail.com,Stoutborough,Mature Adult
CU1183,Jacob Cantrell,Female,54,3474982911346,tjohnson@yahoo.com,North Kevintown,Mature Adult
CU1184,Ashley Jackson,Female,59,6316404832,onorman@landry.info,East Kyleton,Mature Adult
CU1185,Stephanie Stevens,Female,20,4382705371,dsilva@hallabbott.net,West Danielleberg,Young Adult
CU1186,Tammy Benjamin,Male,61,3935391144,smithlaura@yahoo.com,West Chelseaton,Senior Citizen
CU1187,Chelsea Hall,Male,41,1757672256,chenry@yahoo.com,East David,Mature Adult
CU1188,Brittany Holt,Male,35,2703154854,rodriguezkelsey@yahoo.com,South Karihaven,Adult
CU1189,Kim Whitaker,Female,62,18303622073148,garciaandrea@hotmail.com,Lynchstad,Senior Citizen
CU1190,John Taylor,Male,65,88457387880088,neil18@ballarddavis.net,Knappchester,Senior Citizen
CU1191,Janice Ortiz,Male,53,120096908565664,michael34@hotmail.com,Port Jonathan,Mature Adult
CU1192,James Sanchez,Female,19,8262835675,egray@gmail.com,Lake David,Young Adult
CU1193,James Smith,Male,57,1297186555384630,hayesmichele@hotmail.com,Freemanshire,Mature Adult
CU1194,Doris Boone,Female,35,715576066804612,nmorris@daniels.com,Port Michaelview,Adult
CU1195,Matthew Figueroa,Female,46,751710941,kenneth90@gmail.com,South Anthonyfort,Mature Adult
CU1196,Jason Brown,Male,22,4428522395,courtney44@gmail.com,South Christopher,Young Adult
CU1197,Mrs. Michelle Williams,Male,47,3403543864,aleis70@gmail.com,Amberbury,Mature Adult
CU1198,Todd Blake,Male,70,213986390025767,perrymary@guerrero.org,Margaretshire,Senior Citizen
CU1199,Alyssa Owens,Female,25,932475318,dale79@boyle.com,South Kathryn,Young Adult
CU1200,Ryan Wilco,Male,43,350539663548943,kristina45@holland.biz,Leeland,Mature Adult
CU1201,Aleander Collins,Male,21,1932334654359160,hogansabrina@khan.net,Katherinetown,Young Adult
CU1202,Bryan Watkins,Female,20,2413152449,selena46@martinfernandez.com,Coleville,Young Adult
CU1203,Maureen Pratt,Female,25,3276113130,dannymendoza@gmail.com,Port Michellestad,Young Adult
CU1204,Dakota Garcia,Male,37,17348235519076,kwatts@bishop.com,Port Aleis,Adult
CU1205,Robert Jackson,Female,41,494945880141755,wallacetyler@fo.com,Stevenstad,Mature Adult
CU1206,Richard Robertson,Male,22,670449876201249,ihale@yahoo.com,North Christopherhaven,Young Adult
CU1207,David Myers,Female,67,1118294851028310,jose01@allen.com,South Sarastad,Senior Citizen
CU1208,Raymond Collins,Male,27,9097018309,gabrielaconway@rodriguezdavis.com,Stanleyborough,Young Adult
CU1209,Jennifer Mclean,Male,47,16410610057,ochoarussell@yahoo.com,Paulview,Mature Adult
CU1210,Robert Norton,Male,61,511929925,lopezchristina@carter.biz,West Chad,Senior Citizen
CU1211,James Co,Female,48,9815537075406,desireerodriguez@yahoo.com,Wilsonville,Mature Adult
CU1212,Tiffany Cunningham,Female,50,8267011746,jennifermccormick@chengray.info,Lake Tylerbury,Mature Adult
CU1213,Patrick Anderson,Female,46,23100935355849,jamie99@jordan.com,Lucashaven,Mature Adult
CU1214,Michael Crawford,Female,63,1022726572483930,carsonemily@watkins.com,Cindyberg,Senior Citizen
CU1215,John West,Male,35,3523433154690,judy17@yahoo.com,Douglaschester,Adult
CU1216,Denise Whitney,Male,52,18133351653,grahamangela@murray.biz,Marshallchester,Mature Adult
CU1217,Laura Cochran,Female,38,119758250113230,johnwillis@collins.com,Greenview,Adult
CU1218,Mary Obrien,Female,34,107228547192589,jacksonnicholas@williamsheath.info,Hillbury,Adult
CU1219,Amy King,Male,60,1300970426452750,christophergutierrez@macdonald.com,New Amandashire,Mature Adult
CU1220,Joshua Johnson,Male,67,505767680847515,yjacobs@graham.org,Lake Loriport,Senior Citizen
CU1221,Kevin Simmons,Female,40,15989174465904,rfoley@jenkins.com,Kimhaven,Adult
CU1222,Wayne Francis,Female,56,9956363012,cameronmyers@hotmail.com,Newmanhaven,Mature Adult
CU1223,Carlos Gross,Female,61,189416946614150,buchanancourtney@gmail.com,Port Ronaldhaven,Senior Citizen
CU1224,Roger Hodges,Male,25,174733379523856,rsantiago@hardy.com,Smithmouth,Young Adult
CU1225,Melissa Harris,Female,65,724901886,davidhogan@ramos.com,Kathleenborough,Senior Citizen
CU1226,Cameron Delgado,Male,33,7526096490,sarahweber@gmail.com,Hortonside,Adult
CU1227,Shaun Camacho,Male,37,864188587987239,dariusaustin@yahoo.com,Michaelmouth,Adult
CU1228,Philip Williams,Female,63,19243648387099,johnrichards@yahoo.com,Caitlinfurt,Senior Citizen
CU1229,Albert Martin,Male,27,1881542451,yesenia32@gmail.com,West Cynthiamouth,Young Adult
CU1230,Matthew Parker,Female,44,7581084120,millerdanielle@hotmail.com,Port Joseport,Mature Adult
CU1231,Robert Smith,Female,48,1210399824098990,williamscharles@cochran.net,West Leonard,Mature Adult
CU1232,Jeanne Davis,Female,67,1286967749387140,cannonsusan@everett.org,Zavalatown,Senior Citizen
CU1233,Jessica Moreno,Male,45,1819468100417630,robert29@smith.com,South Joseph,Mature Adult
CU1234,Theresa Howard,Male,30,217126889036987,smithluke@gmail.com,Danielleshire,Young Adult
CU1235,Scott Dyer,Male,28,8448340864,gsalazar@hotmail.com,Lake Benjamin,Young Adult
CU1236,Juan Murray,Male,43,72983580876201,snichols@yahoo.com,Johnsonton,Mature Adult
CU1237,Cristina Armstrong,Male,65,5628179490,kennethhughes@gmail.com,Kellyhaven,Senior Citizen
CU1238,Brandon Cole,Female,28,3433938607,barnettdustin@blackgross.com,Lake Stevenhaven,Young Adult
CU1239,Anthony Bailey,Female,68,670339292081860,brandon55@hotmail.com,North Jamesside,Senior Citizen
CU1240,Jeffery Luna,Male,65,103298162783679,anthony98@yahoo.com,Allisonmouth,Senior Citizen
CU1241,Valerie Harris,Female,70,8289902303830,owenslisa@gmail.com,Doughertychester,Senior Citizen
CU1242,Thomas Cruz,Male,70,701899874390807,graylisa@hotmail.com,West Jonathan,Senior Citizen
CU1243,Jeremy Barnett,Male,31,84881803505088,christophersandoval@yahoo.com,Danielton,Adult
CU1244,Maria Woodard,Male,30,5820993661,cheryl70@masonjohnson.biz,Jamesbury,Young Adult
CU1245,Leslie Jefferson,Female,34,652084403,carolyn21@gray.com,Bakermouth,Adult
CU1246,Kelly Brown,Female,57,17988753894033,zstrong@gmail.com,Middletonfort,Mature Adult
CU1247,John Stein,Female,20,14583517462742,michele94@yahoo.com,Lake Shannon,Young Adult
CU1248,Kaitlyn Salazar,Female,29,18494161407287,lsimmons@johnsonfuentes.com,Tracimouth,Young Adult
CU1249,Chris Willis,Male,18,66061617298572,reneewright@hotmail.com,Nicholasmouth,Young Adult
CU1250,Leah Arellano,Male,58,15980136087019,patricia92@harrisonbarton.com,Adamsport,Mature Adult
CU1251,Melissa Banks,Female,70,802099369,chandler@yahoo.com,West James,Senior Citizen
CU1252,Todd Walls,Male,53,1841393958345620,stephen27@gmail.com,Brownton,Mature Adult
CU1253,Mary Evans,Female,35,8480533225,autumnsmith@fitzgerald.com,East Robert,Adult
CU1254,Ashley Smith,Female,29,10482655962,kristinabates@wise.com,West Renee,Young Adult
CU1255,Kayla Dion,Male,54,13613268842,kathrynwilliams@ross.info,North Kristinburgh,Mature Adult
CU1256,Jason Lee,Female,40,132000370189646,zsmith@wilson.com,New Anthonyhaven,Adult
CU1257,Mr. Bryan Barrett,Male,26,132353149395483,lgould@yahoo.com,Hernandezport,Young Adult
CU1258,Taylor Terry,Male,20,8998496568,kimberlymartinez@perkinshardy.com,North Brandon,Young Adult
CU1259,Joshua Walker,Female,26,1819463250,richard43@hernandez.com,New Patrickville,Young Adult
CU1260,Andrea Wyatt,Female,22,5868037587,brandon61@hotmail.com,East Robinstad,Young Adult
CU1261,Brian Simpson,Female,57,40213840862396,llin@floresarcher.info,West Thomas,Mature Adult
CU1262,Adrian Hernandez,Male,59,154708147494470,danielandrew@hotmail.com,Jessicamouth,Mature Adult
CU1263,Brian Reed,Female,48,1289995376584840,bpage@yahoo.com,Wrightport,Mature Adult
CU1264,Nicholas Cline,Male,27,108080073907028,amartinez@rodriguezbrown.biz,Jonathanton,Young Adult
CU1265,Mark Mcconnell DVM,Female,70,1952057373,amy50@gmail.com,Cynthialand,Senior Citizen
CU1266,Melissa Brown DDS,Female,70,1659848489240250,dominique73@yahoo.com,East Shellybury,Senior Citizen
CU1267,Ashley Richard,Female,31,272132088927709,jenniferrosales@hall.info,Amandafurt,Adult
CU1268,Jessica Hall,Female,42,7943710044,tarastone@ellis.biz,South John,Mature Adult
CU1269,Miss Carolyn Khan,Female,53,153059143196842,acoleman@gmail.com,Lake Heather,Mature Adult
CU1270,John Simmons,Female,30,1372950365602830,samuelharding@cummings.com,South Kristineton,Young Adult
CU1271,Theresa Watts,Female,63,4167117944,cruzjill@hotmail.com,Brentberg,Senior Citizen
CU1272,Tiffany Lee,Male,64,194963631252007,qaguilar@simmons.com,Moraleshaven,Senior Citizen
CU1273,Christopher Smith,Male,59,4749091041027,esparzatheodore@mcdonalddelgado.net,Deborahside,Mature Adult
CU1274,Brady Price,Male,22,6698501303,bcarroll@johnson.com,Matthewsland,Young Adult
CU1275,Gabrielle Gilbert,Male,26,1221113826889760,kiddchad@hotmail.com,Susanfort,Young Adult
CU1276,Trevor Garcia,Female,58,131300727557360,erin98@gmail.com,New Randy,Mature Adult
CU1277,Robert Coleman,Male,49,463119899771624,twilson@gmail.com,Lake Jefferymouth,Mature Adult
CU1278,Lindsey Garza,Female,61,4797777994,mcbridebrian@yahoo.com,South Allison,Senior Citizen
CU1279,Lori Fernandez,Female,57,19558491466048,huffmanmark@clark.com,Port Sheliafurt,Mature Adult
CU1280,Katrina Parsons,Male,59,1949342668,aleander85@nelsonmccarthy.com,East Sean,Mature Adult
CU1281,Hannah Henson,Female,46,4864272007,ibutler@hernandez.org,Port Christopher,Mature Adult
CU1282,Michelle Walker,Male,22,8817243741,khayes@yahoo.com,Susanland,Young Adult
CU1283,Matthew Kennedy,Female,24,75151741497031,robertfo@harrisonsmith.org,Vanessamouth,Young Adult
CU1284,Debra Spence,Female,66,10059630402691,rachelowens@yahoo.com,Waltersburgh,Senior Citizen
CU1285,Erik George,Male,48,986829061705739,seanlewis@gmail.com,East Rodney,Mature Adult
CU1286,David Schroeder,Female,68,3849724795,nwalker@yahoo.com,West Jesus,Senior Citizen
CU1287,Yvonne Rowe,Female,45,3579060764,jeffreyharris@gmail.com,Jorgeshire,Mature Adult
CU1288,Yesenia Jenkins,Male,32,25095159166696,ashleygarcia@meyer.biz,Thomasport,Adult
CU1289,Kelly Parker,Female,40,926940493,derrick16@sweeneyjackson.org,Williamfurt,Adult
CU1290,Jessica Flowers,Male,20,2720010729,hawkinsdeborah@green.com,Christopherberg,Young Adult
CU1291,Antonio Huang,Male,64,78854947100252,bruce49@limccoy.biz,Sarahton,Senior Citizen
CU1292,Hannah Jones,Male,60,1539806437,matthewbowen@yahoo.com,North Crystal,Mature Adult
CU1293,Emily Martinez,Male,51,112226234379299,nicholeclark@yahoo.com,South Robertofurt,Mature Adult
CU1294,Victoria Smith,Male,27,9829660092,hroberson@salazar.biz,Port Markfurt,Young Adult
CU1295,Debra Smith,Male,59,62590418264720,maldonadojoseph@wiggins.info,Thomasborough,Mature Adult
CU1296,Timothy Sampson,Male,48,8122545880,christopherreynolds@smith.com,South Robert,Mature Adult
CU1297,Nancy Berry,Male,52,6625495174,ralph96@gmail.com,Brownberg,Mature Adult
CU1298,Paul Curry,Male,19,9943485761,amy31@acosta.org,Crystalberg,Young Adult
CU1299,Mitchell Wilson,Male,52,15034108146,stephenwebb@hotmail.com,Geraldton,Mature Adult
CU1300,Kayla Owens,Female,32,7466308474119,wilkinsnancy@turner.com,Port Allisonport,Adult
CU1301,Jeffrey Page,Male,57,8456309184323,jreed@gmail.com,West Ericfurt,Mature Adult
CU1302,Eric Mcmahon,Female,54,175762559384462,maryburns@yahoo.com,Beanside,Mature Adult
CU1303,Katherine Silva,Male,64,9175307507,ray@yahoo.com,Lake Kimberlyberg,Senior Citizen
CU1304,Brittany Thompson,Male,40,4690268032,veronica33@holmes.org,Ryanside,Adult
CU1305,Mariah Kim,Female,54,7322855789039,littlezoe@millerescobar.com,New Mistyfurt,Mature Adult
CU1306,Yolanda Haynes,Female,62,14344770702530,lloydlaura@smith.com,Tarachester,Senior Citizen
CU1307,Patrick Conrad,Male,26,1615337541197280,thompsonjeffrey@hotmail.com,North Jason,Young Adult
CU1308,Dustin Pollard,Male,38,207442727487218,mark36@hotmail.com,Deckerville,Adult
CU1309,Jennifer Jackson,Male,36,7057656135,daniel60@yahoo.com,South Jerry,Adult
CU1310,Shawn Donovan,Male,61,2498723639,martingrace@hamilton.com,South Betty,Senior Citizen
CU1311,Erica Harris,Female,68,4756285932,jeffery38@hubbard.com,Marshallburgh,Senior Citizen
CU1312,Jamie Meyer,Male,53,152167610504162,thomasruben@gmail.com,Abbottton,Mature Adult
CU1313,Kenneth Cain,Female,33,1693167938,olin@yahoo.com,Deckerhaven,Adult
CU1314,Carl Woods,Male,70,425846013723579,davidreyes@knohansen.com,West Jesse,Senior Citizen
CU1315,Scott Grant,Male,53,177720989833714,whitenathan@hotmail.com,Jasontown,Mature Adult
CU1316,Destiny Frederick,Male,50,7933295894,ncarter@yahoo.com,Maryton,Mature Adult
CU1317,Laura Hardin,Male,34,3101216781750,megan51@hotmail.com,New Leeville,Adult
CU1318,Mark White MD,Female,60,5830085769,hendersonbrian@yahoo.com,New Dorothyton,Mature Adult
CU1319,Jennifer Williams,Male,45,9066751473,cmckee@hodge.com,Youngshire,Mature Adult
CU1320,Lori Graham,Male,51,2217506156,sherri58@gmail.com,New Amandaburgh,Mature Adult
CU1321,James Rocha,Female,65,9385736611,lopezantonio@stevens.com,Mariaberg,Senior Citizen
CU1322,Derek Gonzalez,Female,52,8052098371,ross@yahoo.com,West Gregory,Mature Adult
CU1323,John Morrison,Male,31,93175169518895,rodriguezgregory@yahoo.com,West Jose,Adult
CU1324,Bryan Bush,Female,33,1581937399825380,john02@harris.com,Townsendhaven,Adult
CU1325,Teresa Ramirez,Male,41,5139520015,jlee@yahoo.com,Robertsstad,Mature Adult
CU1326,Taylor Lewis,Male,62,196866072790387,vasquezrichard@vaughan.com,Gomezville,Senior Citizen
CU1327,Thomas Mckinney,Female,58,198182225001104,rrogers@nelson.com,Bakershire,Mature Adult
CU1328,Russell Thompson,Male,36,90337239656523,april33@gmail.com,Harrisstad,Adult
CU1329,Sara Wolfe,Male,65,4516250174,brian85@whitneybarton.info,Meganville,Senior Citizen
CU1330,Craig Richards,Male,65,1742686036389410,bmartin@hotmail.com,Kevinland,Senior Citizen
CU1331,Chris Barnes,Male,61,9338666121,kgonzalez@piercewallace.com,West Williamberg,Senior Citizen
CU1332,Leah Hart,Male,43,106637565954013,hmassey@gmail.com,Berryfort,Mature Adult
CU1333,Jeff Sanchez,Female,56,1485785793,curryhenry@yahoo.com,Henryburgh,Mature Adult
CU1334,Joan Harris,Male,67,7680076509,brentford@yahoo.com,Collinston,Senior Citizen
CU1335,Patrick Boyle,Female,21,359618094598443,leslie55@henry.com,Huntmouth,Young Adult
CU1336,William Fernandez,Female,43,1608003101613970,anareese@wilsonwolf.net,Michaelside,Mature Adult
CU1337,Bridget Simpson,Male,18,8440935983,conwaycarol@carroll.com,Jenniferburgh,Young Adult
CU1338,Melissa Davis,Female,58,8794494056,watsoncharles@gmail.com,Smithfort,Mature Adult
CU1339,Mary Cervantes,Male,49,19341135290,wjohnson@jennings.com,North Jeffrey,Mature Adult
CU1340,Colleen Miller,Female,47,1313581207491270,qquinn@hotmail.com,Johnsonborough,Mature Adult
CU1341,Pamela White,Male,52,9409670084,jasonbautista@hotmail.com,Boydbury,Mature Adult
CU1342,Benjamin Todd,Female,56,3380029299,dannylucas@shawweber.com,North Michael,Mature Adult
CU1343,John Gonzalez,Male,21,8586917410514,david85@chambersspencer.com,Elliottbury,Young Adult
CU1344,Anthony Carr,Male,22,174279931161401,christopherjuarez@yahoo.com,Benjaminborough,Young Adult
CU1345,Steven Mendez,Female,47,12902489159,zmurray@hotmail.com,West Christophershire,Mature Adult
CU1346,Dr. Jane Nion DVM,Female,35,4452956804,landerson@gmail.com,Thomasmouth,Adult
CU1347,Mathew Wiggins,Female,26,41425951712502,jason58@hotmail.com,North Brian,Young Adult
CU1348,Stephanie Patterson,Male,53,8034797959,dianaharris@allen.biz,Michellemouth,Mature Adult
CU1349,Jessica Ray,Female,21,7539224304,leonardsean@gmail.com,Hornside,Young Adult
CU1350,Lori Peters,Male,55,1284403222852690,michael97@yahoo.com,East John,Mature Adult
CU1351,Robert Baldwin,Female,39,18872546431520,perkinsamanda@yahoo.com,Susanstad,Adult
CU1352,Michelle Ballard,Female,69,9522593330,taracastillo@gmail.com,Johnsonville,Senior Citizen
CU1353,Maria Weeks,Female,30,12697208342,walkergail@davila.net,Brianside,Young Adult
CU1354,Mackenzie Mahoney,Female,66,1584899224,freid@hotmail.com,New Deannamouth,Senior Citizen
CU1355,Mrs. Hannah Lloyd,Male,26,8883292344,harperlori@yahoo.com,Laurenmouth,Young Adult
CU1356,Shari Hatfield,Male,28,2815337220,lori87@nelson.biz,Port Jimhaven,Young Adult
CU1357,Julia Hernandez DDS,Male,32,3437817916951,chrisyu@brownfoley.org,North Aleandra,Adult
CU1358,Sonya Patterson,Male,68,5002681657,josephhall@hotmail.com,Michaelhaven,Senior Citizen
CU1359,Shannon Strickland,Female,42,4555071402297,qrichmond@hotmail.com,Coltonmouth,Mature Adult
CU1360,Michael Obrien,Female,22,2339361055601,taylorsheila@whitepetty.com,New Patricia,Young Adult
CU1361,Mr. Robert Vasquez,Female,46,9235946277258,mariah88@hotmail.com,Lake Monica,Mature Adult
CU1362,John Lin,Female,46,26176022079819,gward@reynolds.com,South Michaelport,Mature Adult
CU1363,Scott Swanson,Male,31,96833073409150,juanzuniga@rice.com,East Cynthiaport,Adult
CU1364,Ronald Snyder II,Female,68,667212775956619,calhoun@gmail.com,South Markfurt,Senior Citizen
CU1365,Michelle Meyer,Female,40,99509819575576,harmonjames@hotmail.com,New Stacy,Adult
CU1366,Laura Hicks,Male,59,148887382787598,jorge19@hotmail.com,Markshire,Mature Adult
CU1367,Taylor Moody,Male,19,17789868522,jallen@hotmail.com,Tanyaville,Young Adult
CU1368,Kimberly Hunter,Female,63,7981597144,anthonymartinez@gonzalez.com,Aleanderbury,Senior Citizen
CU1369,Matthew Ramos II,Female,63,1105842063,sriggs@miller.biz,North Rubenfort,Senior Citizen
CU1370,Nicole Joseph,Male,65,5567004351,suzanneadams@salazar.info,Port Matthew,Senior Citizen
CU1371,Adam Castro,Female,36,3501418855,medinaeric@hotmail.com,New Ronald,Adult
CU1372,Clinton Holmes,Male,67,2882152401552,gwallace@hotmail.com,Lake Aprilbury,Senior Citizen
CU1373,John Peterson,Male,26,5025318598,emilygonzalez@hotmail.com,Robinfort,Young Adult
CU1374,Sophia Robertson,Male,24,23469953556291,williamsandoval@sandoval.com,Jamesfurt,Young Adult
CU1375,Kathryn Turner,Male,66,3350534835,nicholas06@buck.com,New Aleis,Senior Citizen
CU1376,Lacey Taylor,Male,47,3337053871103,daniel16@hernandez.com,South Markbury,Mature Adult
CU1377,Brandon Zavala,Female,22,14043198249995,ygonzales@martin.com,Bellborough,Young Adult
CU1378,Nicole Marquez,Male,22,110878324484757,jonlong@miller.biz,Millston,Young Adult
CU1379,James Woods,Female,62,1408143955,angela24@yahoo.com,New Janiceton,Senior Citizen
CU1380,Andrew Brown,Male,33,16458272431047,john05@castaneda.org,Stevenmouth,Adult
CU1381,John Conner,Male,43,388626824773396,atkinsshaun@hotmail.com,North Jessicaton,Mature Adult
CU1382,Christopher Francis,Female,43,2959360807,nicholassmith@robertson.biz,North Julia,Mature Adult
CU1383,Anne Williams,Male,66,1534932323798,chelsea48@cobb.net,Candicetown,Senior Citizen
CU1384,Robert Tran,Female,40,1761069556489740,ygonzalez@yahoo.com,West Sierra,Adult
CU1385,Sandra Myers,Male,31,19219434811153,qbaker@guzman.com,Sanfordview,Adult
CU1386,Mark West,Female,64,117425263366421,jessica78@garcia.org,Hernandezberg,Senior Citizen
CU1387,Kim Rodriguez,Female,42,12761007912884,aleandriawinters@gardnershaw.com,North Lindseytown,Mature Adult
CU1388,Shelia Johnston,Male,44,69348319361131,joseph58@ramirez.com,Andrewmouth,Mature Adult
CU1389,David Sharp,Female,52,177560269403118,sweeneyyesenia@yahoo.com,West Rachelburgh,Mature Adult
CU1390,Collin Ramos,Male,31,3073947771,john82@johnsonmontoya.biz,Port Jasmine,Adult
CU1391,Karen Young,Female,43,91288999378051,leerandall@hotmail.com,North Barbaramouth,Mature Adult
CU1392,Nicole Walker,Male,65,45750793672846,richardsonjeffrey@yahoo.com,East Donald,Senior Citizen
CU1393,Michelle Williams,Male,47,1836532671186,jill29@avila.com,Mollyberg,Mature Adult
CU1394,Rodney Ellis,Female,25,12114570638,lori90@wiggins.com,New Leslie,Young Adult
CU1395,Megan Kelly,Female,53,9640339874,randyromero@hotmail.com,North Noahberg,Mature Adult
CU1396,Juan Flores,Male,60,681141372920,lambertrebekah@castro.com,South Roger,Mature Adult
CU1397,Michael Ware,Female,42,914333078778829,ymiller@davismiller.net,Weissborough,Mature Adult
CU1398,Destiny Nelson,Male,57,12468873039837,diane73@gmail.com,Loriland,Mature Adult
CU1399,Sean Murphy,Female,42,2196860748,julielyons@miranda.com,Chelseaberg,Mature Adult
CU1400,Christine Bush,Female,36,2896198735,lisanorris@strickland.com,Smithchester,Adult
CU1401,Paul Garcia,Male,56,8578453645,gcordova@yahoo.com,North Jamesmouth,Mature Adult
CU1402,Daniel Salazar,Male,43,109420857565524,jamescarroll@gmail.com,Ryanmouth,Mature Adult
CU1403,Kevin Alvarez,Female,68,3755087956109,ncampbell@rileysherman.com,Millerton,Senior Citizen
CU1404,Brent Chan,Male,18,4747909401395,annajones@yahoo.com,Sharonside,Young Adult
CU1405,Harold Carter,Male,20,17609001465572,kramerjose@gmail.com,Lake Jeremytown,Young Adult
CU1406,Charles Acevedo,Female,31,7793956572,hpeterson@hawkinsross.biz,Angelashire,Adult
CU1407,Jeffrey Parker,Female,24,191912596159735,marvin49@johnsoncastillo.info,Fieldsberg,Young Adult
CU1408,Karen Villanueva,Male,30,18462265602532,wilsonstephanie@kline.com,South Derekside,Young Adult
CU1409,Stephen Ramsey,Male,61,17233573837597,stephen80@gmail.com,North Michael,Senior Citizen
CU1410,Dr. Brent Hall,Male,36,1696693604169630,christopherbauer@simon.info,Port Kristinaton,Adult
CU1411,Mark Cunningham,Male,52,9490118520,pinedadominique@gmail.com,Myersbury,Mature Adult
CU1412,Amanda Bell,Female,28,31172079783385,wrightcaitlin@hotmail.com,Craigmouth,Young Adult
CU1413,Jose Butler,Male,63,14875856559,kaisergregory@hotmail.com,South Amandamouth,Senior Citizen
CU1414,Rebecca Campbell,Female,43,3059446948,sarah63@rosemeadows.biz,Lemouth,Mature Adult
CU1415,Curtis Boyd,Female,70,114995566731503,bjones@schmidtalvarez.com,Christyland,Senior Citizen
CU1416,Steven Hughes,Female,47,101065411944614,pcarr@hotmail.com,North Mark,Mature Adult
CU1417,Carl Archer,Male,64,142014270502929,keithmckinney@yahoo.com,West Erik,Senior Citizen
CU1418,Brooke Scott DVM,Female,56,10697596432683,jennifer51@hickman.info,Carterside,Mature Adult
CU1419,Drew Walker,Female,22,924056015381882,daniellehammond@moore.com,Johnstad,Young Adult
CU1420,Eric Sanders,Female,35,1802453458891690,tammiefrazier@adams.net,Teresaport,Adult
CU1421,James Wilson,Male,29,5742461213604,meyerdarryl@williams.biz,Navarroview,Young Adult
CU1422,Chase Burke,Male,68,3851421211,ugarza@yahoo.com,South Stephenville,Senior Citizen
CU1423,Rhonda Morales,Female,19,62587291019733,sfarmer@hotmail.com,North Veronicaview,Young Adult
CU1424,Dr. Emily Kno DVM,Male,47,2756326072,ericgarrett@smith.biz,Calvinmouth,Mature Adult
CU1425,Jason Lee,Female,70,669013617453013,qspence@mejialove.com,Rileyton,Senior Citizen
CU1426,Dale Dion,Female,32,883904412868735,cohenstephanie@yahoo.com,North Terryberg,Adult
CU1427,Devin Stewart,Male,55,67126265025806,sarastevens@gmail.com,South Kayla,Mature Adult
CU1428,Barbara Chavez,Male,56,1292552167234890,stanleyjimmy@hotmail.com,Lambertstad,Mature Adult
CU1429,Tammy Johnson,Female,24,6927092573,margaretreed@hotmail.com,West Henrymouth,Young Adult
CU1430,Megan Schroeder,Female,28,88759256923561,lewismark@yahoo.com,Hunterland,Young Adult
CU1431,Christina Johnson,Male,50,108016458015889,linda03@griffin.com,South Bailey,Mature Adult
CU1432,Anthony Hunt,Male,64,9889783645,gallowaybradley@owen.biz,South Haleymouth,Senior Citizen
CU1433,Jennifer Hall,Male,50,1718713712090,richardsdeborah@yahoo.com,North Donald,Mature Adult
CU1434,Lisa Bowman,Male,34,684562733703021,david47@jimenez.com,West Brookeland,Adult
CU1435,Laura Larsen,Male,21,1288023767,susan49@yahoo.com,Carlside,Young Adult
CU1436,Cynthia Campbell,Female,45,3779905605,kgood@silva.info,South Claudia,Mature Adult
CU1437,Scott Hurst,Male,67,1062438875,charleslucas@gmail.com,Harristown,Senior Citizen
CU1438,Dakota Brooks,Male,45,10390795049280,fosandra@millerharrell.net,Matthewborough,Mature Adult
CU1439,Andrea King,Male,48,3344237529844,carrie71@mosscarter.biz,Boylebury,Mature Adult
CU1440,Brian Guzman,Male,50,1565321367,robertpadilla@hotmail.com,Hurleyfurt,Mature Adult
CU1441,Alyssa Robbins,Male,66,15966153207865,catherinesherman@dean.net,East Craig,Senior Citizen
CU1442,Christopher Clark,Male,55,1895946892,cbooker@barberortiz.com,North Angie,Mature Adult
CU1443,Justin Vazquez,Female,42,750660956443882,wallace@yahoo.com,Hodgesmouth,Mature Adult
CU1444,Jennifer Olsen,Male,59,8657009467631,nicole07@cole.net,East Samantha,Mature Adult
CU1445,Michael Williams,Female,61,9817041650877,jeffrey73@gmail.com,Dukeburgh,Senior Citizen
CU1446,Lisa Walker,Male,18,2858689024,fco@williams.com,West Ashley,Young Adult
CU1447,Shannon Anderson,Male,32,15634102147366,rodrigueztina@mercado.org,Geraldberg,Adult
CU1448,Peter Chapman,Female,52,13564010304757,uyoung@young.com,Garciaview,Mature Adult
CU1449,Angela Pittman,Female,31,2263940301,robertsteele@gray.com,South Michaelburgh,Adult
CU1450,Ashley Watson,Male,51,14415531160507,josephmills@gmail.com,East Hailey,Mature Adult
CU1451,Gary Macdonald,Female,18,7546645278,danielpatton@hotmail.com,Brooksfort,Young Adult
CU1452,Courtney Davis,Male,23,9348968393,icasey@mooregomez.com,Bellberg,Young Adult
CU1453,Brent Garcia,Female,54,10970802685510,john41@gmail.com,East Markfurt,Mature Adult
CU1454,Rachel Nash DVM,Female,26,113812113324191,jeremy79@boltoncameron.com,Antoniobury,Young Adult
CU1455,Beth Melton,Male,23,146283895286999,olsonkaren@hotmail.com,South Elizabethbury,Young Adult
CU1456,David Parker,Female,56,594957685902543,nallen@stewartsmith.com,Lake Dannyside,Mature Adult
CU1457,Brendan Porter,Female,64,5167996625,tiffanygraves@hoffman.net,North David,Senior Citizen
CU1458,Kelly Oliver,Female,65,99653350735255,carrie45@smithbutler.com,Johnbury,Senior Citizen
CU1459,Mark Gutierrez,Male,45,1066680167730990,reyesemily@long.com,Lake Christopher,Mature Adult
CU1460,Jennifer Jones,Female,23,8684811105,tamirodriguez@yahoo.com,North Erik,Young Adult
CU1461,Dalton Armstrong,Male,51,17157984244,adamroberts@hotmail.com,New Tyler,Mature Adult
CU1462,Karen King,Male,34,2786753900048,collinsrobert@yahoo.com,Charlesstad,Adult
CU1463,Amanda Rhodes MD,Female,37,1114769552,jamie74@hernandez.biz,Lake Alyssashire,Adult
CU1464,Annette Jones,Male,31,387208738554540,zacharyanderson@yahoo.com,New Josephbury,Adult
CU1465,Gina Parker,Female,37,3479101728,vjoseph@mooreduncan.info,West Ashley,Adult
CU1466,Alicia Buchanan,Male,27,129905369277266,qchavez@hotmail.com,Jonberg,Young Adult
CU1467,Vernon James,Male,38,5745867297693,jasmine21@gmail.com,Dorseybury,Adult
CU1468,Sergio Turner,Male,42,1801607852,zortiz@bryant.com,Suttonport,Mature Adult
CU1469,Nichole Welch,Female,27,1767766078,sararichard@yahoo.com,East Pamela,Young Adult
CU1470,Sandy Walker,Female,57,7876298092,cory37@lester.net,Coopertown,Mature Adult
CU1471,Anthony Wolfe,Female,29,8446976915,zavaladonna@yahoo.com,Lake Robert,Young Adult
CU1472,Meredith Harris,Female,64,70550915599735,garyanderson@mcclainrivera.com,Jimenezstad,Senior Citizen
CU1473,Joanne Sims,Male,46,7405157878,john15@baker.com,West Codyview,Mature Adult
CU1474,Kaitlyn Daniels,Male,36,167023986475130,elizabeth55@gmail.com,Richardshire,Adult
CU1475,Benjamin Buckley,Female,54,19049905913377,ddougherty@yahoo.com,Julietown,Mature Adult
CU1476,Justin Martinez,Male,53,6059027008,christina34@spencer.com,Crawfordtown,Mature Adult
CU1477,Jordan Castaneda,Male,48,16650080838367,ustewart@thorntonmurray.com,Loganville,Mature Adult
CU1478,Katherine Murray,Male,35,1707575102213500,arnoldangel@yahoo.com,Michaelburgh,Adult
CU1479,Kevin Chambers,Female,25,1432662639177,laurenskinner@schultz.com,Cynthiaton,Young Adult
CU1480,Carol Johnson,Male,67,16657237608186,donnapadilla@hotmail.com,New Shawnton,Senior Citizen
CU1481,Erin Anderson,Female,41,2330012690,millernina@gmail.com,North Sherri,Mature Adult
CU1482,Danielle Jackson,Female,57,7408999789,michaellyons@morrow.com,Matthewland,Mature Adult
CU1483,Katherine Ortega,Female,34,372239556,jillvega@hale.net,Port Peter,Adult
CU1484,Pamela Sims,Female,70,14954519938180,joshuamartinez@evans.biz,South Crystalview,Senior Citizen
CU1485,Joshua Davidson,Female,56,1275605485790890,plarsen@gmail.com,Julieport,Mature Adult
CU1486,Madeline Aguirre,Female,41,782590513801567,susanbaker@torres.com,Aaronfurt,Mature Adult
CU1487,Sean Meyers,Male,43,9729385693,andersondeborah@yahoo.com,Port Keithside,Mature Adult
CU1488,Rachel Lynn,Male,40,5445471589941,dmoreno@miller.com,Amyfurt,Adult
CU1489,Daniel Rodriguez,Male,51,2512817185,danielle00@carterjuarez.net,West Brittany,Mature Adult
CU1490,Jody Lawson,Male,52,657270521096289,chapmancrystal@bauernichols.com,Turnerland,Mature Adult
CU1491,Kristine Andrews,Female,62,10876391603733,smithpatrick@baker.com,Lake John,Senior Citizen
CU1492,Jason Thomas,Female,22,1702863827,cruzwendy@gmail.com,Port Robert,Young Adult
CU1493,Breanna Fernandez,Female,63,9448886911,karen76@gmail.com,Millerton,Senior Citizen
CU1494,Amy Ramos,Female,57,6758060402,carterdiana@gmail.com,South Scottfurt,Mature Adult
CU1495,Carla Russell,Female,60,1090683557058,burgesszachary@yahoo.com,Jacobchester,Mature Adult
CU1496,Alicia Wallace,Female,54,18941817334,thomas29@hotmail.com,Maynardville,Mature Adult
CU1497,Jordan Nelson,Female,32,19434411110598,waltersandrea@yahoo.com,Lake Melissaville,Adult
CU1498,Scott Smith,Female,24,1293055391598,wthornton@goodwinmoore.com,Mooremouth,Young Adult
CU1499,Debra Beck,Male,32,1802163659946210,monicastafford@barrrobinson.com,Lake Christineland,Adult
CU1500,Sheena Morales,Male,50,3275208131,robertvega@gmail.com,New Donaldfort,Mature Adult
CU1501,Veronica Hamilton,Female,48,11135867938407,westmichelle@gmail.com,Wellsfort,Mature Adult
CU1502,Dean Adams MD,Female,69,190504212529131,krandall@schmitt.com,Susanhaven,Senior Citizen
CU1503,Frank Martin,Male,68,187446452163473,steven10@hotmail.com,South Henry,Senior Citizen
CU1504,Leon Mahoney,Female,20,117247058042742,michael80@mirandasmith.com,Vickieshire,Young Adult
CU1505,Amy Perez,Male,28,17513277320913,rebecca80@sparks.com,New Seanview,Young Adult
CU1506,Sherri Robertson,Male,25,5694516444,kimberlyjones@gmail.com,Jonesville,Young Adult
CU1507,John Blair,Male,67,17171143888,petersjose@yahoo.com,South Shane,Senior Citizen
CU1508,Michael Spence,Male,59,318032278971430,joneskevin@reyes.info,New Rickeyborough,Mature Adult
CU1509,Tony Paul,Male,22,6793736665,zhenry@gmail.com,Chantown,Young Adult
CU1510,Christian Whitaker,Male,62,409723865599422,nthompson@yahoo.com,East Williamland,Senior Citizen
CU1511,Jennifer Wilson,Male,31,64399742225678,pmorales@hotmail.com,West Kristy,Adult
CU1512,John Watson,Female,59,1528899941187650,lopezmegan@fitzgerald.com,Williamsbury,Mature Adult
CU1513,Brett Willis,Male,68,194526681226188,ymassey@gmail.com,Matthewburgh,Senior Citizen
CU1514,Kathleen Rivera,Female,33,57337037,mmurphy@hansonrhodes.com,Grahammouth,Adult
CU1515,Alison Ortiz,Female,26,133519623,sandrairwin@sotodavis.com,Michaelton,Young Adult
CU1516,David Baldwin,Male,35,8730137842,codyfrancis@browningherman.com,New Darrylton,Adult
CU1517,Danielle Fisher,Male,42,14866069796455,karen46@gmail.com,Beverlyport,Mature Adult
CU1518,Mrs. Kristie Cooper,Male,52,8266329706,mcknightjessica@yahoo.com,Lake Michael,Mature Adult
CU1519,Michele Robinson,Male,46,7057354531269,fisherstephanie@jensen.com,Millsville,Mature Adult
CU1520,Angelica Gutierrez,Female,68,62423311108543,rchase@yahoo.com,East Leebury,Senior Citizen
CU1521,Mark Torres,Male,53,268007630943111,gabrielkelly@gmail.com,Port Alanberg,Mature Adult
CU1522,Andrew Neal,Female,26,171927291485617,tim54@perez.net,New Elizabeth,Young Adult
CU1523,Tiffany Martin,Female,54,14550802921,bwelch@roweallen.net,Michaelton,Mature Adult
CU1524,Thomas Cochran,Male,63,6130039337438,tonya78@harringtonunderwood.info,East Darrell,Senior Citizen
CU1525,Jacob Houston IV,Male,59,3053390131900,rshort@gmail.com,New Amy,Mature Adult
CU1526,Gail Ford DDS,Male,31,838163788710393,imartin@hotmail.com,Aleisland,Adult
CU1527,Krista Wells,Female,31,971794247586762,youngjodi@gmail.com,New Adamhaven,Adult
CU1528,Katrina Lopez,Female,18,7802219019,patriciahughes@hotmail.com,East Ronaldhaven,Young Adult
CU1529,Jessica Lee,Female,20,19179761129,ruthcarr@gmail.com,Mariaport,Young Adult
CU1530,Mawell Hoffman,Female,30,16648194250,lewisaaron@hotmail.com,West Rickton,Young Adult
CU1531,Donald Lowery,Female,32,653219750698532,adamslogan@hotmail.com,Ronaldside,Adult
CU1532,Shirley Rocha,Female,20,17189494743528,kylejohnson@yahoo.com,Matthewton,Young Adult
CU1533,Beth Underwood,Female,47,4571904006311,donna70@hicks.com,Lake Tonya,Mature Adult
CU1534,Paul Molina,Female,25,808217531936137,leonardlance@stephensalvarez.com,South Sarashire,Young Adult
CU1535,Cynthia Martinez,Female,63,1427588276,ucummings@atkins.biz,Millerville,Senior Citizen
CU1536,Debra Gonzalez,Male,51,2227049931,jamieritter@sharpsanchez.com,Donnahaven,Mature Adult
CU1537,Aleander Woods,Female,47,801991930797442,gsalazar@hotmail.com,Dickersonstad,Mature Adult
CU1538,Maurice Juarez,Male,67,20925091885988,jordanmisty@gonzalezmiller.com,Lake Joseph,Senior Citizen
CU1539,Melissa Montgomery,Male,58,8435938824,daniel70@gmail.com,Aleandrafurt,Mature Adult
CU1540,Elizabeth Irwin,Male,23,4566619304076,spencergregory@smith.info,Rogerstown,Young Adult
CU1541,Nicole Casey,Female,43,698292863,caleb18@white.com,Rogerstown,Mature Adult
CU1542,Joseph Jones,Male,63,195273119599807,fwallace@buchanan.com,East Jeffery,Senior Citizen
CU1543,Jerome Forbes,Male,26,188483331691820,wtucker@hotmail.com,Kellymouth,Young Adult
CU1544,Kimberly Green,Female,59,9481781333,rlopez@ortega.biz,Padillastad,Mature Adult
CU1545,Shannon Ryan,Female,25,13547037654,hessmichael@hotmail.com,New James,Young Adult
CU1546,Craig Clark,Male,45,11252668987,andradejuan@hotmail.com,Port Karenshire,Mature Adult
CU1547,Eric Jones,Female,24,157157519884681,tonymorales@hotmail.com,East Jackie,Young Adult
CU1548,Mrs. Allison Blevins,Female,32,15538842036144,michele82@gmail.com,Smithside,Adult
CU1549,Brittany Newton,Female,58,145844111557877,fmccormick@hotmail.com,Rowlandmouth,Mature Adult
CU1550,Mary Reeves,Female,41,603025554941247,williamsphillip@gmail.com,Haydenton,Mature Adult
CU1551,Michelle Mcgee,Male,24,22462656866070,andrea48@mckay.com,Jamesside,Young Adult
CU1552,Taylor Harvey,Female,55,196429042427755,yjohnson@johnsonramirez.com,Bakerville,Mature Adult
CU1553,Sylvia Avila,Female,60,1439631776784,nancycoleman@khanrose.com,Bryantside,Mature Adult
CU1554,Maria Love,Female,62,9884414751286,katelyngonzalez@williams.com,Olsonport,Senior Citizen
CU1555,Nicholas Cantrell,Male,45,8407004537,brittneyhawkins@hernandezmartinez.com,West Markfort,Mature Adult
CU1556,Grant Johnson,Female,46,329280330792832,bphillips@baker.com,South Robert,Mature Adult
CU1557,Michael Joseph,Male,39,9562518484,wardkayla@bennett.com,East David,Adult
CU1558,Andrew Dunn,Female,68,3541325831,hamiltonwillie@hotmail.com,West Derrick,Senior Citizen
CU1559,Spencer Valdez,Male,40,22239713733838,richmondlisa@yahoo.com,Castanedachester,Adult
CU1560,Angela Walker,Female,21,7580439659,scott40@gmail.com,Smithview,Young Adult
CU1561,Steve Roth,Male,23,1604158402615,aprilcole@gmail.com,South Jonathonburgh,Young Adult
CU1562,Erin Fletcher,Female,55,17547711568,nancyboyd@white.net,Port Christopher,Mature Adult
CU1563,Ricardo Allen,Male,25,5703021472,upitts@gmail.com,Sandersport,Young Adult
CU1564,John Rodriguez,Male,36,793819279812805,andreathompson@hotmail.com,Scottland,Adult
CU1565,Curtis Miller,Male,42,146519318192566,middletontaylor@wagnermontgomery.com,Tammytown,Mature Adult
CU1566,Kevin Woodard,Male,65,3714550561,marvinmurray@smith.com,North Davidfurt,Senior Citizen
CU1567,Karen Bowen,Male,45,5327546888,steelekenneth@gmail.com,Mayfort,Mature Adult
CU1568,Jacob Gordon,Male,59,1346614466445,martinjoseph@roberts.org,Phillipview,Mature Adult
CU1569,Nathan Ramirez,Female,64,3189322502,garciasara@hernandez.com,Kimberlymouth,Senior Citizen
CU1570,William Thomas,Male,18,810141870153889,dustinwilco@adams.biz,Benjaminland,Young Adult
CU1571,Barbara Spence,Female,67,3851886277,joseph35@hotmail.com,East Joseport,Senior Citizen
CU1572,Robert Johnston,Male,24,176984114944699,mchang@armstrong.com,Courtneyville,Young Adult
CU1573,Brandon Vega,Female,42,2905175893,michellebailey@howard.com,West Matthew,Mature Adult
CU1574,Joshua Morris,Male,20,1017582023339060,kimberly79@yahoo.com,Kentshire,Young Adult
CU1575,Catherine Griffin,Female,68,2614905479930,colemanchristina@dominguez.com,Kristenfort,Senior Citizen
CU1576,Jamie Greer,Male,29,6074320352,martinezanthony@mendoza.info,Taylorchester,Young Adult
CU1577,Jason Jones,Female,25,1551684674,hallsusan@hotmail.com,New Sherylland,Young Adult
CU1578,Sandra Perez,Female,24,1699045620,ugonzalez@yahoo.com,Port Martin,Young Adult
CU1579,Jose Miller,Male,31,9674502426,aaron11@olson.biz,West Glenn,Adult
CU1580,Kenneth Aguilar,Male,67,2694534128,contreraswilliam@gmail.com,North Lisafort,Senior Citizen
CU1581,William Pratt,Female,58,1464264182,david88@martin.com,Perezville,Mature Adult
CU1582,David Tanner,Female,56,5412973050657,timortiz@white.com,Courtneystad,Mature Adult
CU1583,Brady Montgomery,Male,69,15590850781294,dennissusan@hotmail.com,Rojasland,Senior Citizen
CU1584,Veronica Flowers,Female,45,2982760149,gloriafo@carr.com,West Jacob,Mature Adult
CU1585,Stephanie Johnson,Female,52,4464628518,zsmith@yahoo.com,Oneillland,Mature Adult
CU1586,Luke Price,Male,60,16554542029971,qchapman@jackson.com,North Garyton,Mature Adult
CU1587,Vincent Wang,Female,62,1193894385,victoriaescobar@blackburn.com,Jennybury,Senior Citizen
CU1588,Loretta Moore,Female,26,4665664216556,santosdenise@barnes.com,New Brian,Young Adult
CU1589,Patrick Newman,Female,51,29049695697210,hbrewer@buckwilliams.com,North Christopher,Mature Adult
CU1590,Tina Mcdonald,Male,19,1954350680,oballard@jordanbryant.net,North Jordan,Young Adult
CU1591,Shelly Cruz,Female,67,8977501482002,nicolas72@yahoo.com,New Kristyhaven,Senior Citizen
CU1592,Vincent Allen,Female,56,7818534088,jacobcarlson@pachecojohnston.com,New Teresa,Mature Adult
CU1593,Lisa Sullivan,Male,32,713858855964290,griley@hotmail.com,New Sarahport,Adult
CU1594,Tammy Reeves,Male,50,7548048790,javier83@gmail.com,East Nicoleborough,Mature Adult
CU1595,Mallory Stephens,Female,36,3564690608,stephenschultz@hotmail.com,Jonathanborough,Adult
CU1596,Maria Matthews,Female,48,149356943687861,armstrongteresa@black.org,Huntborough,Mature Adult
CU1597,Tanner Baker,Male,51,13589043798,ybaker@peterson.com,Port Jonathan,Mature Adult
CU1598,Juan Rhodes,Male,53,3821108928818,bowersmatthew@miller.biz,Stephenport,Mature Adult
CU1599,Madeline Carney,Male,43,81589576112840,fwalsh@martinez.com,Robertburgh,Mature Adult
CU1600,Timothy Clark,Female,51,4437812759,mooresusan@crawford.org,Port Williamstad,Mature Adult
CU1601,Kimberly Ramirez,Male,55,14642276745691,charlessmith@gmail.com,Port Tyler,Mature Adult
CU1602,Justin Torres,Female,70,12661355620995,athompson@kennedymorrison.com,Lake Brendaberg,Senior Citizen
CU1603,Michael Hawkins,Male,51,830152419146782,connie67@yahoo.com,Juliaberg,Mature Adult
CU1604,Melanie Thomas,Female,69,42749632592535,browntiffany@robles.com,Port Meganborough,Senior Citizen
CU1605,Bonnie Lee,Male,37,3870608634567,hwheeler@thomascline.biz,Vaughntown,Adult
CU1606,Nicole Hays,Female,19,1952509422050330,lwilliams@fergusonewing.org,Cookstad,Young Adult
CU1607,Robin Jacobs,Female,33,862997840,kristendavis@hotmail.com,Darryltown,Adult
CU1608,Jeffrey Saunders,Female,25,8388628266,yblack@king.com,Port Nicholas,Young Adult
CU1609,Donald Nelson,Male,21,4466698629409,jacquelinecardenas@gmail.com,Lake Michaelview,Young Adult
CU1610,Jennifer Williams MD,Female,18,5578470872,scarr@gmail.com,Port Lauratown,Young Adult
CU1611,James Berry,Male,19,1064936226,dmyers@smithsalinas.com,West Daniel,Young Adult
CU1612,Rebecca Wilson,Female,60,10153781745698,rollinsaaron@martinmoses.biz,Cherylmouth,Mature Adult
CU1613,Amanda Hicks,Female,65,173779352103233,nshannon@huynh.info,Triciaside,Senior Citizen
CU1614,Kathleen Burke,Female,32,983457155231122,kennedypeter@gmail.com,Amandaborough,Adult
CU1615,Catherine Warren,Female,51,9730389044899,haleykaren@gmail.com,Smithburgh,Mature Adult
CU1616,Johnny Steele,Female,55,4311092156,kleinhannah@hotmail.com,New Lisa,Mature Adult
CU1617,Mark Vega,Female,42,2402089219,angela39@leon.org,Jonesberg,Mature Adult
CU1618,Dylan Lewis,Male,27,8754813039,ypeck@gmail.com,East Brandon,Young Adult
CU1619,Jessica Murray,Female,24,27195755991336,lisa56@diaz.info,Morrisport,Young Adult
CU1620,Elizabeth Ramirez,Female,42,5117951968,lambertdanny@robinson.info,Martinezberg,Mature Adult
CU1621,Scott Ortega,Female,67,1341743280911350,jpayne@martinwong.biz,Reginaton,Senior Citizen
CU1622,Joshua Meza,Male,35,6561799771,bkerr@gmail.com,North Tiffanytown,Adult
CU1623,Karen Adams DVM,Male,70,1534047663450710,christopherbailey@hotmail.com,Hansenmouth,Senior Citizen
CU1624,Mark Sanders,Male,69,12912351718347,kleblanc@paul.info,New Danielle,Senior Citizen
CU1625,Karen Burnett,Female,31,1923704423,bbyrd@wilson.biz,New Susan,Adult
CU1626,Betty Werner,Female,69,18940841978995,tward@gmail.com,Robinsonview,Senior Citizen
CU1627,Gary Hurst,Male,28,32515106475,jessica32@torrescole.biz,North Sheila,Young Adult
CU1628,Jenny Smith,Male,48,17625779588,qgardner@patterson.com,Elizabethside,Mature Adult
CU1629,David Casey MD,Male,23,190507413974990,jeffrey78@adamskelly.biz,Emilyville,Young Adult
CU1630,Eric Rodriguez,Female,27,6256562560,ucunningham@ross.org,South Cassandra,Young Adult
CU1631,Jason Frank,Male,28,1179971602,steventaylor@parkerjames.com,Travisbury,Young Adult
CU1632,Jessica Hull,Male,34,156421346412138,thomassmith@gmail.com,Robersontown,Adult
CU1633,Luis Diaz,Male,22,9414953219,adavidson@johnsonstevens.com,West Jeff,Young Adult
CU1634,Maureen King MD,Female,36,25235864,thomas99@bennettsimon.com,South Tara,Adult
CU1635,James Lutz,Female,28,1518060039388600,robert26@gmail.com,West Chadchester,Young Adult
CU1636,Adam Duncan,Male,61,1731196142,sblevins@cannon.com,Jonesland,Senior Citizen
CU1637,Corey Landry,Male,65,68485752548726,michellenicholson@hayes.org,North Carlashire,Senior Citizen
CU1638,Jeffrey Barnett,Female,51,10377723448279,sprice@larsonross.net,East Melissaview,Mature Adult
CU1639,Aleis Vang,Female,67,13874512578,mcknightchristopher@kennedy.com,Edwardstad,Senior Citizen
CU1640,Christopher Santiago,Male,63,9994751811,williamesparza@elliott.net,Lake Dustinton,Senior Citizen
CU1641,Jason Turner,Female,29,8135751576,odouglas@johnson.biz,Mackville,Young Adult
CU1642,Steven Gonzalez,Male,43,10090551668706,salazarcody@doyle.com,Fowlerland,Mature Adult
CU1643,Christopher Taylor,Male,56,7138933851,mark51@eatonnguyen.info,New Evanmouth,Mature Adult
CU1644,Mrs. Kayla Coffey,Male,35,13509981038974,kschneider@hotmail.com,Adamsmouth,Adult
CU1645,Mark Massey,Male,67,132302759762839,heather72@gmail.com,West Edwin,Senior Citizen
CU1646,Jessica Steele,Female,38,41208027451265,joshuamcdonald@hotmail.com,South Loritown,Adult
CU1647,Allison Sparks,Male,32,1019933051602690,eriknorris@yahoo.com,Mackland,Adult
CU1648,Bryan Roberts,Male,56,6178871142,cgeorge@gmail.com,Port Mackenzie,Mature Adult
CU1649,Ronald Jackson,Female,43,770588150296730,hintonerin@king.com,Thomasmouth,Mature Adult
CU1650,Adam Fry,Female,69,938393766659396,shudson@walker.biz,Williamberg,Senior Citizen
CU1651,Jimmy Powers,Male,31,188076369953297,maria05@yahoo.com,Brownshire,Adult
CU1652,John Myers,Female,57,3542482917,qwashington@lowe.com,South Joshuabury,Mature Adult
CU1653,Jason Bowen,Female,68,9076899289197,aaroncollins@yahoo.com,South Bethany,Senior Citizen
CU1654,Craig Sanders,Male,61,1481519315,tammy15@gmail.com,South Christophermouth,Senior Citizen
CU1655,Karina Alvarado,Female,53,50441936285036,brendabarry@vaughn.org,North Joelburgh,Mature Adult
CU1656,Ashley Kidd,Female,64,349926906924669,dana27@gmail.com,Lake David,Senior Citizen
CU1657,Tina Russell,Female,48,9901260225,anna61@gardnerchandler.net,Michellemouth,Mature Adult
CU1658,George Bean,Male,63,58145822883468,kevin44@munoz.com,New Daniel,Senior Citizen
CU1659,Donald Taylor,Male,49,191555071666563,catherinerogers@zamoraharrison.net,Medinachester,Mature Adult
CU1660,Bryan Rogers,Female,21,1910743286738380,greenmichael@martinyork.org,Lake Larry,Young Adult
CU1661,Jacqueline Howard,Female,68,78769142554059,yreed@pearson.com,New Brian,Senior Citizen
CU1662,Lori Fo,Female,23,1095026256,stevensonjohn@gmail.com,Port Mikefort,Young Adult
CU1663,Nicole Santiago,Female,32,5462539358745,vherring@gmail.com,North Matthew,Adult
CU1664,Lori Hale,Male,39,7446037541,curtisevans@gmail.com,South Nicholas,Adult
CU1665,Denise Forbes,Female,54,7091855068254,susan27@reynolds.com,North Jonathan,Mature Adult
CU1666,Suzanne Byrd,Male,66,95154993592724,stevenmontes@yahoo.com,Danielchester,Senior Citizen
CU1667,Miss Lori Scott,Male,43,4488877753,michael45@gmail.com,Port Juliaport,Mature Adult
CU1668,Stephanie Johnson,Female,21,2451525758168,jack38@gmail.com,New Cody,Young Adult
CU1669,Jason Kelly,Male,40,1920617079995430,monicagraham@gmail.com,North Mary,Adult
CU1670,Nicholas Gonzalez,Male,43,13423370031,sandra96@hotmail.com,North Erinland,Mature Adult
CU1671,Tina Lambert,Female,32,296043179821531,veronicahenry@hotmail.com,East Harold,Adult
CU1672,Zachary Armstrong,Male,43,172622881654798,schwartzcaroline@gmail.com,Bullockhaven,Mature Adult
CU1673,Jonathan Thomas,Male,65,4477381927895,michellejimenez@gmail.com,New Jonathanton,Senior Citizen
CU1674,Melanie Hahn,Female,33,98752200691021,lcrawford@gmail.com,North Stacymouth,Adult
CU1675,Theresa Flores,Female,69,1067215607787690,hallrebecca@hotmail.com,North Sharon,Senior Citizen
CU1676,Arthur Miller,Female,46,78435155774358,james39@allenadams.com,Mooneyshire,Mature Adult
CU1677,Crystal Smith,Male,40,626713731021,regina71@manningholmes.com,North Aleandra,Adult
CU1678,Kenneth Davis,Female,44,5108980402531,stephaniegarcia@dorsey.net,Porterbury,Mature Adult
CU1679,Abigail Navarro MD,Male,35,828197106915043,deannareynolds@smithmack.net,Jonesstad,Adult
CU1680,Carol Gilmore,Male,33,4963577300,uwilson@mitchell.com,Tammyhaven,Adult
CU1681,Hannah Castillo,Female,44,186827995016007,paynerobert@castillo.info,Lake Samuel,Mature Adult
CU1682,Katherine Moore,Male,39,67581914421465,karenvaughn@brooks.biz,Middletonport,Adult
CU1683,William Scott III,Male,45,16358226385958,randall20@dion.com,Jenniferhaven,Mature Adult
CU1684,Sarah Torres,Female,65,18858391988595,pashley@hinton.com,Lake Jack,Senior Citizen
CU1685,Robert Miller,Male,56,15025006959,nataliehardy@gmail.com,Lake Tiffanyfort,Mature Adult
CU1686,Cindy Boyd,Female,58,326334240457382,phelpskelly@mitchell.com,Lake Tamara,Mature Adult
CU1687,Teresa Wood,Male,51,10354247910255,wzhang@hodge.com,South Jilltown,Mature Adult
CU1688,James Moon,Male,41,160126687265805,robertwilliams@aguilar.info,Katrinashire,Mature Adult
CU1689,Dawn Roach,Female,33,1188038512301300,pthompson@yahoo.com,Port Sarah,Adult
CU1690,Marc Meza,Female,61,9996253975,swatkins@gmail.com,West David,Senior Citizen
CU1691,Kelly Harris,Female,19,375104672,mark28@gmail.com,North William,Young Adult
CU1692,Nicholas Walls,Female,69,186513294487138,jonathanfowler@roachswanson.com,Yangberg,Senior Citizen
CU1693,Paige Miller,Female,55,11344951621,bjones@price.com,Aimeeside,Mature Adult
CU1694,Colleen Raymond,Male,52,1396232110638710,cindy43@yahoo.com,Justinside,Mature Adult
CU1695,Sarah Miller,Female,31,9704435170,clarkaaron@hotmail.com,Hugheschester,Adult
CU1696,Craig Johnson,Male,60,13115183634,mcmahonbrandon@gmail.com,South Kimberly,Mature Adult
CU1697,Cole Beard,Male,24,26146114,zmoore@bowman.com,Deniseside,Young Adult
CU1698,Valerie Lawson,Female,18,19035147559185,ryananthony@clark.info,Reneeside,Young Adult
CU1699,Andrew Werner,Female,39,19862215658377,catherine80@bell.com,Wilsonview,Adult
CU1700,Jennifer Hall,Male,47,371784468741532,jonessean@guzman.net,North Katieton,Mature Adult
CU1701,Christian Johnson,Female,49,3040264381,ucohen@yahoo.com,South Michelle,Mature Adult
CU1702,Billy Davis,Male,32,19807307404,frederickflores@williams.com,East Robertberg,Adult
CU1703,Dwayne King,Male,42,8879414359,suttonsonya@yahoo.com,West Manuelfurt,Mature Adult
CU1704,Jack Moore,Male,69,60332130260418,benjaminward@simmonsfarley.com,South Lindsey,Senior Citizen
CU1705,Michelle Watkins,Male,20,1338566748,smithsean@leon.info,North Jasonport,Young Adult
CU1706,Mark Cross,Male,45,1070106656,brooke13@medinajohnson.com,Port John,Mature Adult
CU1707,Timothy Mora,Male,59,1238075071036130,npruitt@moseshodges.biz,Harrisonstad,Mature Adult
CU1708,Shannon Lozano,Male,70,1078137721813200,turnertara@hotmail.com,Chenchester,Senior Citizen
CU1709,Craig Lester,Female,68,7000371832,carsonbrandy@hill.com,Howardtown,Senior Citizen
CU1710,Jose Holt,Male,46,14951313869,vkemp@mcdonaldjacobson.info,West Andrew,Mature Adult
CU1711,Debbie Downs,Male,69,1777623189336750,youngcharles@yahoo.com,West Teresahaven,Senior Citizen
CU1712,Dawn Lyons,Male,64,1169229124347550,richard19@decker.com,Scottport,Senior Citizen
CU1713,Thomas Black,Female,49,7703277006,stuarthernandez@brady.info,West Royborough,Mature Adult
CU1714,Brittany James MD,Male,54,712636542865678,timothy33@hotmail.com,East Daniellemouth,Mature Adult
CU1715,Jennifer Cisneros,Female,60,68973951960168,smithsarah@gmail.com,Patriciaville,Mature Adult
CU1716,Christina Marshall,Male,44,1978859091422,joseph35@atkinsedwards.com,Alyssashire,Mature Adult
CU1717,Ashley Hood,Male,24,4953680693,ywalker@mckee.com,South Samantha,Young Adult
CU1718,Karen Nichols,Male,62,799341960249138,stefanieparker@yahoo.com,Port Tracyborough,Senior Citizen
CU1719,Christine Harris,Female,48,1524006588293600,agriffin@mooremercado.com,Lake Tina,Mature Adult
CU1720,Jennifer Warren,Male,55,130166290675532,schultzemily@hotmail.com,Tracyshire,Mature Adult
CU1721,Kyle Pineda,Male,30,157061456338975,porterrachel@clark.info,New Bryan,Young Adult
CU1722,Heather Bauer,Male,56,16376267288220,aaguilar@yahoo.com,East Michael,Mature Adult
CU1723,Daniel Clark,Female,43,242776803464603,rogersmiranda@hotmail.com,West Rebecca,Mature Adult
CU1724,Judith Perez,Male,40,723180553836195,lindsay60@hotmail.com,Sheilashire,Adult
CU1725,Derrick Olson,Male,69,4421422676,jmullen@walker.com,Lake Bradview,Senior Citizen
CU1726,Robert Ramos,Female,47,60945909255743,kristyharris@robbins.net,New Joseph,Mature Adult
CU1727,Adam Dion,Male,41,140590270891683,craigcharles@yahoo.com,Cooperland,Mature Adult
CU1728,Judith Martinez,Male,47,18473632491672,amybailey@hotmail.com,Welchhaven,Mature Adult
CU1729,Bailey Ross,Male,20,13679043284445,jameswhite@hotmail.com,Travisberg,Young Adult
CU1730,Tracey Mccarthy,Male,60,123178105266420,thompsonclifford@yahoo.com,Stephaniehaven,Mature Adult
CU1731,Johnny Williams,Female,65,1180738612,jcooke@yahoo.com,New Michael,Senior Citizen
CU1732,Cheryl Jones,Male,42,13816812334886,brianlewis@greenwade.com,Daniellefurt,Mature Adult
CU1733,Alice Collins,Male,69,98488194799597,acarter@bowers.com,Carpenterville,Senior Citizen
CU1734,Christian Nunez,Female,22,171858404341131,andrewortiz@henryrodriguez.biz,Deanview,Young Adult
CU1735,Brian Lawrence,Female,59,16098538306467,fpalmer@roberts.com,Garciaton,Mature Adult
CU1736,Ethan Byrd,Male,62,6039697992797,santosstephanie@hotmail.com,Jamesberg,Senior Citizen
CU1737,Kiara Harris,Male,59,176638886060439,rachel54@villegas.com,Curtisburgh,Mature Adult
CU1738,Annette Snyder,Male,69,1355631955184000,oowens@miller.com,Lake Jasonton,Senior Citizen
CU1739,James Golden DVM,Male,23,16661444811,wallacedenise@gmail.com,Lake Daniel,Young Adult
CU1740,Jessica Bryant,Male,64,317761394753089,rkelly@yahoo.com,Bakerton,Senior Citizen
CU1741,Daniel Ellis,Female,51,5466409169,nguyenshannon@gmail.com,Lake Crystal,Mature Adult
CU1742,Monica Rodriguez,Female,22,124064682954509,larsenjulie@johnsonrodriguez.com,Walkerberg,Young Adult
CU1743,Brent Santiago,Female,37,539874811,stephanie09@peters.com,East Robert,Adult
CU1744,Thomas Vasquez,Female,37,16168222295,sali@yahoo.com,West Margaretbury,Adult
CU1745,Joanna Kidd,Female,30,459846624826526,howardmichael@gmail.com,Kleinchester,Young Adult
CU1746,Sandra Hoffman,Female,63,21653652459155,pgomez@carsonsanders.com,Wilsonchester,Senior Citizen
CU1747,Breanna Hart,Male,37,114213574741084,jonwhite@gomez.biz,Carolhaven,Adult
CU1748,Wanda Campbell,Male,66,446571080546263,hollandchristopher@yahoo.com,North Jennifer,Senior Citizen
CU1749,Melissa Perez,Female,36,29395165036564,tracymurphy@gmail.com,West Phyllis,Adult
CU1750,Michelle Murphy,Female,57,16576519664,lisa88@burns.biz,Pittmantown,Mature Adult
CU1751,Kyle Becker,Female,40,4070152703703,gcarr@jackson.org,Danielberg,Adult
CU1752,Whitney Martin,Female,46,394748774846307,epetersen@gmail.com,Coleberg,Mature Adult
CU1753,Shannon Sims,Male,45,4933275120,lmontgomery@moore.com,West Michelle,Mature Adult
CU1754,Ashley Ferguson,Female,32,1596487326857330,ronaldlee@gmail.com,North Tinaburgh,Adult
CU1755,Lauren Smith,Female,28,6985523892,epratt@yahoo.com,North Michaelburgh,Young Adult
CU1756,Candice Sheppard,Male,66,2829911055607,michelegonzalez@mcgee.com,Loganstad,Senior Citizen
CU1757,Robert Garcia,Male,28,700501457,kenneth04@gmail.com,Collinsville,Young Adult
CU1758,Amy Rogers,Female,50,7412907357,wmendez@curtis.com,Palmershire,Mature Adult
CU1759,Audrey Griffin,Female,70,3471869829,danielstodd@harvey.com,Port Carolyn,Senior Citizen
CU1760,Matthew Miranda,Male,37,21718282083,noah21@vargaslang.net,West Chris,Adult
CU1761,Sonya Escobar,Female,25,165145983231423,holly43@hotmail.com,Jacobsfort,Young Adult
CU1762,Theodore Pineda Jr.,Male,40,4420723110,heathergray@dawsonjohnson.com,Port Kenneth,Adult
CU1763,Christine Cole,Male,36,5096275403,charlescarter@yahoo.com,Susanchester,Adult
CU1764,Seth Palmer,Male,38,3315178682,thomas03@hotmail.com,West Teresa,Adult
CU1765,Aaron Moore,Male,30,5958255848196,jerryroberts@smithbrown.net,Holmestown,Young Adult
CU1766,Amanda Thomas,Female,22,9281251857,gail26@hotmail.com,Clarkbury,Young Adult
CU1767,Anthony Chen,Female,48,7805829222,michellemoore@gmail.com,Port Chris,Mature Adult
CU1768,Robert Woodard,Male,24,985202014512606,award@gmail.com,South Victoria,Young Adult
CU1769,Matthew Phillips,Female,46,2471446161199,kevinsanchez@white.com,Lake Melissaburgh,Mature Adult
CU1770,Lisa Roth,Female,35,62125268330242,jeffrey18@terry.com,Port Nataliechester,Adult
CU1771,Nicole Guerra,Male,26,2423065906,rwolf@tayloryang.com,Dillonchester,Young Adult
CU1772,Joshua Harris,Female,23,4709410841170,maryfigueroa@fo.com,East Lucas,Young Adult
CU1773,Ms. Virginia Buchanan,Male,46,880361599918619,garcialuis@gmail.com,Jenniferborough,Mature Adult
CU1774,Jay Ellison,Female,56,19392936348948,lauren00@murraymcconnell.com,Port Sabrina,Mature Adult
CU1775,Raymond Espinoza,Male,61,1674159781113070,adrianaadams@gmail.com,Lake Tiffany,Senior Citizen
CU1776,Jillian Garcia,Male,46,89310176266530,sbrown@mcgee.com,Bankstown,Mature Adult
CU1777,Amber Nelson,Female,35,246567015513633,madeline86@brandt.info,Rebeccahaven,Adult
CU1778,Thomas Scott,Male,29,18784515875,luisortiz@malonejohnson.com,Wallaceberg,Young Adult
CU1779,Heather Moore,Male,55,6277916122,rachel11@hotmail.com,Eatonchester,Mature Adult
CU1780,Denise Williams,Male,21,1277125091,simmonsadam@hotmail.com,Port David,Young Adult
CU1781,Miranda Hess,Male,46,112068627449257,phyllis23@yahoo.com,East Samuelburgh,Mature Adult
CU1782,Dennis Richards,Male,61,1674592774059750,william02@mooregreen.com,East Valeriehaven,Senior Citizen
CU1783,Carrie Lane,Female,54,18584405860373,breanna94@yahoo.com,Erikashire,Mature Adult
CU1784,Ricky Miller,Male,69,11668384793,borr@gmail.com,South Walter,Senior Citizen
CU1785,Kathleen Brown DVM,Male,46,146671194852279,collierjoshua@simmonsdavis.com,South Joanna,Mature Adult
CU1786,Aleander Johnson,Male,65,10793747373834,brookewells@macdonald.com,Annaberg,Senior Citizen
CU1787,Joseph Parker,Female,60,7805135982449,ubowen@hotmail.com,West Diane,Mature Adult
CU1788,Bailey Perez,Female,46,12898910311,barneswilliam@bernardchan.com,Lake Michael,Mature Adult
CU1789,Robert Gonzales,Male,70,14314094676,michaelthompson@medinafreeman.com,Kirbybury,Senior Citizen
CU1790,Christian Mathis,Male,46,9559844867,yreed@hotmail.com,Davisfurt,Mature Adult
CU1791,Mr. Scott Warren,Male,36,11419567569,wgonzales@yahoo.com,Paynebury,Adult
CU1792,Stephen Frederick,Female,30,438402937536266,istevenson@gmail.com,Gabrielamouth,Young Adult
CU1793,Heather Greene,Male,48,84145992897874,stephenvilla@mills.com,Josephport,Mature Adult
CU1794,Sarah Coleman,Female,24,1055370493217820,rgonzalez@smith.com,Johnmouth,Young Adult
CU1795,Joseph Riley,Female,47,8306872096607,lhernandez@hogandaniels.com,Currymouth,Mature Adult
CU1796,Rebecca Vega,Female,21,65066568259652,joel27@roachgibbs.biz,New Travis,Young Adult
CU1797,Brian Hayes,Female,49,3350944688,meghan02@carlson.com,Joshuafurt,Mature Adult
CU1798,Cody Smith,Female,50,252415977078,phoffman@tran.biz,Castilloton,Mature Adult
CU1799,Martha White,Male,60,10583801020082,allenluke@yahoo.com,Tonistad,Mature Adult
CU1800,Anita Peterson,Male,49,107644812903570,vferguson@hotmail.com,North Diane,Mature Adult
CU1801,Tammy Barron,Male,36,7551328475,morrisonheather@yahoo.com,Mooreview,Adult
CU1802,Teresa Fleming,Male,23,583747481,justinspencer@garcialang.biz,New John,Young Adult
CU1803,Marcus Hubbard,Female,32,6152446100,sgonzales@yahoo.com,Catherineland,Adult
CU1804,Laura Gonzalez,Male,47,9684124905667,marilynbenson@hotmail.com,Kellyport,Mature Adult
CU1805,Karen Wright,Male,64,11214407836130,bakermatthew@kline.com,Lake Adam,Senior Citizen
CU1806,James Ortega,Male,53,1379403673597420,matthewsmith@chanphillips.com,East Austinberg,Mature Adult
CU1807,Brent Marsh,Male,26,4624583824,alyssaboone@hotmail.com,Port Kennethbury,Young Adult
CU1808,Kristy Ray,Female,65,1566268020023070,parkerwayne@reed.biz,Hessview,Senior Citizen
CU1809,Matthew Clark,Male,69,9122646274254,tammy89@padilla.com,Michaelton,Senior Citizen
CU1810,Mitchell Strong,Male,34,72701934757397,latoya72@thompson.com,Leefort,Adult
CU1811,Sarah Murillo,Female,26,333839065404329,wmyers@hamptonjones.com,Brewerberg,Young Adult
CU1812,Lori Wheeler,Female,42,19047577111,schmidtdavid@washington.com,Robertbury,Mature Adult
CU1813,Erica Paul,Male,37,1911474689712730,operez@hotmail.com,Atkinsside,Adult
CU1814,Pamela Robinson,Female,22,15419484379,michelle22@collinsspencer.info,Kevinside,Young Adult
CU1815,Karen Harrison,Female,28,5687211640540,aroberson@andrewssalazar.com,Port Maryshire,Young Adult
CU1816,Brian Jackson,Male,60,4295107923,ugibson@yahoo.com,East Jamesside,Mature Adult
CU1817,Debra Nelson,Female,45,459247124063379,maryarroyo@simonross.com,North Anneberg,Mature Adult
CU1818,Roberto Fernandez,Female,19,1937243564171310,tco@wardtaylor.com,Kathyberg,Young Adult
CU1819,Duane Gonzales,Male,60,1011083180774140,teresahoward@youngwest.com,Port Ashley,Mature Adult
CU1820,Jason Huerta,Male,31,82118709462140,ellisonjennifer@ruiz.net,Scotttown,Adult
CU1821,Tasha Patton,Male,62,1129465535328,harrisonmario@hotmail.com,South Matthewbury,Senior Citizen
CU1822,Deanna Moyer,Female,34,17671521446633,eboyle@gmail.com,Lake Kendraland,Adult
CU1823,Ernest Cobb,Male,54,332142143,floreslisa@johnson.org,Justinview,Mature Adult
CU1824,Scott Bishop,Female,34,61055322959799,johnsongrace@david.org,Forbeston,Adult
CU1825,Tyler Boyd DDS,Male,33,116697403411741,perezjenna@yahoo.com,Port Amanda,Adult
CU1826,Derrick Thompson,Male,32,18318195629,karen39@bates.com,South Hannahberg,Adult
CU1827,Brooke Logan,Male,64,112019154308438,sarahsharp@delgado.biz,Meghanstad,Senior Citizen
CU1828,Mrs. Melissa Williams,Female,61,103342782594138,kristihunter@aguilarpittman.com,Hayesberg,Senior Citizen
CU1829,Karen Garcia,Female,41,1217753662838270,tammy27@black.com,Olsonchester,Mature Adult
CU1830,Yvonne Merritt,Male,46,1825478725,thodges@gmail.com,Bryanshire,Mature Adult
CU1831,Travis Crawford,Male,27,185510718004678,lisa11@hotmail.com,Lake Paula,Young Adult
CU1832,Elizabeth Floyd,Male,70,1795781565817570,turnerjohn@hotmail.com,North Pamelaland,Senior Citizen
CU1833,Mary Howard,Male,58,2375169273,monicaguerra@phillipsflores.com,West Jay,Mature Adult
CU1834,Christina Garcia,Female,66,8387126911,dillonking@hotmail.com,Port Joseph,Senior Citizen
CU1835,Randy Golden,Male,50,86804190081249,barajasdavid@yahoo.com,Finleybury,Mature Adult
CU1836,Jordan Ali,Female,45,1848015197,millsjorge@montgomerymurphy.com,Matthewmouth,Mature Adult
CU1837,Brandi Andersen,Female,61,138126232870138,veronicayoung@martinezwilliams.com,Lake Eric,Senior Citizen
CU1838,Jennifer Watkins,Female,49,3764073611,simsshirley@gmail.com,South Markview,Mature Adult
CU1839,Joseph Coleman,Female,65,1933850977203590,matthew15@doughertypetersen.com,South Faith,Senior Citizen
CU1840,Dennis Harper,Male,48,21421427163669,savannah93@youngcervantes.info,South Lisaside,Mature Adult
CU1841,Denise Obrien DVM,Female,63,1603899975,thorntondanny@stout.com,Herreraview,Senior Citizen
CU1842,Christian Garza,Male,54,6105216781,timothyfrench@petersonvazquez.com,Devinfort,Mature Adult
CU1843,Stephanie Khan,Female,57,15709328005864,colleennoble@yahoo.com,Port Brianburgh,Mature Adult
CU1844,Bailey Allen,Male,58,187742751299256,joseph55@hotmail.com,Karenport,Mature Adult
CU1845,Tracey Co,Female,19,42068610842162,sroy@brown.com,West Robert,Young Adult
CU1846,Jonathan Williams,Female,67,2884380856863,neil04@gmail.com,Port Derek,Senior Citizen
CU1847,Randall Tran,Female,65,8402834561183,corey44@gmail.com,Lake Adam,Senior Citizen
CU1848,Vanessa Herring,Female,20,6237245548,tanner88@yahoo.com,West Calvin,Young Adult
CU1849,John Diaz,Female,60,97994883906570,williebeck@ramos.com,South Feliciachester,Mature Adult
CU1850,Kendra Aleander,Female,66,5137391727,zharvey@harris.com,Reynoldsburgh,Senior Citizen
CU1851,Nathan Hammond,Female,60,191648783186748,kathryn98@mcdonaldreid.com,East Michellehaven,Mature Adult
CU1852,Yvonne Martinez,Male,42,5284071026362,dkelley@newton.com,Lake Christopher,Mature Adult
CU1853,Doris Reid,Male,31,233001481111993,brandon96@davislewis.com,Crawfordburgh,Adult
CU1854,Robert Holt,Female,54,3672687095,jodiknight@martinezarmstrong.com,Nathanville,Mature Adult
CU1855,John Blake,Female,19,86466924260385,jeffrey67@hotmail.com,Juliaview,Young Adult
CU1856,Jeff Harris,Male,22,80740980110342,gsims@colon.com,South Emily,Young Adult
CU1857,Kathy Farrell,Male,62,14039991041,wwolf@yahoo.com,Andersonview,Senior Citizen
CU1858,James Robinson,Female,65,1595503156291180,aramirez@hotmail.com,Meghanville,Senior Citizen
CU1859,Linda Duarte,Female,41,1532435204491,jherrera@barr.com,North Anneshire,Mature Adult
CU1860,Richard Marks,Female,25,4510073853,jacksonjohn@hotmail.com,Davidtown,Young Adult
CU1861,Angela Escobar,Male,34,560811884,enoble@reynoldsthornton.com,West Patriciamouth,Adult
CU1862,Heather Patrick,Female,37,457725519571107,mcculloughsabrina@wilsonbarnes.net,Port Larry,Adult
CU1863,Laura Giles DVM,Male,59,11113204685106,kimberlycarter@yahoo.com,Dickersonshire,Mature Adult
CU1864,Dustin Jenkins,Male,54,6822107273,lisa39@espinoza.com,Barkerberg,Mature Adult
CU1865,Beth Jones,Female,36,1412719134553840,leewilliam@hotmail.com,West Jacqueline,Adult
CU1866,Justin Maddo,Male,38,3432487362,tbass@hotmail.com,Lake Alicia,Adult
CU1867,Matthew Jones,Female,22,1033464118208400,matthew59@farmer.info,Davidmouth,Young Adult
CU1868,Mike Alvarado,Female,37,650317168,reyestravis@parker.net,Cunninghamborough,Adult
CU1869,Ronald Stanley,Female,48,9319608256,fitzgeraldjennifer@hotmail.com,South Staceybury,Mature Adult
CU1870,Stephanie Williams,Male,36,3539106930,andreanguyen@richardson.com,Westhaven,Adult
CU1871,Anna Brewer,Female,60,14927513657568,fuentesdavid@yahoo.com,New Danamouth,Mature Adult
CU1872,Vanessa Clark,Female,46,8415362940,angelphillips@hotmail.com,Angelaview,Mature Adult
CU1873,Keith Morales,Male,19,719506314609874,amanda12@hotmail.com,West Catherineside,Young Adult
CU1874,Amy Brown,Male,57,5371061384,john30@welchhart.com,East Carolynton,Mature Adult
CU1875,Kristina Chan,Female,64,1755825850723,kmckenzie@butler.net,Silvafort,Senior Citizen
CU1876,Lori Burns,Female,20,2342153946,vasquez@daniels.biz,New Travis,Young Adult
CU1877,Dr. Victoria Roth,Male,65,753331345741132,ymiller@hotmail.com,Lake Dana,Senior Citizen
CU1878,Candice White,Female,47,1444609598,arogers@yahoo.com,West Linda,Mature Adult
CU1879,Rhonda Murphy,Male,42,20902342757784,audreymartin@decker.com,South Carrie,Mature Adult
CU1880,Michael Reynolds,Female,69,1462586343033180,mescobar@whitemartinez.com,Thomasfurt,Senior Citizen
CU1881,Whitney Lam MD,Female,37,6360039611323,michaellewis@yahoo.com,West Cynthia,Adult
CU1882,Jessica Johnson,Male,26,3810442353,jeffreydiaz@chandler.info,East Yvonnehaven,Young Adult
CU1883,Aimee Bailey,Male,42,6323304680,stevenburgess@yahoo.com,North Kimberlyland,Mature Adult
CU1884,Chloe Lee,Male,47,179687169736599,dhawkins@myers.com,Jameston,Mature Adult
CU1885,Joseph Johnson,Female,26,7031456488,samantha42@doyle.com,Burnettland,Young Adult
CU1886,Ryan Kelley,Female,49,1811065996059290,kevin78@hotmail.com,North Martinside,Mature Adult
CU1887,Jennifer Anderson,Female,58,118111901084836,smithmaria@le.com,Port Hannahton,Mature Adult
CU1888,Bryan Lewis,Male,60,1869893195,reginald11@hotmail.com,Jacksonton,Mature Adult
CU1889,Amy Castillo,Male,28,6667347197142,nicole40@patterson.com,East Brandy,Young Adult
CU1890,Terry Rowe,Male,40,11422460083001,susanjenkins@daniels.com,West Mariahfort,Adult
CU1891,Jason Solomon,Male,64,30670323867775,nicholasgutierrez@jones.net,New Bryantown,Senior Citizen
CU1892,Gregory Webster,Male,63,2654361267,elizabethvalencia@sullivanpruitt.com,Christopherport,Senior Citizen
CU1893,Richard Perez,Female,59,762775301,jackson@hood.com,New Allison,Mature Adult
CU1894,Christopher Stevenson,Male,26,8375523940838,fordrichard@charlesvazquez.com,East Brianna,Young Adult
CU1895,Jose Kim,Female,22,8264137243,pricealejandra@bergerwilson.com,Nathanielland,Young Adult
CU1896,Brian Cabrera,Female,58,160266156234574,oramsey@nolanwoods.com,New Mark,Mature Adult
CU1897,Christy Collins,Male,35,5092584729,robert67@yahoo.com,Elizabethtown,Adult
CU1898,Eric Franklin,Male,36,1119521259447570,robinhenderson@hanna.com,Simmonsmouth,Adult
CU1899,Patricia Adams,Female,67,2172545809,mevans@townsend.com,Port Valerieshire,Senior Citizen
CU1900,Bradley Baker,Female,63,7540223976,mharris@carterallen.info,Melissaview,Senior Citizen
CU1901,Cheryl Scott,Male,59,1278715076,hhenry@miller.com,Munozmouth,Mature Adult
CU1902,Stephen Robertson,Female,51,1410197420,uromero@gmail.com,West Tamara,Mature Adult
CU1903,Samuel Leon,Female,29,6268206193,john65@hotmail.com,West Joseberg,Young Adult
CU1904,Joseph Morris,Male,18,2779589028,nathan42@crosby.com,Susanshire,Young Adult
CU1905,Bryan Villegas,Female,49,16894282925,ylee@gmail.com,North Matthew,Mature Adult
CU1906,Andrea Powers,Female,28,7952691044,qwilco@hayes.com,Christineburgh,Young Adult
CU1907,Maria Martin,Female,38,159027054358738,jessica74@yahoo.com,Nguyenland,Adult
CU1908,Todd Hudson,Female,46,13774672289934,torresjay@hotmail.com,Lake Matthew,Mature Adult
CU1909,Sheila Wright,Male,58,1244789140,brian01@hotmail.com,North Amandamouth,Mature Adult
CU1910,Samantha Johnson,Male,28,870543922288091,shernandez@hotmail.com,North William,Young Adult
CU1911,Emily Miller,Male,19,1391240992111530,drakeraymond@villa.biz,Marychester,Young Adult
CU1912,Anthony Lopez,Female,67,3765560947220,shelby29@gmail.com,Tammyton,Senior Citizen
CU1913,Mary Ward,Male,20,915842178424083,welchdeanna@chapmanbernard.com,Davidside,Young Adult
CU1914,Bryan Roth,Female,48,3609020794,theodorescott@monroelin.info,Wilsonview,Mature Adult
CU1915,Kyle Sanchez,Male,44,12902342328,kathryn51@bruce.com,South Cheryl,Mature Adult
CU1916,Mrs. Melissa Ross,Male,38,9805967520,colinmoran@gross.com,South Nancy,Adult
CU1917,Randy Norton,Female,60,2780053789490,richardwilson@weberriley.com,Lake Danielton,Mature Adult
CU1918,Shawn Wilson,Female,59,18084441127,mkelly@newmanrosales.com,Johnfort,Mature Adult
CU1919,Thomas Elliott,Male,70,279399436,anthonywagner@yahoo.com,Salinasshire,Senior Citizen
CU1920,Chad Rodriguez,Female,68,7698040262312,michael60@hendricoleman.info,North Ericafort,Senior Citizen
CU1921,Tyler Wade,Female,44,16722976633117,dsteele@hotmail.com,Tuckershire,Mature Adult
CU1922,Daniel Haynes,Female,60,15497142822534,chamberslaura@gmail.com,Port Thomasborough,Mature Adult
CU1923,Robert Powell,Female,45,18776276321004,michael99@hotmail.com,East Michaelburgh,Mature Adult
CU1924,Scott Melton,Female,30,19741651448,ccarpenter@grossjones.org,Lake Kevinport,Young Adult
CU1925,Bryan Watkins,Male,47,17540038566998,hensonkelly@carsonshah.com,New Jamesbury,Mature Adult
CU1926,Victor Carter,Male,41,890771542753,froberts@gmail.com,North Jennifermouth,Mature Adult
CU1927,Carolyn Bright,Female,53,6078091599481,pittmantravis@hudson.com,Port Mark,Mature Adult
CU1928,Dr. Nathan Boyd,Male,21,143371800215018,uingram@hotmail.com,East Sierra,Young Adult
CU1929,Jesse Sanchez,Male,68,529294730058809,estradaerin@yahoo.com,Lake Rebecca,Senior Citizen
CU1930,Sheryl Barnett,Female,28,16219678142,vjones@yangholland.com,North Amyborough,Young Adult
CU1931,Jesse Faulkner,Female,50,6565399411148,lisa31@gmail.com,New Rebecca,Mature Adult
CU1932,Dale Knight,Male,19,1452796054394230,haynesjulia@mcgrathcooper.com,Port Paulberg,Young Adult
CU1933,Timothy Aleander,Female,25,78574952473668,cherylmartin@hotmail.com,New Amanda,Young Adult
CU1934,Barry Morrow,Male,30,176899132594079,hicksdavid@gmail.com,North Timothy,Young Adult
CU1935,Miranda Thomas,Male,33,49883279143221,brandon19@mitchell.com,New Paulside,Adult
CU1936,Jeremy Simmons,Female,61,161860501233346,robertsdavid@hotmail.com,Thomaschester,Senior Citizen
CU1937,Tara Mason,Female,70,3535872303,paul94@hotmail.com,North Briantown,Senior Citizen
CU1938,Tracy Tucker,Male,50,1760834890,scottwashington@perez.info,Sotochester,Mature Adult
CU1939,Antonio Daniels,Male,61,7958509272326,roberthall@yahoo.com,Ryanmouth,Senior Citizen
CU1940,Jasmine Gray,Male,26,62779360466448,bward@gmail.com,Williamsbury,Young Adult
CU1941,Jacqueline Reed,Male,56,9566677555,vanessa95@yahoo.com,South Andrewhaven,Mature Adult
CU1942,Christopher Phillips,Male,41,65708248553525,cbond@yahoo.com,Port Christopher,Mature Adult
CU1943,Troy Clark,Female,35,4071684964,kevin74@taylor.biz,Robinsonland,Adult
CU1944,Joseph Hall,Female,23,3595747147,brandywatkins@barber.com,Emmaside,Young Adult
CU1945,Terri Ochoa,Female,19,9130541681219,torresjoanna@lewis.com,Schroederland,Young Adult
CU1946,Lori Burns,Female,25,154718695,linda95@yahoo.com,North Joel,Young Adult
CU1947,Kimberly Rose,Male,67,16872314464,hallstephen@hotmail.com,Reedbury,Senior Citizen
CU1948,Nicole Bennett,Male,67,5423307011059,wilsonbruce@yahoo.com,Mcgeeville,Senior Citizen
CU1949,Christopher Coleman PhD,Female,40,15627503900,stewartcharles@yahoo.com,Lake Robertshire,Adult
CU1950,Mario Keith,Male,53,16967676588097,ashley27@yahoo.com,South Michellefort,Mature Adult
CU1951,Steven Williams,Male,59,6555669028,amberwagner@yahoo.com,Lake Heatherland,Mature Adult
CU1952,Kimberly Wilson,Female,46,82942898867893,kevinroman@holtmullins.biz,West Laurenmouth,Mature Adult
CU1953,Melissa Logan,Male,48,9930219845,ykoch@howard.com,Heatherborough,Mature Adult
CU1954,Gregory Aguilar,Male,59,5217344227,leslie10@strickland.biz,Solisburgh,Mature Adult
CU1955,John King,Male,61,238990037,nancythompson@hotmail.com,Donaldshire,Senior Citizen
CU1956,Whitney Miles,Female,55,5080150530,evanshaw@dennis.net,Timothychester,Mature Adult
CU1957,Heather Hernandez,Male,59,9595486481188,cabrerasteve@bryantadams.com,Mariechester,Mature Adult
CU1958,Alan Thomas,Male,46,1285769612,diazmichael@gmail.com,North Joshua,Mature Adult
CU1959,Joan Allen,Female,58,1157021576863010,carlosstone@gmail.com,Curtisberg,Mature Adult
CU1960,Jean Allen,Female,63,3578905447,woodsjonathan@moran.com,Kyleland,Senior Citizen
CU1961,Jesse Chapman,Female,26,6328935768090,williamlong@newman.info,Harrisfort,Young Adult
CU1962,Michael Peters,Male,36,147439782084953,kevin68@moore.org,Shelbyside,Adult
CU1963,Kyle Trujillo,Female,36,1615273632,christopher99@gmail.com,Port Michele,Adult
CU1964,Crystal Nelson,Female,36,3329594897,jenniferwilliams@smithmurray.org,Holdenshire,Adult
CU1965,Erin White,Female,20,5386638014,katherinesanchez@yahoo.com,North Diane,Young Adult
CU1966,Roberta Stevens,Female,19,38597222540148,burtonjohn@cosmith.com,North Abigailberg,Young Adult
CU1967,Michael Pittman,Male,38,4619553563,ywebb@yahoo.com,New Lindachester,Adult
CU1968,Barry Roberts,Male,43,17776235081205,ufrench@larson.info,Wilsonville,Mature Adult
CU1969,Matthew Watkins,Female,34,2542503911,chill@gmail.com,Aleaberg,Adult
CU1970,Kelly Jackson,Male,25,403178240303736,jennifersmith@lyons.com,Griffinville,Young Adult
CU1971,Amanda Weiss,Female,56,957652793631979,william14@brownmartinez.org,Jenniferfurt,Mature Adult
CU1972,Gloria Thompson,Male,49,11681051794463,waterswilliam@hotmail.com,Matthewtown,Mature Adult
CU1973,Eugene Burke,Male,70,95991262949194,timothy29@hotmail.com,Lake Michelle,Senior Citizen
CU1974,Charles Farmer,Female,29,3699140500348,hunterrodriguez@hotmail.com,Murphyport,Young Adult
CU1975,Michael Fo,Male,42,17461909033,elizabeth02@hotmail.com,North David,Mature Adult
CU1976,Joyce White,Female,49,8080010977,bradleyhicks@yahoo.com,New Brianberg,Mature Adult
CU1977,Destiny Conrad,Female,56,1892411777874900,davidsanders@gmail.com,Lake Andrew,Mature Adult
CU1978,Caitlin Robinson,Female,63,5637660594784,fullerleslie@yahoo.com,North Mary,Senior Citizen
CU1979,Joshua Ruiz,Male,34,1850168076,lisabullock@gmail.com,Duncanstad,Adult
CU1980,Beth Hurst,Male,48,36615544526070,ojohnson@ericksonphillips.com,Gallegosfurt,Mature Adult
CU1981,Lori Fisher,Female,60,10809899430,zcochran@yahoo.com,Vargasmouth,Mature Adult
CU1982,Courtney Underwood,Male,60,2105364583969,robertjennings@foster.net,Sanchezville,Mature Adult
CU1983,Susan Garrett,Male,18,90285927224923,kari67@lee.com,New Beverly,Young Adult
CU1984,Jeffery Patel,Male,28,1548027003133,mollytrevino@hotmail.com,Vanessafurt,Young Adult
CU1985,Jason Avery,Male,37,35946976152158,joanne99@gutierrez.org,East Nicoleburgh,Adult
CU1986,Cynthia Hayes,Female,54,19069570765,dcole@yahoo.com,Powellchester,Mature Adult
CU1987,Lisa Miller,Male,49,78527667269331,robert45@dudley.com,Mariefort,Mature Adult
CU1988,Kenneth Anderson,Female,18,11923303377,angelamcdaniel@acosta.com,South Matthewville,Young Adult
CU1989,Erin Davis,Male,50,3611341778,preyes@gmail.com,Tannerfurt,Mature Adult
CU1990,Harold Ramos,Male,61,124624106425348,chernandez@yahoo.com,West Daniel,Senior Citizen
CU1991,Jill Garcia,Male,43,5598648881,tjackson@gmail.com,Lake Gregory,Mature Adult
CU1992,Laura West,Male,56,6440392570,heather05@morsecobb.net,East Timothyport,Mature Adult
CU1993,Amanda Palmer,Male,44,13944298869267,gloriadavies@valentineflores.com,Jasonland,Mature Adult
CU1994,Chad Travis,Male,48,1726478352,parkercindy@miller.com,New Michaelhaven,Mature Adult
CU1995,Nathaniel Figueroa,Female,47,2727022183747,martindaniel@hotmail.com,West Allen,Mature Adult
CU1996,Joshua Hale,Female,24,1753600500956210,kvasquez@hanna.info,Joelstad,Young Adult
CU1997,Jonathan Moss,Male,37,228632146449003,marywolfe@yahoo.com,Thomasburgh,Adult
CU1998,Daniel White,Female,43,126551999362148,adamreyes@mawell.com,North Carmen,Mature Adult
CU1999,Ryan Bell,Male,28,1780893384038,danielwalker@martinez.com,North Katherine,Young Adult
CU2000,Carlos Hale,Female,41,15842477514,robert16@hotmail.com,North Stephenville,Mature Adult
