Sale_ID,Customer_ID,Car_ID,Sale_Date,Quantity,Sale_Price,Payment_Method,Salesperson,,Customer_Type
S00001,CU1241,C0214,28-03-2025,3,73293,Installment,Ashley Ramos,,Loyal Customer
S00002,CU0100,C0202,12-02-2024,3,32681,Cash,Pamela Blair,,Loyal Customer
S00003,CU1690,C0228,26-02-2023,2,53531,Credit,Sergio Lee,,Repeating Customer
S00004,CU0534,C0231,21-06-2024,1,89817,Cash,Mary Johnston,,New Customer
S00005,CU1153,C0071,21-12-2023,2,77591,Installment,Ricardo Garcia,,Repeating Customer
S00006,CU0878,C0319,26-06-2025,2,79567,Cash,Chelsea Gonzalez,,Repeating Customer
S00007,CU1113,C0102,08-07-2025,2,65470,Credit,Carol Lopez,,Repeating Customer
S00008,CU1144,C0041,16-02-2025,3,98437,Cash,Alexa Edwards,,Loyal Customer
S00009,CU0134,C0191,26-12-2024,1,79283,Installment,Joe Goodwin,,New Customer
S00010,CU1380,C0413,01-02-2025,3,59005,Installment,Chase Harrison,,Loyal Customer
S00011,CU1361,C0014,14-02-2023,2,60688,Credit,Molly Charles,,Repeating Customer
S00012,CU1155,C0163,18-08-2025,3,60038,Cash,John Kemp,,Loyal Customer
S00013,CU1392,C0302,23-03-2023,3,46669,Installment,Brian Austin,,Loyal Customer
S00014,CU1229,C0451,28-12-2022,1,34808,Credit,Ronald Harmon,,New Customer
S00015,CU0436,C0176,22-02-2024,3,18527,Credit,Dr. Lee Davis PhD,,Loyal Customer
S00016,CU1355,C0324,14-08-2025,1,15500,Installment,Michael Hernandez,,New Customer
S00017,CU1241,C0386,23-05-2025,2,63125,Credit,Jon King,,Repeating Customer
S00018,CU1280,C0260,10-04-2023,2,55074,Cash,Jonathan Woods,,Repeating Customer
S00019,CU1102,C0165,30-04-2025,3,66403,Credit,Margaret Jones,,Loyal Customer
S00020,CU1017,C0343,27-05-2025,2,66795,Cash,Erika Atkinson,,Repeating Customer
S00021,CU0845,C0050,15-06-2025,3,34195,Installment,Kevin Howard,,Loyal Customer
S00022,CU0145,C0276,06-10-2025,3,82651,Installment,Daniel Olson,,Loyal Customer
S00023,CU1526,C0280,13-07-2023,3,30023,Credit,Joel Martinez,,Loyal Customer
S00024,CU1117,C0208,25-07-2025,2,90218,Cash,Lisa Johnson,,Repeating Customer
S00025,CU0813,C0447,13-12-2023,3,20707,Cash,Brittany Anderson,,Loyal Customer
S00026,CU0761,C0335,05-03-2025,3,26312,Installment,Billy Baird,,Loyal Customer
S00027,CU0318,C0157,26-02-2025,1,78873,Installment,Bradley Smith,,New Customer
S00028,CU1026,C0101,11-01-2025,2,41063,Installment,James Webb,,Repeating Customer
S00029,CU0521,C0173,04-09-2024,1,91987,Cash,Deborah Sullivan,,New Customer
S00030,CU0926,C0235,30-10-2024,2,16920,Cash,Ashley Hogan,,Repeating Customer
S00031,CU1198,C0231,16-11-2023,2,23321,Credit,Jason Ortiz,,Repeating Customer
S00032,CU1031,C0148,11-03-2025,1,88622,Credit,Alexis Rodriguez,,New Customer
S00033,CU0650,C0003,19-10-2023,2,61079,Cash,Scott Anderson,,Repeating Customer
S00034,CU0536,C0337,26-04-2025,3,85287,Credit,John Liu,,Loyal Customer
S00035,CU1251,C0476,21-06-2024,1,46382,Installment,Maureen Sims,,New Customer
S00036,CU0138,C0359,06-02-2025,2,24595,Installment,Elizabeth Gomez,,Repeating Customer
S00037,CU1936,C0466,02-08-2023,2,58240,Cash,Clarence Shaw,,Repeating Customer
S00038,CU1142,C0196,24-06-2024,1,28601,Credit,Lisa Scott,,New Customer
S00039,CU1936,C0482,19-03-2025,3,86246,Installment,Molly Olson,,Loyal Customer
S00040,CU0680,C0433,03-09-2025,1,54485,Installment,James Combs,,New Customer
S00041,CU0329,C0017,17-05-2024,1,27261,Credit,Nicole Martin,,New Customer
S00042,CU1752,C0263,05-06-2023,3,55112,Installment,Kristen Cummings,,Loyal Customer
S00043,CU1563,C0237,23-05-2024,2,25490,Installment,Barry Hancock,,Repeating Customer
S00044,CU1454,C0109,08-01-2023,3,28885,Installment,Jerry Clayton,,Loyal Customer
S00045,CU1943,C0282,07-09-2024,1,96873,Installment,Michael Kim,,New Customer
S00046,CU0988,C0452,04-06-2023,3,86185,Cash,Erica Duarte,,Loyal Customer
S00047,CU0027,C0123,04-09-2023,1,15743,Cash,Lisa Thompson,,New Customer
S00048,CU0218,C0223,05-01-2023,2,54597,Credit,Ryan Rogers,,Repeating Customer
S00049,CU1891,C0464,24-12-2023,2,41595,Cash,Manuel Williams,,Repeating Customer
S00050,CU0473,C0430,25-08-2025,1,43961,Installment,Scott Cooper,,New Customer
S00051,CU0368,C0063,28-05-2023,3,44496,Installment,Amanda Sparks,,Loyal Customer
S00052,CU0480,C0454,09-01-2023,2,87401,Installment,Michael Washington,,Repeating Customer
S00053,CU1387,C0252,21-11-2023,3,82095,Installment,Melvin Pope,,Loyal Customer
S00054,CU0550,C0114,07-12-2022,3,60514,Credit,Gregory Washington,,Loyal Customer
S00055,CU1705,C0107,27-12-2023,3,44282,Cash,Timothy Williams,,Loyal Customer
S00056,CU0057,C0189,26-03-2025,1,36971,Credit,Mr. Mario Hernandez,,New Customer
S00057,CU1003,C0182,24-05-2023,2,65085,Cash,Amanda James,,Repeating Customer
S00058,CU0487,C0077,03-09-2024,2,59717,Cash,Amanda Johnson,,Repeating Customer
S00059,CU1471,C0236,06-05-2023,2,69040,Credit,Kimberly Schroeder,,Repeating Customer
S00060,CU1643,C0273,09-01-2023,2,47679,Installment,Kevin Gonzalez,,Repeating Customer
S00061,CU0201,C0055,09-01-2023,2,86074,Cash,Jessica Sandoval,,Repeating Customer
S00062,CU0360,C0018,21-01-2025,2,32340,Cash,Yolanda Howard,,Repeating Customer
S00063,CU1141,C0301,28-03-2025,3,63628,Cash,James Adams,,Loyal Customer
S00064,CU1401,C0499,19-04-2025,3,83399,Credit,Kimberly Carter,,Loyal Customer
S00065,CU0879,C0323,06-04-2025,2,41832,Installment,Sandra Alvarado,,Repeating Customer
S00066,CU0826,C0113,08-03-2024,3,47020,Installment,Angela Torres,,Loyal Customer
S00067,CU0691,C0047,22-09-2025,2,62601,Cash,Austin Johnson,,Repeating Customer
S00068,CU1088,C0338,24-11-2023,1,46031,Installment,Elizabeth Morrow,,New Customer
S00069,CU1456,C0414,20-09-2025,3,42076,Credit,David Summers,,Loyal Customer
S00070,CU1431,C0239,09-02-2025,2,92096,Credit,Jeffrey Salinas,,Repeating Customer
S00071,CU0461,C0464,17-12-2023,3,46237,Credit,Tim Harris,,Loyal Customer
S00072,CU0585,C0424,16-01-2024,3,91637,Credit,Bianca Price,,Loyal Customer
S00073,CU1279,C0347,13-07-2023,2,61290,Credit,Thomas Smith,,Repeating Customer
S00074,CU1528,C0477,14-01-2025,3,62849,Credit,Isaac Cox,,Loyal Customer
S00075,CU1080,C0060,31-08-2023,2,96661,Credit,James Wilkins,,Repeating Customer
S00076,CU0824,C0031,16-12-2024,3,77833,Credit,Steven Morgan,,Loyal Customer
S00077,CU1066,C0154,27-04-2023,2,16960,Cash,Barbara Cameron,,Repeating Customer
S00078,CU1957,C0281,10-09-2023,1,59740,Credit,Richard Lin,,New Customer
S00079,CU0336,C0418,11-05-2024,1,30580,Installment,John Shaffer,,New Customer
S00080,CU0240,C0378,17-03-2025,1,92464,Cash,Catherine Jackson,,New Customer
S00081,CU0102,C0011,28-04-2023,2,46633,Cash,Jared Morris,,Repeating Customer
S00082,CU1861,C0056,16-06-2025,3,65431,Cash,Denise Sanders,,Loyal Customer
S00083,CU1789,C0252,25-10-2023,1,21663,Credit,Taylor Nguyen,,New Customer
S00084,CU1413,C0202,26-09-2024,3,45160,Installment,Margaret Mckinney,,Loyal Customer
S00085,CU1996,C0072,18-12-2023,2,66693,Credit,Joanna Franklin,,Repeating Customer
S00086,CU1555,C0458,16-01-2023,3,97628,Installment,Jason Hickman,,Loyal Customer
S00087,CU0669,C0001,25-09-2024,2,34314,Cash,Annette Murray,,Repeating Customer
S00088,CU1776,C0372,06-05-2025,1,39334,Installment,Sabrina Baxter,,New Customer
S00089,CU0792,C0176,17-10-2024,1,74747,Credit,Colleen Brooks,,New Customer
S00090,CU0593,C0029,21-10-2024,2,93571,Credit,Andrew Stephenson,,Repeating Customer
S00091,CU1653,C0221,17-10-2023,1,31017,Cash,Jasmine Berg,,New Customer
S00092,CU0648,C0268,07-05-2023,3,24370,Credit,Jocelyn Espinoza DDS,,Loyal Customer
S00093,CU0131,C0336,19-04-2023,3,17719,Installment,George Clark,,Loyal Customer
S00094,CU1147,C0394,02-03-2023,1,36684,Installment,Ms. Heather Martinez,,New Customer
S00095,CU1259,C0075,30-06-2024,3,81084,Cash,Miss Susan Taylor,,Loyal Customer
S00096,CU0993,C0147,04-06-2025,3,51776,Cash,Christine Gross,,Loyal Customer
S00097,CU0288,C0057,16-12-2023,3,67193,Credit,Melanie Palmer,,Loyal Customer
S00098,CU1159,C0379,03-03-2025,2,85321,Credit,Gloria Young,,Repeating Customer
S00099,CU1251,C0328,01-08-2023,3,21810,Installment,Dr. James Huber DDS,,Loyal Customer
S00100,CU1908,C0462,04-09-2023,3,24417,Installment,Kristen Rodriguez,,Loyal Customer
S00101,CU0389,C0396,07-05-2023,3,64133,Installment,Ruben Johnson,,Loyal Customer
S00102,CU1417,C0065,28-02-2024,1,43519,Cash,Kimberly Allen,,New Customer
S00103,CU1346,C0012,13-02-2023,1,70161,Installment,John Duran,,New Customer
S00104,CU0657,C0350,26-06-2024,3,67055,Credit,Jason Perez,,Loyal Customer
S00105,CU1097,C0182,06-10-2025,1,84527,Credit,Maureen Gutierrez,,New Customer
S00106,CU0933,C0453,23-02-2024,2,84365,Credit,Jessica Pacheco,,Repeating Customer
S00107,CU0685,C0192,10-08-2025,2,45673,Installment,James Kidd,,Repeating Customer
S00108,CU0217,C0042,06-08-2024,1,56387,Cash,Bradley Davila,,New Customer
S00109,CU0454,C0108,13-06-2023,3,56305,Credit,Bruce Griffith,,Loyal Customer
S00110,CU1214,C0271,13-02-2025,1,59501,Installment,Sean Arnold,,New Customer
S00111,CU0295,C0370,29-06-2024,3,91719,Credit,Amber Reyes,,Loyal Customer
S00112,CU0243,C0487,11-01-2025,1,45253,Installment,Kristina Fox,,New Customer
S00113,CU1227,C0388,25-04-2024,3,50982,Cash,Laura Williams,,Loyal Customer
S00114,CU0341,C0191,06-06-2025,1,64231,Credit,Larry Cruz,,New Customer
S00115,CU0012,C0177,25-11-2022,1,95356,Credit,Christina Jones,,New Customer
S00116,CU0130,C0364,09-10-2024,3,86214,Credit,Melanie Henry,,Loyal Customer
S00117,CU1620,C0482,14-12-2023,1,33098,Credit,Brenda Jackson,,New Customer
S00118,CU0581,C0229,31-03-2024,2,96006,Cash,Julia Reed,,Repeating Customer
S00119,CU1861,C0450,07-10-2025,1,99844,Credit,Carrie Alexander,,New Customer
S00120,CU0525,C0369,17-04-2025,2,94427,Cash,Susan Gonzalez,,Repeating Customer
S00121,CU1702,C0081,17-07-2025,2,76534,Credit,Amanda Owens,,Repeating Customer
S00122,CU0634,C0070,26-08-2024,1,21253,Installment,Lori Wallace,,New Customer
S00123,CU0587,C0364,05-06-2023,2,30091,Installment,Jessica Alvarez,,Repeating Customer
S00124,CU0257,C0450,05-07-2024,3,31278,Credit,Scott Woodard,,Loyal Customer
S00125,CU0191,C0082,09-03-2023,3,74121,Credit,Sue Nichols,,Loyal Customer
S00126,CU1605,C0127,29-11-2024,1,28003,Installment,Kylie Huang,,New Customer
S00127,CU1585,C0325,12-11-2023,2,19640,Cash,Joseph Garcia,,Repeating Customer
S00128,CU1406,C0194,11-06-2025,1,87405,Installment,Kimberly Watts,,New Customer
S00129,CU1936,C0453,29-03-2025,3,98471,Credit,Russell Mathews,,Loyal Customer
S00130,CU0907,C0073,14-08-2023,3,73368,Installment,Lynn Lee,,Loyal Customer
S00131,CU1117,C0489,07-04-2024,3,88379,Credit,Monique Harrington,,Loyal Customer
S00132,CU1675,C0426,12-01-2023,3,36630,Credit,Richard Conley,,Loyal Customer
S00133,CU1234,C0481,27-12-2024,2,84336,Credit,Jennifer Lester,,Repeating Customer
S00134,CU1471,C0053,14-09-2023,3,57068,Credit,Joshua George MD,,Loyal Customer
S00135,CU1381,C0402,06-04-2024,3,31323,Cash,Jessica Jones,,Loyal Customer
S00136,CU1777,C0246,07-05-2024,2,60421,Installment,Jessica Gibson,,Repeating Customer
S00137,CU1460,C0071,02-06-2025,3,37738,Cash,Dr. William Jones,,Loyal Customer
S00138,CU0123,C0278,30-05-2023,1,51154,Installment,Sandra Stanley,,New Customer
S00139,CU0586,C0313,14-02-2025,1,81500,Credit,Stephanie Cummings,,New Customer
S00140,CU0908,C0257,12-07-2025,1,55078,Installment,Alexis Nixon,,New Customer
S00141,CU1887,C0440,15-05-2025,3,74575,Credit,Bryan Anderson,,Loyal Customer
S00142,CU1340,C0393,25-03-2023,1,96702,Cash,Christopher Alvarez,,New Customer
S00143,CU1259,C0418,17-11-2023,1,47008,Installment,Corey Hernandez,,New Customer
S00144,CU1467,C0493,27-06-2024,1,67410,Installment,Kevin Flynn,,New Customer
S00145,CU0037,C0251,04-02-2023,2,17034,Credit,Kristina Johnson,,Repeating Customer
S00146,CU0832,C0363,10-05-2023,2,49369,Installment,David Chaney,,Repeating Customer
S00147,CU0538,C0008,21-10-2024,2,77451,Installment,Melissa Thompson,,Repeating Customer
S00148,CU1969,C0485,20-03-2023,1,68902,Credit,Mrs. Maria Alvarado,,New Customer
S00149,CU1340,C0217,02-12-2024,1,76281,Credit,Bill Zavala,,New Customer
S00150,CU0605,C0150,27-06-2024,1,92641,Installment,Robert Underwood,,New Customer
S00151,CU0014,C0045,05-07-2023,3,85085,Cash,Jocelyn Nunez,,Loyal Customer
S00152,CU0416,C0062,11-10-2023,3,97692,Cash,Mark Hunt,,Loyal Customer
S00153,CU1143,C0225,10-07-2024,2,93063,Credit,Sarah Buchanan,,Repeating Customer
S00154,CU0586,C0442,20-04-2024,2,50811,Installment,Douglas Haynes,,Repeating Customer
S00155,CU0214,C0166,20-05-2025,3,57898,Cash,Keith Cardenas,,Loyal Customer
S00156,CU0102,C0042,29-02-2024,1,58654,Cash,Richard Hunter Jr.,,New Customer
S00157,CU1571,C0095,20-11-2024,2,65985,Cash,Lauren White,,Repeating Customer
S00158,CU0540,C0032,29-04-2023,3,25054,Installment,Danielle Espinoza,,Loyal Customer
S00159,CU1829,C0083,20-11-2022,3,82461,Credit,Nicole Hunter,,Loyal Customer
S00160,CU0627,C0141,18-06-2024,2,98225,Cash,Michele Harris,,Repeating Customer
S00161,CU1729,C0294,20-03-2024,2,65502,Installment,Jill Jimenez,,Repeating Customer
S00162,CU1775,C0463,17-01-2023,2,18968,Installment,Megan Montgomery,,Repeating Customer
S00163,CU1102,C0236,17-03-2024,1,65456,Cash,Carolyn Morton,,New Customer
S00164,CU1496,C0455,20-08-2024,1,56207,Installment,Colin Myers,,New Customer
S00165,CU0486,C0399,07-07-2025,2,24580,Installment,Paula Crawford,,Repeating Customer
S00166,CU1440,C0393,29-04-2023,1,58355,Cash,Russell Pitts,,New Customer
S00167,CU0715,C0025,15-09-2025,2,43930,Cash,Melissa Choi,,Repeating Customer
S00168,CU0194,C0219,12-03-2025,1,71958,Installment,Savannah Miller,,New Customer
S00169,CU0781,C0397,24-02-2023,2,35901,Installment,Gary Hampton,,Repeating Customer
S00170,CU0885,C0128,04-04-2023,1,92359,Cash,David Webster,,New Customer
S00171,CU0620,C0104,16-07-2024,3,78698,Credit,Dustin Lee,,Loyal Customer
S00172,CU0182,C0039,01-04-2023,1,15656,Credit,Susan Harris,,New Customer
S00173,CU0614,C0100,28-07-2025,3,26131,Credit,John Mcgee,,Loyal Customer
S00174,CU1584,C0038,29-01-2023,3,89450,Credit,Derek Wolf,,Loyal Customer
S00175,CU1259,C0352,09-06-2025,1,72631,Credit,Cassandra Salazar,,New Customer
S00176,CU0595,C0089,16-05-2023,2,58555,Credit,Maria Holmes,,Repeating Customer
S00177,CU1976,C0358,19-03-2024,2,31921,Installment,Cheyenne Carey,,Repeating Customer
S00178,CU1627,C0243,09-08-2023,3,92385,Installment,Brian Rocha,,Loyal Customer
S00179,CU1486,C0222,05-03-2025,3,24468,Cash,Rachel Guerrero,,Loyal Customer
S00180,CU0201,C0311,05-02-2024,3,97186,Installment,James Watts,,Loyal Customer
S00181,CU0357,C0306,17-08-2025,1,40462,Installment,Samuel Reynolds,,New Customer
S00182,CU1865,C0265,24-03-2025,1,29628,Installment,Robert Jackson,,New Customer
S00183,CU0263,C0301,27-07-2023,2,99653,Credit,George Jenkins,,Repeating Customer
S00184,CU0993,C0147,20-11-2024,3,22578,Cash,Jose House,,Loyal Customer
S00185,CU0549,C0484,28-10-2024,1,91529,Installment,Mario Bowers,,New Customer
S00186,CU0361,C0019,03-06-2024,1,24362,Installment,Kimberly Smith,,New Customer
S00187,CU1192,C0111,27-12-2023,3,39246,Installment,Jennifer Stevenson,,Loyal Customer
S00188,CU0357,C0165,24-06-2025,1,37557,Credit,Jennifer Hayden,,New Customer
S00189,CU1221,C0286,10-09-2023,3,75212,Credit,Joshua Maldonado,,Loyal Customer
S00190,CU1655,C0298,25-06-2025,2,64748,Cash,John Turner,,Repeating Customer
S00191,CU1545,C0223,22-02-2025,3,86966,Installment,Mr. Steve Wallace,,Loyal Customer
S00192,CU0377,C0288,23-12-2022,2,78737,Installment,Mark Hensley,,Repeating Customer
S00193,CU0086,C0196,06-08-2024,3,49143,Cash,Brian Wright,,Loyal Customer
S00194,CU0319,C0443,06-12-2022,2,29860,Cash,Scott Sharp,,Repeating Customer
S00195,CU1296,C0099,28-09-2024,2,54511,Installment,Andrew Todd,,Repeating Customer
S00196,CU1409,C0163,21-10-2024,3,22083,Cash,Rachel Garcia,,Loyal Customer
S00197,CU0412,C0102,03-08-2024,3,73170,Credit,Ellen Smith,,Loyal Customer
S00198,CU0280,C0094,28-04-2025,2,19753,Cash,Charles Crosby,,Repeating Customer
S00199,CU0384,C0120,25-12-2024,2,80958,Credit,Stephanie Rice,,Repeating Customer
S00200,CU0178,C0302,21-11-2023,3,82337,Credit,Daniel Murray,,Loyal Customer
S00201,CU1253,C0287,20-10-2023,1,68800,Cash,Janet Hanson,,New Customer
S00202,CU0096,C0373,21-01-2025,1,72923,Installment,Angela Davis,,New Customer
S00203,CU0550,C0266,06-10-2023,2,51539,Cash,Michael Anderson,,Repeating Customer
S00204,CU1956,C0096,19-10-2025,2,75440,Installment,Jeremiah Benson,,Repeating Customer
S00205,CU0850,C0266,28-05-2025,2,84566,Cash,Jeffrey Gonzalez,,Repeating Customer
S00206,CU0074,C0232,26-01-2025,1,95300,Credit,Mr. Bryan Johnson,,New Customer
S00207,CU0421,C0222,28-07-2024,2,59323,Cash,Jason Harris,,Repeating Customer
S00208,CU0295,C0128,07-09-2023,1,47049,Installment,Joshua Garrett,,New Customer
S00209,CU0824,C0185,03-06-2023,2,96746,Credit,Daniel Cooper,,Repeating Customer
S00210,CU1261,C0310,14-12-2024,2,34674,Installment,Kyle Howard Jr.,,Repeating Customer
S00211,CU0597,C0070,26-05-2025,1,45107,Installment,James Johnson,,New Customer
S00212,CU0254,C0168,04-10-2024,1,98774,Installment,Julie Jordan,,New Customer
S00213,CU1962,C0096,28-06-2025,2,96114,Credit,Laura Gibson,,Repeating Customer
S00214,CU1822,C0265,03-04-2024,1,82673,Cash,Matthew Schneider,,New Customer
S00215,CU0012,C0123,06-06-2023,3,61217,Credit,Candace Howard,,Loyal Customer
S00216,CU1506,C0366,20-07-2023,1,67455,Credit,Kenneth Rodriguez,,New Customer
S00217,CU0468,C0196,27-07-2024,2,76737,Installment,David Meadows,,Repeating Customer
S00218,CU0065,C0120,29-08-2023,2,58952,Credit,Michael Bowers,,Repeating Customer
S00219,CU1309,C0298,09-07-2023,3,41716,Credit,Kyle King,,Loyal Customer
S00220,CU1850,C0032,14-10-2023,1,52198,Installment,Garrett Hoover,,New Customer
S00221,CU0520,C0304,06-03-2023,3,32534,Credit,Mr. Alan Edwards,,Loyal Customer
S00222,CU1161,C0465,16-04-2025,1,50935,Cash,Kim Wilson,,New Customer
S00223,CU0793,C0492,27-10-2025,1,43195,Cash,Brittany Mcclain,,New Customer
S00224,CU0561,C0028,05-07-2024,2,85561,Credit,Tracy Lambert,,Repeating Customer
S00225,CU1416,C0434,01-11-2024,3,65857,Installment,Ashley Dixon,,Loyal Customer
S00226,CU1924,C0414,15-10-2023,3,90355,Installment,Wesley Sanders,,Loyal Customer
S00227,CU1691,C0190,24-06-2023,2,57195,Cash,Craig Holland,,Repeating Customer
S00228,CU1585,C0168,06-06-2025,1,29997,Cash,Andrea White,,New Customer
S00229,CU1309,C0234,25-01-2024,2,56022,Credit,Michael Mitchell,,Repeating Customer
S00230,CU0547,C0321,03-04-2024,1,58160,Installment,Richard Walker,,New Customer
S00231,CU0718,C0052,17-03-2025,1,88853,Cash,Chloe Lopez,,New Customer
S00232,CU0197,C0182,17-10-2023,2,61925,Installment,Christine Mccarthy,,Repeating Customer
S00233,CU0673,C0410,31-10-2024,2,35485,Installment,Rhonda Baker,,Repeating Customer
S00234,CU0644,C0486,11-03-2024,2,46903,Installment,Andrew Frost,,Repeating Customer
S00235,CU0522,C0280,05-04-2025,2,74243,Cash,Thomas Carey,,Repeating Customer
S00236,CU1467,C0140,26-12-2022,1,92987,Cash,Rebecca Smith,,New Customer
S00237,CU1782,C0137,22-07-2025,3,27852,Installment,Andrew Medina,,Loyal Customer
S00238,CU1117,C0227,15-04-2025,1,45546,Cash,Susan Harrell,,New Customer
S00239,CU0579,C0427,18-03-2024,3,81423,Installment,Jessica Evans,,Loyal Customer
S00240,CU1261,C0077,26-05-2025,1,59198,Installment,Patricia Maxwell,,New Customer
S00241,CU0256,C0034,09-07-2024,2,41986,Credit,Eric Roach,,Repeating Customer
S00242,CU1745,C0333,28-10-2024,2,56631,Installment,Christine Foley,,Repeating Customer
S00243,CU0251,C0111,27-11-2024,3,89056,Installment,James Hernandez,,Loyal Customer
S00244,CU1930,C0430,02-11-2022,2,32520,Credit,Nicole Bishop,,Repeating Customer
S00245,CU0758,C0053,07-11-2023,1,30471,Cash,Scott Moreno,,New Customer
S00246,CU0681,C0083,29-07-2025,3,26373,Cash,Claire Wilson,,Loyal Customer
S00247,CU1423,C0462,02-08-2025,3,81290,Cash,Joshua Bell,,Loyal Customer
S00248,CU0943,C0077,20-01-2025,2,90198,Cash,Jason Johnston,,Repeating Customer
S00249,CU1098,C0149,30-11-2024,1,54758,Installment,Cody Williams,,New Customer
S00250,CU1441,C0243,03-02-2024,1,88267,Installment,Gina Deleon,,New Customer
S00251,CU1924,C0218,21-11-2022,3,38229,Installment,Mark Martinez,,Loyal Customer
S00252,CU0508,C0257,23-07-2024,2,57451,Installment,Andrew Taylor,,Repeating Customer
S00253,CU1206,C0409,09-02-2023,3,75302,Installment,Cindy Reynolds,,Loyal Customer
S00254,CU0387,C0401,10-01-2025,2,60181,Cash,Paul Waters,,Repeating Customer
S00255,CU0183,C0020,24-08-2025,3,58811,Installment,Taylor Holt,,Loyal Customer
S00256,CU0740,C0334,28-06-2025,3,88589,Installment,James Clark,,Loyal Customer
S00257,CU1935,C0305,24-02-2025,2,18220,Credit,Jessica Martinez,,Repeating Customer
S00258,CU0588,C0185,24-01-2025,2,34751,Installment,Mr. John Zhang Jr.,,Repeating Customer
S00259,CU0576,C0102,21-09-2025,1,33153,Installment,Rhonda Martinez,,New Customer
S00260,CU1278,C0180,01-06-2023,1,78165,Credit,Trevor Garcia,,New Customer
S00261,CU1040,C0240,08-08-2024,2,87438,Credit,Roy Williams,,Repeating Customer
S00262,CU0076,C0047,01-03-2024,2,71217,Cash,Andres Valencia,,Repeating Customer
S00263,CU0157,C0212,05-12-2022,3,17840,Cash,Bryan Robinson,,Loyal Customer
S00264,CU1405,C0165,14-06-2023,3,64231,Installment,Sue Maldonado,,Loyal Customer
S00265,CU0766,C0186,15-08-2025,2,95447,Credit,Nicole Bernard,,Repeating Customer
S00266,CU1571,C0248,09-09-2023,2,79945,Credit,Jessica Watson,,Repeating Customer
S00267,CU1327,C0350,03-06-2025,3,51518,Installment,Dr. Nicholas Berry Jr.,,Loyal Customer
S00268,CU0614,C0121,11-06-2024,1,25276,Cash,Lauren Phillips,,New Customer
S00269,CU1642,C0142,09-05-2025,2,59562,Cash,Kelly Harrison,,Repeating Customer
S00270,CU0831,C0463,12-08-2023,2,68405,Installment,Patricia Briggs,,Repeating Customer
S00271,CU0389,C0090,31-10-2023,2,42933,Cash,Ricardo Salazar,,Repeating Customer
S00272,CU0040,C0305,05-04-2023,2,84361,Installment,Maurice Armstrong,,Repeating Customer
S00273,CU1635,C0178,10-07-2025,1,40520,Cash,Kari Anderson,,New Customer
S00274,CU1030,C0336,29-02-2024,2,36321,Installment,James Tate,,Repeating Customer
S00275,CU0229,C0427,28-11-2022,3,66971,Installment,Katelyn Williams DVM,,Loyal Customer
S00276,CU0608,C0229,31-07-2025,1,93860,Installment,Andrew Osborne,,New Customer
S00277,CU1215,C0479,14-09-2024,1,88240,Credit,Tammy Hawkins,,New Customer
S00278,CU1524,C0148,07-07-2024,1,54232,Credit,Karen Riley,,New Customer
S00279,CU1860,C0162,27-06-2024,3,93810,Cash,Tony Munoz,,Loyal Customer
S00280,CU1732,C0100,07-07-2024,1,64056,Cash,Nicholas Turner,,New Customer
S00281,CU1332,C0426,17-09-2025,1,19318,Credit,Natalie Reyes,,New Customer
S00282,CU1131,C0495,17-11-2022,2,74298,Credit,Jordan Bell,,Repeating Customer
S00283,CU0756,C0036,19-05-2024,3,51591,Cash,Alexander Hill,,Loyal Customer
S00284,CU1159,C0172,06-05-2024,3,96799,Installment,Brandon Gonzalez,,Loyal Customer
S00285,CU1982,C0438,01-05-2024,3,65232,Installment,April Sandoval,,Loyal Customer
S00286,CU0821,C0258,31-05-2024,1,28923,Credit,Victoria Martinez,,New Customer
S00287,CU0255,C0029,09-12-2022,1,29937,Credit,Linda Lawrence,,New Customer
S00288,CU0392,C0028,12-08-2023,2,82636,Installment,Kelly Howard,,Repeating Customer
S00289,CU1605,C0464,05-09-2025,2,52411,Cash,Vickie Hernandez,,Repeating Customer
S00290,CU1844,C0483,29-07-2024,3,73230,Installment,Danny Romero,,Loyal Customer
S00291,CU1550,C0096,04-07-2023,1,79064,Installment,Connie Ashley,,New Customer
S00292,CU0704,C0238,23-11-2022,2,61030,Installment,Gina Montgomery,,Repeating Customer
S00293,CU0404,C0240,25-07-2025,3,60845,Cash,Jerry Duncan,,Loyal Customer
S00294,CU1939,C0359,29-01-2024,1,76585,Cash,Brad Thomas,,New Customer
S00295,CU1959,C0460,06-08-2023,1,47243,Installment,Lori Brown,,New Customer
S00296,CU0522,C0450,12-07-2024,2,98646,Installment,Autumn Howe,,Repeating Customer
S00297,CU1114,C0318,02-06-2024,1,46838,Credit,Renee Henry,,New Customer
S00298,CU1943,C0467,01-08-2023,2,96710,Credit,Kathy Phillips,,Repeating Customer
S00299,CU1786,C0141,28-03-2024,3,54757,Installment,Melissa Leach,,Loyal Customer
S00300,CU0061,C0241,30-11-2022,2,55056,Credit,Robert Schwartz,,Repeating Customer
S00301,CU0856,C0441,22-09-2024,1,48809,Credit,Tyler Terry,,New Customer
S00302,CU0867,C0263,30-04-2024,3,60478,Installment,Stephanie Roberts,,Loyal Customer
S00303,CU1297,C0457,27-06-2025,1,53918,Installment,Karen Mason,,New Customer
S00304,CU0558,C0119,24-03-2024,2,89526,Installment,Charles Davis,,Repeating Customer
S00305,CU0743,C0463,07-08-2023,3,45527,Installment,Steven Evans,,Loyal Customer
S00306,CU0073,C0102,12-05-2024,1,27192,Cash,Jane Hawkins MD,,New Customer
S00307,CU1493,C0088,24-03-2025,2,62432,Cash,Jonathan Smith,,Repeating Customer
S00308,CU1948,C0312,02-06-2024,2,33981,Installment,Mark Rivera,,Repeating Customer
S00309,CU0425,C0327,11-12-2023,2,85217,Credit,Miss Mary Hester,,Repeating Customer
S00310,CU1982,C0214,27-02-2024,2,96150,Cash,Amy Weaver,,Repeating Customer
S00311,CU1850,C0340,24-01-2023,2,68066,Installment,Michael Lee,,Repeating Customer
S00312,CU0421,C0267,03-01-2025,3,56331,Installment,Sheila Savage,,Loyal Customer
S00313,CU0398,C0167,27-11-2023,1,90210,Cash,Peter Fisher,,New Customer
S00314,CU0718,C0104,30-06-2024,3,61701,Credit,Denise Palmer,,Loyal Customer
S00315,CU0248,C0489,05-12-2023,3,92271,Credit,William Spencer,,Loyal Customer
S00316,CU0808,C0021,07-11-2022,2,61022,Credit,Katherine Larsen,,Repeating Customer
S00317,CU0372,C0397,03-10-2024,3,60360,Credit,Marissa Arnold,,Loyal Customer
S00318,CU0569,C0204,05-05-2025,2,81314,Credit,Susan Barnes,,Repeating Customer
S00319,CU1304,C0266,11-02-2024,1,31499,Installment,Eric Glenn,,New Customer
S00320,CU0794,C0187,22-05-2025,3,60067,Installment,Stephen Nichols,,Loyal Customer
S00321,CU1551,C0208,07-07-2024,3,39026,Cash,Thomas Cole,,Loyal Customer
S00322,CU0484,C0024,02-03-2025,1,61354,Installment,Kimberly Lopez,,New Customer
S00323,CU1504,C0089,07-06-2024,2,30109,Credit,Trevor Barron,,Repeating Customer
S00324,CU0137,C0399,06-04-2024,3,53256,Cash,Heather George,,Loyal Customer
S00325,CU1518,C0462,04-06-2025,3,19838,Installment,Sarah Hall MD,,Loyal Customer
S00326,CU0355,C0451,11-10-2023,3,63464,Cash,Kaitlyn Jones,,Loyal Customer
S00327,CU1340,C0034,17-01-2025,3,20894,Credit,Douglas Thompson,,Loyal Customer
S00328,CU1622,C0287,10-04-2023,3,85646,Installment,John Pearson,,Loyal Customer
S00329,CU0788,C0348,17-10-2023,3,57022,Credit,Allison Lewis,,Loyal Customer
S00330,CU0613,C0500,08-08-2023,3,49556,Cash,Bruce Bradley,,Loyal Customer
S00331,CU1110,C0354,05-06-2024,3,80090,Cash,Mark Cox,,Loyal Customer
S00332,CU0766,C0448,31-10-2023,2,28884,Cash,Anthony Lee,,Repeating Customer
S00333,CU1794,C0126,13-11-2024,3,61020,Cash,Carl Williams,,Loyal Customer
S00334,CU1558,C0150,24-12-2023,3,77590,Installment,Meghan Waller,,Loyal Customer
S00335,CU1860,C0194,06-03-2024,2,88734,Credit,Melissa Myers,,Repeating Customer
S00336,CU1853,C0121,02-06-2025,2,68297,Credit,Ann Montgomery,,Repeating Customer
S00337,CU0848,C0215,27-10-2024,3,25017,Installment,Caitlin Bautista,,Loyal Customer
S00338,CU0532,C0476,10-11-2024,3,29543,Cash,Sue Werner,,Loyal Customer
S00339,CU1957,C0289,24-11-2024,3,28463,Installment,Eric Kim,,Loyal Customer
S00340,CU1241,C0491,08-03-2023,3,44435,Credit,Danielle Spears,,Loyal Customer
S00341,CU0372,C0028,14-05-2025,2,70735,Installment,Keith Davidson,,Repeating Customer
S00342,CU1150,C0146,14-11-2022,2,77579,Cash,Christopher Ellis,,Repeating Customer
S00343,CU0829,C0240,24-09-2024,3,95436,Cash,Mark Patrick,,Loyal Customer
S00344,CU1578,C0087,31-05-2025,2,81092,Credit,Gary Green,,Repeating Customer
S00345,CU0363,C0217,18-12-2022,2,50697,Installment,Julian Jackson,,Repeating Customer
S00346,CU0481,C0483,08-04-2024,1,17311,Credit,Joseph Morales,,New Customer
S00347,CU0517,C0288,24-12-2022,1,65602,Installment,Lisa Rangel,,New Customer
S00348,CU0904,C0476,21-03-2025,3,33197,Credit,Mary Elliott,,Loyal Customer
S00349,CU0027,C0136,28-03-2025,2,61335,Installment,Heather Woods,,Repeating Customer
S00350,CU1127,C0280,22-02-2024,2,42245,Credit,Mary Finley,,Repeating Customer
S00351,CU0023,C0186,01-09-2024,3,39936,Credit,Emma Fuentes,,Loyal Customer
S00352,CU1021,C0129,04-05-2025,1,47076,Installment,Michael Norman,,New Customer
S00353,CU1149,C0006,09-10-2025,3,66899,Installment,Jason Hall,,Loyal Customer
S00354,CU0616,C0302,11-04-2025,3,78508,Installment,Alexander Davis II,,Loyal Customer
S00355,CU0110,C0163,23-10-2025,3,57981,Credit,Mary Rich,,Loyal Customer
S00356,CU1168,C0423,14-01-2024,3,53389,Credit,Joseph Wood,,Loyal Customer
S00357,CU1285,C0076,04-01-2025,1,77347,Cash,Gilbert Pacheco,,New Customer
S00358,CU0187,C0308,10-08-2023,3,43110,Credit,Randy Jackson,,Loyal Customer
S00359,CU0260,C0221,10-02-2023,2,87178,Credit,John Kim,,Repeating Customer
S00360,CU0963,C0099,13-02-2024,3,31410,Credit,Dennis Gillespie,,Loyal Customer
S00361,CU0742,C0087,11-12-2023,3,53536,Cash,Aimee Butler,,Loyal Customer
S00362,CU0446,C0498,05-10-2023,3,21063,Cash,Jennifer Smith,,Loyal Customer
S00363,CU1971,C0416,19-12-2022,1,76522,Credit,Allison Cantu,,New Customer
S00364,CU1251,C0299,18-12-2023,3,19673,Credit,Heather Crawford,,Loyal Customer
S00365,CU1008,C0260,04-04-2024,3,18082,Credit,Austin Jenkins,,Loyal Customer
S00366,CU1795,C0144,01-03-2025,3,49488,Installment,Michelle Harmon,,Loyal Customer
S00367,CU0968,C0053,15-01-2023,3,16110,Credit,Jordan Welch,,Loyal Customer
S00368,CU1704,C0160,24-09-2023,3,61924,Credit,Joseph Stephens,,Loyal Customer
S00369,CU0384,C0490,17-07-2023,1,46254,Credit,Kurt Thompson,,New Customer
S00370,CU0838,C0224,28-03-2023,2,85977,Credit,Lisa Huynh,,Repeating Customer
S00371,CU1720,C0259,20-07-2023,3,21390,Cash,Renee Ware,,Loyal Customer
S00372,CU1975,C0326,06-08-2025,3,80889,Installment,Daniel Mercer,,Loyal Customer
S00373,CU0731,C0303,03-11-2024,3,19141,Credit,Clayton Webster,,Loyal Customer
S00374,CU0217,C0043,02-08-2023,3,86651,Cash,Felicia Chang,,Loyal Customer
S00375,CU0355,C0234,05-10-2024,1,88818,Installment,Alexander George,,New Customer
S00376,CU0560,C0039,19-10-2023,3,49612,Credit,Joshua Lopez,,Loyal Customer
S00377,CU0638,C0389,03-12-2022,1,23628,Credit,Rhonda Howard,,New Customer
S00378,CU0699,C0026,04-11-2022,1,65149,Credit,Dr. Karen Monroe,,New Customer
S00379,CU1496,C0317,18-04-2024,1,22856,Installment,Lisa Rose,,New Customer
S00380,CU1336,C0279,20-10-2023,2,68275,Installment,Jeremiah Mendez,,Repeating Customer
S00381,CU0998,C0342,07-01-2025,3,39203,Installment,Joshua Mejia,,Loyal Customer
S00382,CU0218,C0224,18-03-2023,1,48804,Cash,Donald Gonzales,,New Customer
S00383,CU0523,C0314,02-10-2025,2,36455,Cash,Jesse Bishop,,Repeating Customer
S00384,CU1073,C0271,08-08-2024,3,69835,Cash,Terry Price,,Loyal Customer
S00385,CU0935,C0334,07-12-2023,1,48670,Cash,Vanessa Castro,,New Customer
S00386,CU0597,C0106,14-10-2025,3,54241,Credit,Susan Pearson,,Loyal Customer
S00387,CU0227,C0015,08-04-2023,1,56468,Installment,Jeremy Hawkins,,New Customer
S00388,CU1830,C0253,09-07-2025,1,24774,Installment,Ronald Singleton,,New Customer
S00389,CU1059,C0042,12-09-2025,3,36843,Cash,Christopher Jones,,Loyal Customer
S00390,CU0972,C0294,06-07-2024,1,73352,Credit,Michelle Jones DDS,,New Customer
S00391,CU1630,C0084,13-11-2024,1,26675,Installment,Nicholas Little,,New Customer
S00392,CU1211,C0319,15-04-2025,1,94913,Credit,Nancy Wheeler,,New Customer
S00393,CU0832,C0069,11-06-2024,3,78757,Cash,Grace Gomez,,Loyal Customer
S00394,CU1542,C0324,20-07-2023,1,81199,Cash,Kevin Baker,,New Customer
S00395,CU0427,C0019,04-03-2023,1,74061,Installment,Christopher Tate,,New Customer
S00396,CU0253,C0468,22-01-2025,3,86118,Credit,Clayton Conrad,,Loyal Customer
S00397,CU1673,C0190,07-04-2025,2,42259,Credit,Joyce Hall,,Repeating Customer
S00398,CU1933,C0100,10-01-2023,2,89231,Installment,Nicholas Trevino,,Repeating Customer
S00399,CU1952,C0236,29-04-2023,2,36450,Installment,Rachel Cook,,Repeating Customer
S00400,CU1819,C0118,14-12-2022,2,34147,Credit,Summer Irwin,,Repeating Customer
S00401,CU0304,C0196,25-01-2024,3,41306,Installment,Michael English,,Loyal Customer
S00402,CU1028,C0409,04-05-2025,3,99356,Cash,Ann Taylor,,Loyal Customer
S00403,CU0838,C0472,26-03-2023,2,66007,Installment,George Garcia,,Repeating Customer
S00404,CU1073,C0496,04-01-2024,3,20771,Cash,Sean Herrera,,Loyal Customer
S00405,CU0325,C0121,31-10-2024,1,77163,Installment,David Craig,,New Customer
S00406,CU0346,C0160,27-07-2024,1,53858,Installment,David Moran,,New Customer
S00407,CU0375,C0109,24-07-2023,1,72079,Cash,Dale Espinoza,,New Customer
S00408,CU1391,C0395,28-07-2025,3,56456,Cash,Andrew Smith,,Loyal Customer
S00409,CU1346,C0345,21-01-2025,3,36848,Installment,Madison King,,Loyal Customer
S00410,CU0493,C0234,14-06-2025,3,18576,Cash,Lori Bailey,,Loyal Customer
S00411,CU1896,C0365,09-02-2025,3,48380,Installment,Laurie Hernandez,,Loyal Customer
S00412,CU1623,C0191,09-02-2024,2,29246,Cash,Julie Wilson,,Repeating Customer
S00413,CU1837,C0464,20-05-2025,2,68348,Installment,Edwin Garcia,,Repeating Customer
S00414,CU0590,C0155,09-04-2024,2,81622,Installment,David Reese,,Repeating Customer
S00415,CU0641,C0192,21-02-2023,2,31218,Credit,Brian Garcia,,Repeating Customer
S00416,CU1134,C0111,27-01-2025,2,47781,Cash,Hannah Vang,,Repeating Customer
S00417,CU1585,C0304,12-03-2023,2,70393,Cash,Daniel Mcclure,,Repeating Customer
S00418,CU0071,C0090,15-01-2023,3,48554,Credit,Kristen Marshall,,Loyal Customer
S00419,CU0552,C0248,01-07-2024,2,30156,Credit,Cody Boyd,,Repeating Customer
S00420,CU1380,C0321,29-10-2023,1,31691,Cash,Ashley Anderson,,New Customer
S00421,CU0845,C0288,24-09-2023,2,47066,Credit,Mary Warner,,Repeating Customer
S00422,CU1600,C0134,19-08-2024,3,27288,Credit,Christopher Wright,,Loyal Customer
S00423,CU1766,C0279,30-01-2025,2,25239,Installment,Jamie Smith,,Repeating Customer
S00424,CU0911,C0142,25-06-2023,1,95486,Installment,Steven Cortez,,New Customer
S00425,CU0845,C0292,19-08-2025,1,64093,Installment,Cindy Aguilar,,New Customer
S00426,CU1625,C0332,02-11-2024,2,34792,Installment,Ryan Mason,,Repeating Customer
S00427,CU0997,C0247,29-02-2024,1,79993,Cash,Alicia Sullivan,,New Customer
S00428,CU0433,C0382,10-05-2024,1,43827,Installment,Patricia Moss,,New Customer
S00429,CU1509,C0232,28-09-2023,3,97754,Credit,Jonathan Burke,,Loyal Customer
S00430,CU0220,C0021,18-03-2023,1,27597,Credit,Ryan Warren,,New Customer
S00431,CU0646,C0497,18-06-2024,2,36455,Cash,Christopher Woods,,Repeating Customer
S00432,CU1982,C0369,10-04-2025,1,19588,Installment,Rebecca Brandt,,New Customer
S00433,CU0188,C0500,31-08-2024,1,76447,Installment,Jodi Greene,,New Customer
S00434,CU0955,C0479,20-03-2023,2,67591,Installment,Jennifer Hubbard,,Repeating Customer
S00435,CU1590,C0040,21-06-2024,1,24090,Credit,Shelley Ford,,New Customer
S00436,CU1885,C0123,15-02-2025,2,98477,Cash,Travis Lee,,Repeating Customer
S00437,CU0493,C0167,19-03-2024,3,21163,Cash,Stephanie Kim,,Loyal Customer
S00438,CU0219,C0190,26-10-2024,1,50276,Installment,Tara Wilson,,New Customer
S00439,CU1305,C0093,08-12-2023,2,85970,Installment,Jacob Sullivan,,Repeating Customer
S00440,CU1543,C0423,19-01-2023,3,85168,Installment,Andrea Brooks,,Loyal Customer
S00441,CU0028,C0020,15-08-2023,2,68142,Credit,Michael Lewis,,Repeating Customer
S00442,CU1399,C0049,06-10-2025,2,52528,Cash,Melissa Schwartz,,Repeating Customer
S00443,CU0349,C0358,09-06-2023,3,33007,Installment,Ashley Williams,,Loyal Customer
S00444,CU1673,C0484,24-08-2023,1,76456,Cash,George Griffin,,New Customer
S00445,CU0957,C0114,08-03-2023,2,84886,Installment,James King,,Repeating Customer
S00446,CU0386,C0161,11-08-2025,2,71634,Cash,Tiffany Turner,,Repeating Customer
S00447,CU1917,C0218,15-04-2024,2,64409,Cash,Jamie James,,Repeating Customer
S00448,CU1630,C0327,19-11-2024,2,81474,Cash,Marie Wells,,Repeating Customer
S00449,CU0954,C0053,27-11-2022,3,58745,Cash,Adam Jones,,Loyal Customer
S00450,CU1602,C0162,05-07-2025,2,44552,Installment,Kevin Harris,,Repeating Customer
S00451,CU0347,C0494,24-01-2024,2,59251,Cash,Justin Edwards,,Repeating Customer
S00452,CU1086,C0290,09-01-2025,2,79848,Credit,Rebecca Galvan,,Repeating Customer
S00453,CU0348,C0492,01-10-2024,2,22974,Installment,Stephen Shepherd,,Repeating Customer
S00454,CU1215,C0189,14-11-2024,3,95687,Credit,Sarah Castaneda,,Loyal Customer
S00455,CU0955,C0120,30-03-2025,2,62796,Credit,Nicole Hatfield,,Repeating Customer
S00456,CU1894,C0386,25-07-2025,3,77475,Credit,Hector Adams,,Loyal Customer
S00457,CU0833,C0417,23-04-2023,2,47399,Credit,Steven Brown,,Repeating Customer
S00458,CU1030,C0171,16-01-2023,2,26996,Installment,Jennifer Brooks,,Repeating Customer
S00459,CU0014,C0497,02-02-2023,1,58123,Installment,Lisa Thompson,,New Customer
S00460,CU0356,C0029,04-01-2023,1,30974,Credit,Joshua Gomez,,New Customer
S00461,CU1261,C0050,23-01-2025,3,63170,Installment,Rachel Coleman,,Loyal Customer
S00462,CU1831,C0172,21-09-2024,2,75354,Cash,Jennifer George,,Repeating Customer
S00463,CU0309,C0135,20-02-2024,1,94838,Credit,Sabrina Miller,,New Customer
S00464,CU0710,C0485,11-10-2025,3,85250,Credit,Dale Craig,,Loyal Customer
S00465,CU1297,C0064,21-03-2023,3,80831,Cash,Phillip Carey,,Loyal Customer
S00466,CU1677,C0111,03-02-2023,1,99050,Credit,Jennifer Ibarra,,New Customer
S00467,CU0278,C0176,21-06-2025,2,94024,Cash,Maria Reed,,Repeating Customer
S00468,CU0229,C0314,23-11-2024,1,78438,Credit,Stephanie Swanson,,New Customer
S00469,CU0775,C0275,25-07-2023,1,35923,Installment,Bruce Lopez,,New Customer
S00470,CU0178,C0263,22-11-2023,2,78481,Credit,Dana Mcgrath,,Repeating Customer
S00471,CU0773,C0417,11-04-2024,2,68185,Installment,Ashley Levine,,Repeating Customer
S00472,CU0292,C0192,22-03-2023,1,21345,Credit,Shari Neal,,New Customer
S00473,CU0354,C0225,07-07-2023,1,89174,Installment,Daniel Nixon,,New Customer
S00474,CU0225,C0328,06-07-2023,1,70990,Cash,Ricky Brown,,New Customer
S00475,CU0697,C0463,02-04-2023,2,29661,Cash,Mrs. Julie Sosa,,Repeating Customer
S00476,CU1158,C0287,13-11-2022,2,80525,Credit,Laura Morales,,Repeating Customer
S00477,CU0183,C0247,20-02-2024,1,91922,Installment,Erika Martin,,New Customer
S00478,CU0187,C0121,13-04-2024,1,69412,Cash,Kathleen Grant,,New Customer
S00479,CU1888,C0338,29-12-2023,1,53259,Credit,Alexis Sanchez,,New Customer
S00480,CU1584,C0452,07-08-2024,1,91232,Credit,George Rose,,New Customer
S00481,CU1705,C0423,04-02-2025,3,36198,Cash,Mrs. Christine Thompson,,Loyal Customer
S00482,CU0730,C0083,05-12-2024,3,38039,Cash,Brian Hill,,Loyal Customer
S00483,CU0305,C0242,16-03-2023,2,67242,Cash,April Miller,,Repeating Customer
S00484,CU1113,C0478,19-03-2023,3,77050,Credit,Scott West,,Loyal Customer
S00485,CU0905,C0407,21-06-2025,1,53095,Credit,Alicia Garcia,,New Customer
S00486,CU1011,C0029,30-09-2024,3,54234,Cash,Angela Colon,,Loyal Customer
S00487,CU1122,C0083,11-03-2025,2,39452,Cash,Jordan Hunt MD,,Repeating Customer
S00488,CU1499,C0413,09-08-2024,1,51853,Installment,Jennifer Wallace,,New Customer
S00489,CU1769,C0123,17-08-2024,3,42903,Credit,Alicia Smith,,Loyal Customer
S00490,CU0526,C0329,29-07-2023,2,88876,Credit,Ryan Schwartz,,Repeating Customer
S00491,CU1882,C0391,27-08-2025,3,37421,Cash,Erica Johnson,,Loyal Customer
S00492,CU1597,C0085,24-06-2025,1,86177,Installment,Adam Cohen,,New Customer
S00493,CU0334,C0359,15-10-2024,3,79327,Cash,Dr. Rachel Henderson,,Loyal Customer
S00494,CU1340,C0349,30-10-2023,3,80281,Cash,Kenneth Ruiz,,Loyal Customer
S00495,CU0895,C0491,05-11-2024,1,83946,Installment,Jason Wright,,New Customer
S00496,CU0390,C0416,15-08-2023,2,53638,Credit,Richard Gibson,,Repeating Customer
S00497,CU1727,C0267,13-02-2023,1,48784,Credit,Michael Pena,,New Customer
S00498,CU1540,C0305,09-05-2023,3,43676,Credit,Amber Foster,,Loyal Customer
S00499,CU1539,C0165,08-04-2024,1,87459,Installment,James Collins,,New Customer
S00500,CU1696,C0029,06-06-2025,2,88938,Installment,Douglas Johnston,,Repeating Customer
S00501,CU0690,C0058,06-10-2024,2,90161,Cash,Amber Wood,,Repeating Customer
S00502,CU0279,C0224,06-07-2025,1,83645,Installment,Amber Ramirez,,New Customer
S00503,CU1097,C0055,20-03-2025,3,71841,Installment,Bradley Fisher,,Loyal Customer
S00504,CU0205,C0383,11-01-2024,2,60653,Installment,Timothy Moon,,Repeating Customer
S00505,CU1258,C0044,13-11-2024,2,49238,Credit,Thomas Kirk,,Repeating Customer
S00506,CU0146,C0142,11-12-2023,1,88185,Credit,Laurie Lee,,New Customer
S00507,CU0297,C0256,18-03-2023,1,33726,Credit,Steven Jackson,,New Customer
S00508,CU0608,C0333,16-02-2025,3,55121,Credit,Zachary Flowers,,Loyal Customer
S00509,CU1328,C0398,14-10-2024,2,98385,Installment,Seth Hoover,,Repeating Customer
S00510,CU0577,C0237,14-02-2025,2,42460,Cash,Cory Ponce,,Repeating Customer
S00511,CU1646,C0241,18-05-2023,1,97142,Cash,Abigail Gomez,,New Customer
S00512,CU1127,C0366,15-04-2024,3,76107,Credit,Michael Rowe,,Loyal Customer
S00513,CU1186,C0168,02-06-2023,1,38297,Installment,Tanner Hill,,New Customer
S00514,CU0499,C0030,22-12-2022,3,26495,Credit,Samantha Murphy,,Loyal Customer
S00515,CU0816,C0096,12-03-2023,3,36707,Cash,William Martinez,,Loyal Customer
S00516,CU1809,C0293,27-01-2025,1,87784,Cash,Nicole Cole,,New Customer
S00517,CU1562,C0174,01-08-2023,2,60404,Credit,Gloria Bryant,,Repeating Customer
S00518,CU1023,C0151,24-09-2025,3,63740,Cash,Anthony Strickland,,Loyal Customer
S00519,CU0860,C0468,15-03-2024,1,21460,Credit,Paige Bryant,,New Customer
S00520,CU0597,C0192,28-09-2024,2,48515,Installment,Christopher King,,Repeating Customer
S00521,CU0793,C0362,22-02-2023,1,64690,Credit,Aaron Carroll,,New Customer
S00522,CU0691,C0415,26-01-2024,1,97632,Installment,Jennifer Adams,,New Customer
S00523,CU1116,C0073,26-09-2025,3,52374,Installment,Julie Gonzalez,,Loyal Customer
S00524,CU0825,C0070,04-07-2025,3,86123,Installment,Madison Cobb,,Loyal Customer
S00525,CU0448,C0227,05-01-2023,1,86853,Cash,April Holt,,New Customer
S00526,CU0997,C0153,20-11-2022,3,60875,Cash,Corey Bailey,,Loyal Customer
S00527,CU0680,C0361,20-10-2023,2,89709,Installment,Veronica Klein,,Repeating Customer
S00528,CU0834,C0334,15-12-2023,3,30840,Installment,Chris Taylor,,Loyal Customer
S00529,CU0210,C0096,10-04-2025,1,86138,Installment,Anne Kennedy,,New Customer
S00530,CU1385,C0287,05-11-2022,2,51256,Cash,Deborah Garcia,,Repeating Customer
S00531,CU1762,C0265,17-03-2023,1,16142,Credit,Katie Castaneda,,New Customer
S00532,CU1129,C0436,01-07-2025,3,17338,Installment,Connie Dixon,,Loyal Customer
S00533,CU0462,C0343,23-12-2022,1,72245,Credit,Carrie Phillips,,New Customer
S00534,CU0206,C0334,05-07-2025,3,84385,Installment,Edward King,,Loyal Customer
S00535,CU0609,C0247,14-09-2023,1,18607,Credit,Darren Rodriguez,,New Customer
S00536,CU0420,C0045,22-04-2023,3,48395,Installment,Adam Jackson,,Loyal Customer
S00537,CU1417,C0359,28-07-2023,2,43935,Installment,Ray Kim,,Repeating Customer
S00538,CU1529,C0086,09-08-2024,2,35479,Credit,Wayne Mcclain,,Repeating Customer
S00539,CU0712,C0363,17-06-2023,1,33666,Credit,Rachel Baker,,New Customer
S00540,CU0383,C0129,25-01-2023,2,31170,Cash,Michael Lewis,,Repeating Customer
S00541,CU1543,C0075,29-10-2025,3,46507,Cash,Crystal Archer,,Loyal Customer
S00542,CU1976,C0364,11-06-2024,2,45081,Credit,Destiny Warner,,Repeating Customer
S00543,CU0380,C0025,26-03-2025,1,43298,Cash,Kimberly Jones,,New Customer
S00544,CU0342,C0275,04-10-2025,1,34558,Installment,Kelsey King,,New Customer
S00545,CU0491,C0166,28-04-2023,2,33626,Credit,April Knox,,Repeating Customer
S00546,CU0275,C0229,27-02-2025,1,94975,Installment,Michael Davis,,New Customer
S00547,CU1666,C0320,01-03-2025,1,49571,Cash,Raymond Curry,,New Customer
S00548,CU0760,C0367,27-06-2023,3,67518,Installment,Kelli Garrett,,Loyal Customer
S00549,CU0266,C0448,07-02-2023,1,51206,Credit,Susan Ayers,,New Customer
S00550,CU1335,C0418,19-12-2024,3,29701,Credit,Kimberly Salazar,,Loyal Customer
S00551,CU1861,C0373,18-07-2025,1,26080,Installment,Jason Black,,New Customer
S00552,CU1052,C0019,09-01-2023,2,61134,Cash,Karen Owens,,Repeating Customer
S00553,CU1261,C0500,13-03-2023,2,16342,Cash,Jose Kirby,,Repeating Customer
S00554,CU0385,C0091,31-07-2023,1,34558,Installment,Robert Evans,,New Customer
S00555,CU1341,C0340,10-06-2025,3,91870,Cash,Kristina Hayes,,Loyal Customer
S00556,CU1209,C0423,01-03-2023,3,43938,Credit,Raymond Contreras,,Loyal Customer
S00557,CU1076,C0229,02-09-2024,3,96008,Installment,Kendra Richardson,,Loyal Customer
S00558,CU1479,C0156,02-05-2024,3,66972,Credit,Shelby Leblanc,,Loyal Customer
S00559,CU0761,C0146,19-04-2024,1,50675,Credit,Sheila Roberts,,New Customer
S00560,CU0939,C0264,21-08-2024,1,56024,Credit,Erica Lee,,New Customer
S00561,CU1682,C0250,07-01-2023,2,43966,Cash,Sarah Stanley PhD,,Repeating Customer
S00562,CU0328,C0443,07-05-2024,2,56320,Credit,Frank Simpson,,Repeating Customer
S00563,CU1588,C0210,04-04-2024,1,41879,Cash,Steven Burton,,New Customer
S00564,CU0055,C0265,02-05-2025,3,29482,Credit,David Mendez,,Loyal Customer
S00565,CU1767,C0360,23-07-2025,2,47334,Installment,Jamie Bell,,Repeating Customer
S00566,CU0542,C0009,11-09-2023,1,46056,Cash,Jason Ellis,,New Customer
S00567,CU1060,C0118,15-10-2024,2,23925,Credit,Mikayla Deleon PhD,,Repeating Customer
S00568,CU1348,C0377,02-10-2024,3,82077,Credit,Tammy Boyle,,Loyal Customer
S00569,CU0475,C0198,02-06-2025,3,70073,Cash,Richard Lowe,,Loyal Customer
S00570,CU0755,C0248,12-03-2023,2,76954,Credit,Sean Cummings,,Repeating Customer
S00571,CU0133,C0454,05-11-2023,1,44076,Installment,Susan Hess,,New Customer
S00572,CU1112,C0214,01-03-2023,2,58879,Installment,Tasha Henderson,,Repeating Customer
S00573,CU0532,C0146,22-09-2023,3,33377,Installment,David Norris,,Loyal Customer
S00574,CU1302,C0341,29-12-2023,3,22599,Credit,Samuel Mueller,,Loyal Customer
S00575,CU1440,C0158,31-03-2025,2,59343,Credit,Mary Jarvis,,Repeating Customer
S00576,CU1876,C0333,17-12-2022,1,61934,Cash,Richard Foster,,New Customer
S00577,CU1003,C0422,29-11-2022,3,24356,Installment,Kristy Lynch,,Loyal Customer
S00578,CU0700,C0475,19-03-2025,2,47703,Installment,Zachary Holland,,Repeating Customer
S00579,CU1040,C0062,18-01-2024,3,98628,Credit,Nicholas Green,,Loyal Customer
S00580,CU0312,C0163,17-04-2024,3,27330,Cash,Michael Bennett,,Loyal Customer
S00581,CU1747,C0081,15-08-2025,1,61226,Installment,Jacob Horton,,New Customer
S00582,CU0459,C0345,19-08-2025,3,79073,Installment,Robert Pham,,Loyal Customer
S00583,CU1828,C0202,01-03-2025,2,70417,Installment,Jasmine Vazquez,,Repeating Customer
S00584,CU1311,C0482,11-11-2022,1,97309,Cash,Sheila Smith,,New Customer
S00585,CU0978,C0389,24-12-2024,2,15525,Credit,Dawn Conner,,Repeating Customer
S00586,CU0077,C0025,09-04-2023,2,80385,Cash,Richard Turner,,Repeating Customer
S00587,CU1942,C0019,24-01-2024,1,50046,Cash,Bruce Garcia,,New Customer
S00588,CU0140,C0418,02-04-2024,2,18844,Installment,Theresa Ward,,Repeating Customer
S00589,CU0532,C0315,26-11-2022,2,92353,Installment,Tina Bolton,,Repeating Customer
S00590,CU1406,C0013,13-11-2022,3,31021,Installment,Karen Carney,,Loyal Customer
S00591,CU1662,C0093,19-11-2023,2,22817,Credit,Edward Flores,,Repeating Customer
S00592,CU0992,C0475,26-10-2023,1,39019,Credit,Christopher Rodriguez,,New Customer
S00593,CU0786,C0323,20-12-2024,3,41453,Credit,Jordan Delgado,,Loyal Customer
S00594,CU1747,C0468,17-07-2023,3,95025,Installment,Brandon Benson,,Loyal Customer
S00595,CU0881,C0487,30-05-2025,1,15176,Cash,Jerry Rocha,,New Customer
S00596,CU0481,C0293,03-05-2024,3,92078,Cash,Donald Lara,,Loyal Customer
S00597,CU0546,C0241,10-03-2025,1,63312,Cash,Brittany Jackson MD,,New Customer
S00598,CU1591,C0239,22-06-2025,3,46209,Installment,Kimberly Smith,,Loyal Customer
S00599,CU1977,C0213,30-09-2024,2,90454,Installment,Patricia Anderson,,Repeating Customer
S00600,CU0089,C0472,03-04-2023,2,99027,Credit,Renee Conner,,Repeating Customer
S00601,CU1597,C0224,01-06-2024,3,75205,Installment,Kyle Thompson,,Loyal Customer
S00602,CU0564,C0392,15-02-2025,2,46921,Credit,Ronnie Holmes,,Repeating Customer
S00603,CU1711,C0216,29-04-2023,3,23375,Installment,Michelle Jacobs,,Loyal Customer
S00604,CU0500,C0163,09-03-2023,3,90414,Installment,Crystal Wilson,,Loyal Customer
S00605,CU0312,C0361,29-04-2024,2,81841,Credit,Nicholas Ponce,,Repeating Customer
S00606,CU0211,C0192,15-09-2024,3,27424,Cash,Daniel Barry,,Loyal Customer
S00607,CU0777,C0327,01-12-2022,3,45863,Installment,Robert Schroeder,,Loyal Customer
S00608,CU1715,C0164,04-04-2024,1,83819,Cash,Katherine Morgan,,New Customer
S00609,CU0726,C0279,11-10-2025,2,46979,Cash,Deborah Kennedy,,Repeating Customer
S00610,CU1192,C0258,18-05-2023,1,65255,Cash,Daniel Parker,,New Customer
S00611,CU1177,C0098,25-12-2024,3,60217,Credit,Alexandra Foster,,Loyal Customer
S00612,CU1144,C0289,03-08-2024,3,47393,Credit,Tara Johnson,,Loyal Customer
S00613,CU1297,C0169,24-10-2025,3,16606,Cash,Briana Hurst,,Loyal Customer
S00614,CU0986,C0149,28-02-2024,2,75529,Credit,Daniel Jones,,Repeating Customer
S00615,CU1160,C0439,11-07-2023,3,79398,Installment,Alex Mcintyre,,Loyal Customer
S00616,CU0940,C0457,19-05-2024,1,27432,Installment,Kristen Yu,,New Customer
S00617,CU0818,C0426,22-07-2024,1,33237,Installment,Michael Hernandez,,New Customer
S00618,CU0980,C0436,03-02-2023,1,38878,Credit,David Barron,,New Customer
S00619,CU1204,C0210,18-01-2024,2,36921,Cash,Austin Wright,,Repeating Customer
S00620,CU1466,C0307,19-05-2025,3,79103,Credit,Cody Davis,,Loyal Customer
S00621,CU0207,C0234,15-05-2024,1,45052,Cash,Steven Simon,,New Customer
S00622,CU1487,C0102,02-07-2024,2,55835,Credit,Greg Nelson,,Repeating Customer
S00623,CU1742,C0380,02-09-2023,1,52317,Credit,Melanie Johnson,,New Customer
S00624,CU1554,C0246,27-09-2025,2,35516,Credit,Mr. Matthew Nguyen,,Repeating Customer
S00625,CU0669,C0400,13-04-2025,3,85302,Cash,Lisa Anderson,,Loyal Customer
S00626,CU0819,C0451,14-09-2025,2,42322,Cash,Steven Johnson,,Repeating Customer
S00627,CU1068,C0406,11-03-2025,1,93197,Credit,Kathryn Johnson,,New Customer
S00628,CU0787,C0144,14-05-2024,1,92487,Cash,Kelly Walker,,New Customer
S00629,CU0646,C0132,14-11-2023,2,23710,Credit,Melissa Riley,,Repeating Customer
S00630,CU1749,C0487,03-02-2023,2,84907,Installment,Carlos Miller,,Repeating Customer
S00631,CU1631,C0195,16-11-2022,3,76213,Installment,Mackenzie Cole,,Loyal Customer
S00632,CU1065,C0279,25-09-2025,1,26719,Credit,Daniel Villanueva,,New Customer
S00633,CU1324,C0306,12-09-2025,2,46726,Cash,Paul Thompson,,Repeating Customer
S00634,CU1798,C0418,05-07-2025,2,56021,Credit,Thomas Williams,,Repeating Customer
S00635,CU0154,C0048,03-08-2023,2,17079,Credit,Victor Martin,,Repeating Customer
S00636,CU0475,C0022,05-03-2025,1,48732,Installment,Kelly Mckinney,,New Customer
S00637,CU0279,C0364,03-07-2025,2,81120,Cash,Erica Espinoza,,Repeating Customer
S00638,CU0222,C0116,09-02-2025,3,78617,Credit,Jose Hughes,,Loyal Customer
S00639,CU0732,C0382,15-12-2023,1,36921,Installment,Cassandra Johnson,,New Customer
S00640,CU1391,C0238,03-06-2023,3,39226,Credit,Nichole Smith,,Loyal Customer
S00641,CU0601,C0131,22-06-2024,2,57255,Cash,Kevin Anderson,,Repeating Customer
S00642,CU0530,C0304,14-04-2025,2,96188,Installment,Jonathan Gonzalez,,Repeating Customer
S00643,CU1753,C0041,13-05-2023,1,89435,Credit,Jill Nelson,,New Customer
S00644,CU0320,C0208,02-08-2023,2,34307,Cash,Emily Duarte,,Repeating Customer
S00645,CU0244,C0105,05-11-2024,2,94884,Installment,Mr. David Tran,,Repeating Customer
S00646,CU0355,C0122,15-07-2024,1,49523,Credit,Tracy Patterson,,New Customer
S00647,CU1326,C0134,09-01-2025,3,33449,Installment,Amy Pearson,,Loyal Customer
S00648,CU0230,C0363,29-05-2025,2,80608,Installment,Calvin White,,Repeating Customer
S00649,CU1021,C0279,17-08-2024,2,50581,Credit,Andrea Swanson,,Repeating Customer
S00650,CU0503,C0240,10-05-2023,2,20713,Credit,Rebecca Brewer,,Repeating Customer
S00651,CU1435,C0122,03-08-2024,1,71622,Credit,Ryan Smith,,New Customer
S00652,CU1261,C0083,20-08-2025,3,90046,Credit,Amanda Bright,,Loyal Customer
S00653,CU1878,C0360,09-06-2024,3,67213,Credit,Christopher Rowe,,Loyal Customer
S00654,CU1782,C0402,07-02-2023,3,16023,Installment,Heather Smith,,Loyal Customer
S00655,CU1053,C0226,05-04-2024,2,33614,Installment,Charles Thompson,,Repeating Customer
S00656,CU1985,C0463,18-06-2023,3,94386,Credit,Kathryn Bailey,,Loyal Customer
S00657,CU0811,C0086,30-01-2025,1,20163,Credit,Theresa Adams,,New Customer
S00658,CU0743,C0055,23-11-2024,2,74608,Cash,Robert Dyer,,Repeating Customer
S00659,CU0367,C0271,12-09-2023,2,29397,Installment,David Neal,,Repeating Customer
S00660,CU1637,C0132,31-12-2023,1,78275,Installment,Eric Hall,,New Customer
S00661,CU0998,C0379,29-05-2025,2,90388,Credit,Rachel Jones,,Repeating Customer
S00662,CU1958,C0326,01-12-2022,3,72803,Credit,Megan Bullock,,Loyal Customer
S00663,CU1136,C0192,28-02-2024,1,61277,Credit,Emily Stanley,,New Customer
S00664,CU0507,C0332,20-12-2023,2,89611,Credit,Robert Lutz,,Repeating Customer
S00665,CU0035,C0478,18-06-2025,2,84126,Installment,Eugene Hernandez,,Repeating Customer
S00666,CU1720,C0174,03-08-2023,2,99282,Installment,Michael Carter,,Repeating Customer
S00667,CU1798,C0468,16-06-2025,2,38856,Cash,Michael Coleman,,Repeating Customer
S00668,CU0965,C0095,03-03-2025,2,71678,Cash,Maria Ashley,,Repeating Customer
S00669,CU0701,C0212,26-12-2022,1,76345,Credit,Nicole Herring,,New Customer
S00670,CU0119,C0021,14-04-2025,2,61326,Cash,Joseph George,,Repeating Customer
S00671,CU1547,C0020,08-05-2025,2,39284,Credit,Jeffrey Allen,,Repeating Customer
S00672,CU0396,C0441,03-06-2024,2,40158,Installment,Andre Baker,,Repeating Customer
S00673,CU1422,C0190,07-04-2025,3,53987,Installment,Alex Young,,Loyal Customer
S00674,CU0624,C0354,22-05-2025,3,57759,Installment,Susan Chase,,Loyal Customer
S00675,CU0618,C0053,08-01-2023,1,28986,Credit,Joseph Hall,,New Customer
S00676,CU0991,C0290,23-03-2023,1,57348,Installment,Martin Flores,,New Customer
S00677,CU1691,C0202,03-10-2023,1,51427,Credit,Jeffrey Mcguire,,New Customer
S00678,CU1294,C0375,23-01-2024,3,23318,Cash,Christopher Savage,,Loyal Customer
S00679,CU1004,C0038,17-03-2024,2,19385,Cash,Samantha Moss,,Repeating Customer
S00680,CU1743,C0264,08-01-2024,1,65395,Credit,Robert Hall,,New Customer
S00681,CU1829,C0281,29-06-2023,3,77287,Cash,Jacob Beltran,,Loyal Customer
S00682,CU0901,C0386,07-06-2024,1,15051,Cash,Daniel Nguyen MD,,New Customer
S00683,CU1738,C0003,02-03-2025,3,61189,Installment,Frank Gomez,,Loyal Customer
S00684,CU0414,C0008,13-10-2023,3,74052,Installment,Stacy Shelton,,Loyal Customer
S00685,CU0376,C0057,02-04-2025,2,74549,Credit,Katherine Davis,,Repeating Customer
S00686,CU1781,C0034,16-11-2023,2,20189,Installment,Leslie Juarez,,Repeating Customer
S00687,CU0578,C0174,17-05-2024,3,39845,Credit,Danielle Jimenez,,Loyal Customer
S00688,CU0421,C0159,13-04-2024,3,52219,Credit,Brandy Hardin,,Loyal Customer
S00689,CU1701,C0085,09-12-2023,2,69144,Cash,Yvette Cross,,Repeating Customer
S00690,CU1770,C0237,23-08-2024,3,50320,Cash,Janet Young,,Loyal Customer
S00691,CU1974,C0382,01-07-2024,1,52836,Cash,Maria Yates,,New Customer
S00692,CU1189,C0360,01-09-2025,1,52656,Credit,Antonio Arnold,,New Customer
S00693,CU1169,C0066,10-07-2025,1,89536,Credit,Raymond Anthony,,New Customer
S00694,CU1154,C0112,02-11-2023,1,90424,Credit,Robert Thompson,,New Customer
S00695,CU0860,C0225,16-04-2023,3,19734,Credit,Hannah Brown,,Loyal Customer
S00696,CU0449,C0368,05-01-2023,2,36854,Installment,Craig West,,Repeating Customer
S00697,CU0238,C0016,16-04-2025,3,55163,Installment,John Fisher,,Loyal Customer
S00698,CU1370,C0194,22-07-2024,1,74307,Credit,Nicole Forbes,,New Customer
S00699,CU1552,C0431,26-03-2024,3,47945,Cash,Olivia Gonzalez,,Loyal Customer
S00700,CU0698,C0202,23-05-2025,1,21042,Credit,Jeffrey Fuller,,New Customer
S00701,CU0421,C0448,01-06-2025,3,36787,Credit,Laura Hammond,,Loyal Customer
S00702,CU1489,C0100,10-07-2025,2,95246,Cash,Pamela Garcia,,Repeating Customer
S00703,CU1285,C0327,05-09-2024,1,15292,Credit,Susan Lane,,New Customer
S00704,CU0961,C0234,22-09-2024,1,61940,Installment,Michelle Hayes,,New Customer
S00705,CU0791,C0255,21-03-2025,3,79894,Installment,Joel Sullivan,,Loyal Customer
S00706,CU0154,C0324,24-04-2025,3,27483,Credit,Jacqueline Price,,Loyal Customer
S00707,CU0328,C0440,13-11-2023,1,29221,Credit,Alexander Vaughn,,New Customer
S00708,CU1183,C0066,22-12-2024,2,36926,Cash,Christopher Thompson,,Repeating Customer
S00709,CU1569,C0404,19-10-2025,3,34574,Credit,Andrew Kirby,,Loyal Customer
S00710,CU1349,C0352,01-08-2024,3,33227,Cash,Angelica Schneider,,Loyal Customer
S00711,CU1485,C0002,07-01-2024,3,16503,Credit,Mark Mclaughlin,,Loyal Customer
S00712,CU1529,C0349,04-07-2023,3,40093,Cash,Robert Bell,,Loyal Customer
S00713,CU1653,C0491,08-07-2024,1,82263,Cash,Linda Mosley,,New Customer
S00714,CU0732,C0318,08-04-2024,3,72160,Credit,Walter Turner,,Loyal Customer
S00715,CU1856,C0096,14-07-2024,1,62706,Credit,Margaret Huynh,,New Customer
S00716,CU1028,C0302,04-02-2024,1,84434,Installment,Bianca Warren,,New Customer
S00717,CU0540,C0174,28-05-2024,1,80137,Cash,Jamie Martinez,,New Customer
S00718,CU1149,C0221,23-07-2025,1,93713,Cash,Ronald Olson,,New Customer
S00719,CU1372,C0106,03-10-2025,3,28486,Installment,Tina Anderson,,Loyal Customer
S00720,CU1658,C0350,04-09-2023,2,31953,Credit,Jessica Byrd,,Repeating Customer
S00721,CU0251,C0231,20-07-2024,2,42923,Credit,Kenneth Benjamin,,Repeating Customer
S00722,CU1535,C0210,08-09-2025,1,24838,Cash,Monica Wilkerson,,New Customer
S00723,CU1552,C0255,09-11-2024,2,99912,Installment,Cameron Bryant,,Repeating Customer
S00724,CU0588,C0127,03-10-2023,1,25133,Cash,Valerie Mcdonald,,New Customer
S00725,CU1872,C0243,11-04-2023,1,45998,Credit,Nichole Dean,,New Customer
S00726,CU0085,C0045,14-12-2024,2,55164,Installment,Jasmine Delgado,,Repeating Customer
S00727,CU0588,C0380,15-01-2024,1,83078,Installment,Samuel Gray,,New Customer
S00728,CU0580,C0026,26-10-2024,3,67621,Credit,Alexander Lee,,Loyal Customer
S00729,CU1475,C0214,01-08-2025,3,55992,Credit,Robert Robinson,,Loyal Customer
S00730,CU0402,C0420,18-04-2025,3,64512,Installment,Terry Gonzalez,,Loyal Customer
S00731,CU1621,C0281,14-07-2025,1,31144,Cash,Jonathan Hammond,,New Customer
S00732,CU1774,C0090,28-02-2024,1,24417,Cash,Scott Miller,,New Customer
S00733,CU1861,C0193,09-12-2022,3,32601,Cash,Lisa Whitehead,,Loyal Customer
S00734,CU1338,C0350,04-04-2024,1,22049,Cash,Adrienne Randolph,,New Customer
S00735,CU0623,C0040,20-03-2025,1,47539,Credit,Julia Willis,,New Customer
S00736,CU1482,C0213,23-09-2024,1,31984,Cash,Cody Zimmerman,,New Customer
S00737,CU0456,C0388,09-03-2023,2,19939,Cash,Beth Miller,,Repeating Customer
S00738,CU1494,C0323,16-06-2023,3,22348,Cash,Gerald Le,,Loyal Customer
S00739,CU0623,C0392,03-11-2024,1,92788,Cash,Lisa Nixon,,New Customer
S00740,CU1041,C0144,03-08-2025,1,55859,Installment,Amber Simmons,,New Customer
S00741,CU0417,C0295,03-12-2022,1,92719,Installment,Justin Hernandez,,New Customer
S00742,CU0083,C0133,02-06-2024,3,93611,Cash,Robin Garcia,,Loyal Customer
S00743,CU1803,C0128,11-07-2024,1,63862,Credit,Kristen Glover,,New Customer
S00744,CU1015,C0395,03-06-2023,2,91211,Credit,Michael Hall,,Repeating Customer
S00745,CU0768,C0297,28-08-2025,1,92280,Cash,Lawrence Castro,,New Customer
S00746,CU0292,C0379,29-07-2025,3,65719,Cash,Jason Harris,,Loyal Customer
S00747,CU1806,C0207,21-03-2025,3,32968,Installment,Adam Davidson,,Loyal Customer
S00748,CU0027,C0078,20-01-2025,1,88779,Installment,Kevin Avery,,New Customer
S00749,CU0095,C0010,02-01-2025,2,45971,Credit,Chelsea Morse,,Repeating Customer
S00750,CU1484,C0023,12-11-2022,2,21684,Credit,Kyle Morgan,,Repeating Customer
S00751,CU1944,C0136,03-02-2025,3,98934,Installment,Alexander Ruiz,,Loyal Customer
S00752,CU1394,C0059,11-06-2025,2,31266,Installment,Jesse Anderson,,Repeating Customer
S00753,CU1014,C0267,10-05-2025,3,84152,Credit,Judy Allen,,Loyal Customer
S00754,CU1790,C0169,09-02-2023,3,66883,Installment,Katelyn Colon,,Loyal Customer
S00755,CU0598,C0454,15-03-2023,2,53054,Credit,Kayla Bradford DDS,,Repeating Customer
S00756,CU0073,C0102,10-12-2023,3,26880,Cash,Jesse Bailey,,Loyal Customer
S00757,CU1062,C0414,28-09-2023,2,94151,Installment,Dylan Anderson,,Repeating Customer
S00758,CU0630,C0243,29-09-2025,1,91035,Cash,Angel Anderson,,New Customer
S00759,CU0162,C0249,04-08-2024,3,96423,Credit,Michael Roberts,,Loyal Customer
S00760,CU0825,C0368,18-06-2025,3,47037,Installment,Shannon Burch,,Loyal Customer
S00761,CU1482,C0303,07-02-2024,1,41117,Credit,Michael Harvey,,New Customer
S00762,CU1920,C0413,17-05-2023,2,29458,Credit,Courtney Leonard,,Repeating Customer
S00763,CU1008,C0466,06-05-2025,2,36917,Cash,David Singh,,Repeating Customer
S00764,CU0291,C0273,19-10-2024,2,75080,Credit,Eric Stafford,,Repeating Customer
S00765,CU1946,C0268,07-12-2024,3,45830,Installment,Kimberly Adams,,Loyal Customer
S00766,CU1354,C0149,25-10-2023,1,75031,Credit,Patricia Wallace,,New Customer
S00767,CU0802,C0223,18-01-2023,3,35271,Credit,Thomas Rollins,,Loyal Customer
S00768,CU0343,C0181,22-05-2023,2,61094,Credit,Tonya Melendez,,Repeating Customer
S00769,CU0578,C0220,05-02-2025,2,46783,Cash,Darrell Kelly,,Repeating Customer
S00770,CU0744,C0335,06-08-2025,3,27299,Credit,Randy Schmidt,,Loyal Customer
S00771,CU0031,C0296,25-03-2023,3,26891,Installment,Leah Jenkins,,Loyal Customer
S00772,CU1098,C0181,25-11-2024,2,17956,Credit,Kaylee Holland,,Repeating Customer
S00773,CU1703,C0487,25-09-2023,3,82456,Cash,Fernando Romero,,Loyal Customer
S00774,CU1685,C0081,07-06-2025,3,28757,Credit,Nicole Green,,Loyal Customer
S00775,CU1718,C0034,27-03-2024,3,73706,Installment,Samuel Francis,,Loyal Customer
S00776,CU0707,C0411,20-04-2024,2,19095,Cash,Jennifer Waters,,Repeating Customer
S00777,CU0635,C0273,08-02-2025,2,19596,Installment,Matthew Parks,,Repeating Customer
S00778,CU0020,C0081,24-07-2024,1,93598,Installment,Anita Nelson,,New Customer
S00779,CU1131,C0356,06-02-2024,3,38817,Credit,George Ferguson,,Loyal Customer
S00780,CU0618,C0043,06-02-2024,3,30015,Cash,Jennifer Smith,,Loyal Customer
S00781,CU1030,C0085,03-12-2022,1,41343,Cash,Peter Stanton,,New Customer
S00782,CU0141,C0280,14-08-2025,1,63062,Credit,Michael Stephens,,New Customer
S00783,CU0243,C0108,23-07-2023,3,64536,Cash,Greg Green,,Loyal Customer
S00784,CU1031,C0099,25-03-2024,2,80257,Cash,Hannah Brown,,Repeating Customer
S00785,CU0048,C0369,02-04-2024,2,17656,Installment,Theresa Shields,,Repeating Customer
S00786,CU1054,C0040,23-12-2024,1,20209,Installment,Erica Freeman,,New Customer
S00787,CU0954,C0268,09-04-2024,2,98776,Credit,Jimmy Leonard,,Repeating Customer
S00788,CU0586,C0107,07-10-2025,3,35083,Credit,Christina Lawrence,,Loyal Customer
S00789,CU0764,C0385,19-07-2024,3,33210,Cash,Linda Martin,,Loyal Customer
S00790,CU1658,C0412,19-07-2025,1,68279,Installment,Michele Hall,,New Customer
S00791,CU1242,C0079,13-02-2024,3,38963,Credit,Samantha Alvarado,,Loyal Customer
S00792,CU0778,C0139,19-11-2022,1,98993,Installment,Beth Chan,,New Customer
S00793,CU1953,C0130,26-01-2025,2,54973,Installment,John Mills,,Repeating Customer
S00794,CU0388,C0249,30-11-2023,3,36319,Installment,Cynthia Gonzalez,,Loyal Customer
S00795,CU0294,C0153,08-06-2025,1,34074,Installment,Edward Hester,,New Customer
S00796,CU0758,C0298,16-01-2025,2,41389,Credit,Cindy Lang,,Repeating Customer
S00797,CU0277,C0256,09-04-2023,3,77364,Cash,Jennifer Pitts,,Loyal Customer
S00798,CU0887,C0207,13-11-2022,2,20487,Cash,Leah Long,,Repeating Customer
S00799,CU1524,C0456,12-05-2024,2,69713,Credit,Matthew Gay,,Repeating Customer
S00800,CU1116,C0428,11-02-2023,1,37389,Cash,Kathryn Morales,,New Customer
S00801,CU0293,C0121,16-03-2023,1,48567,Installment,Michael Briggs,,New Customer
S00802,CU0331,C0464,24-12-2022,3,82801,Installment,Amy Alexander,,Loyal Customer
S00803,CU1971,C0302,20-08-2024,3,48363,Installment,Randall Farrell,,Loyal Customer
S00804,CU0195,C0384,18-04-2024,1,25695,Cash,Patricia Harrison,,New Customer
S00805,CU1649,C0016,25-08-2024,2,86933,Cash,Claire Pearson,,Repeating Customer
S00806,CU0550,C0078,14-02-2025,2,31489,Credit,Brent Gomez,,Repeating Customer
S00807,CU1581,C0356,08-07-2024,1,43438,Installment,Sara Vargas,,New Customer
S00808,CU1913,C0389,02-08-2023,1,49776,Cash,Sarah Mcconnell,,New Customer
S00809,CU1183,C0198,21-10-2023,2,99942,Installment,David Rodriguez,,Repeating Customer
S00810,CU0439,C0032,10-01-2025,1,55702,Installment,Lori Huang,,New Customer
S00811,CU0845,C0042,30-06-2024,3,77032,Installment,Julie Ruiz,,Loyal Customer
S00812,CU1033,C0188,16-12-2023,1,25941,Installment,Stephanie Hall,,New Customer
S00813,CU1843,C0073,02-07-2025,1,71603,Cash,Linda Hatfield,,New Customer
S00814,CU0102,C0489,14-12-2024,3,94341,Credit,Sarah Atkins,,Loyal Customer
S00815,CU1268,C0236,17-08-2025,1,42427,Installment,Steven Pratt,,New Customer
S00816,CU1085,C0285,21-07-2024,2,82262,Installment,Dustin Lowery,,Repeating Customer
S00817,CU0487,C0374,04-08-2025,1,52617,Credit,Jennifer Fleming,,New Customer
S00818,CU1026,C0170,14-09-2024,1,58883,Installment,Natalie Mosley,,New Customer
S00819,CU0390,C0205,26-04-2025,2,66169,Cash,Michael Richard,,Repeating Customer
S00820,CU0476,C0432,06-08-2024,2,64761,Installment,Brian Reyes,,Repeating Customer
S00821,CU1412,C0329,21-05-2024,3,56882,Installment,Kevin Patterson,,Loyal Customer
S00822,CU1301,C0160,22-09-2023,3,82691,Credit,Michael Williams,,Loyal Customer
S00823,CU1273,C0057,21-05-2025,1,44627,Cash,Holly Jacobs,,New Customer
S00824,CU0330,C0007,01-08-2023,3,69999,Installment,Jimmy Schwartz,,Loyal Customer
S00825,CU1278,C0339,20-06-2025,3,99051,Credit,Lindsay Snow,,Loyal Customer
S00826,CU0044,C0038,20-03-2024,3,40942,Credit,April Walters,,Loyal Customer
S00827,CU1888,C0261,17-04-2024,2,27539,Installment,Michael Crawford,,Repeating Customer
S00828,CU0257,C0204,08-08-2025,1,70181,Installment,Karen Patterson,,New Customer
S00829,CU1725,C0073,18-10-2025,3,42780,Installment,Rachel Webb,,Loyal Customer
S00830,CU0059,C0291,23-04-2025,1,40644,Credit,Charles Diaz,,New Customer
S00831,CU0206,C0464,13-08-2024,3,38504,Credit,Anthony Nelson,,Loyal Customer
S00832,CU0773,C0131,02-08-2025,3,50280,Credit,Misty Meyers,,Loyal Customer
S00833,CU1751,C0355,22-02-2023,1,44392,Cash,Samantha Miller,,New Customer
S00834,CU0931,C0088,12-08-2025,1,23389,Cash,Travis Baird,,New Customer
S00835,CU0386,C0267,19-01-2024,3,28224,Installment,Bryan Jackson,,Loyal Customer
S00836,CU0622,C0354,27-05-2024,1,27097,Cash,Andrew Smith,,New Customer
S00837,CU1786,C0409,06-09-2025,1,44106,Credit,Christina Callahan,,New Customer
S00838,CU1673,C0053,15-06-2023,1,29008,Installment,Jacob Robinson,,New Customer
S00839,CU0254,C0468,08-03-2023,2,76779,Installment,Christopher Sanchez,,Repeating Customer
S00840,CU0755,C0070,21-09-2025,1,31430,Installment,Angela Nguyen,,New Customer
S00841,CU1228,C0450,14-07-2024,2,34449,Credit,Nicole Dillon,,Repeating Customer
S00842,CU0704,C0406,14-12-2022,3,85737,Cash,Heather Fritz,,Loyal Customer
S00843,CU0788,C0211,25-04-2023,3,86285,Credit,Maria Lewis,,Loyal Customer
S00844,CU0719,C0337,30-05-2025,1,70719,Credit,Matthew Harris DVM,,New Customer
S00845,CU0115,C0117,02-12-2024,3,59208,Credit,Todd Hardin,,Loyal Customer
S00846,CU0707,C0500,20-06-2024,1,49566,Installment,Richard Garner,,New Customer
S00847,CU1846,C0079,06-03-2025,1,24542,Cash,Kaitlyn Miller,,New Customer
S00848,CU1387,C0186,21-01-2025,3,48098,Credit,Christine Aguilar,,Loyal Customer
S00849,CU1569,C0219,25-09-2023,1,56860,Cash,Destiny Gonzales,,New Customer
S00850,CU0573,C0127,09-04-2025,3,58435,Installment,Alan Reynolds,,Loyal Customer
S00851,CU1055,C0034,06-02-2023,2,23888,Cash,Cheryl Kim,,Repeating Customer
S00852,CU1171,C0201,07-12-2022,2,59240,Installment,Donna Kramer,,Repeating Customer
S00853,CU1410,C0384,18-05-2024,1,53231,Cash,Kathleen Kennedy,,New Customer
S00854,CU0712,C0321,19-12-2022,3,49630,Cash,Kevin Reyes,,Loyal Customer
S00855,CU0334,C0088,28-12-2023,3,59951,Cash,Derek Lopez,,Loyal Customer
S00856,CU1019,C0160,15-11-2022,2,42675,Installment,Charlotte Young,,Repeating Customer
S00857,CU0812,C0187,12-03-2025,3,66361,Credit,Ruth Wade,,Loyal Customer
S00858,CU1711,C0145,28-01-2025,1,29483,Credit,Ashley Campbell,,New Customer
S00859,CU0261,C0275,08-08-2023,2,40917,Credit,Brian Stone,,Repeating Customer
S00860,CU0021,C0368,04-05-2023,1,90960,Installment,Michael Melton,,New Customer
S00861,CU0628,C0265,29-10-2023,3,87652,Cash,Jennifer Barrett,,Loyal Customer
S00862,CU1957,C0187,24-03-2023,1,46893,Credit,Rachel Irwin,,New Customer
S00863,CU0802,C0485,12-11-2022,2,73803,Installment,Ryan Phillips,,Repeating Customer
S00864,CU0547,C0337,14-05-2024,3,19401,Installment,Dominic Young,,Loyal Customer
S00865,CU0842,C0033,30-06-2023,3,30548,Cash,Anthony Jones,,Loyal Customer
S00866,CU0811,C0278,10-09-2023,3,91129,Credit,Michele Lyons,,Loyal Customer
S00867,CU0108,C0179,05-02-2025,2,90209,Credit,Brittany Dalton,,Repeating Customer
S00868,CU1259,C0266,29-08-2023,2,41196,Credit,Rachel Ho,,Repeating Customer
S00869,CU0765,C0465,05-03-2023,1,61316,Installment,Russell Newman,,New Customer
S00870,CU0474,C0458,14-03-2025,3,62530,Cash,David Collins,,Loyal Customer
S00871,CU1563,C0213,31-07-2024,3,99801,Cash,Joseph Barrera,,Loyal Customer
S00872,CU1294,C0074,02-07-2024,1,23132,Cash,Zachary Adams,,New Customer
S00873,CU0329,C0411,01-03-2023,3,91503,Cash,Briana Mckee,,Loyal Customer
S00874,CU0820,C0184,30-07-2023,2,69772,Cash,Margaret Torres,,Repeating Customer
S00875,CU1398,C0314,05-10-2023,1,23780,Cash,Stephen Garrett,,New Customer
S00876,CU1059,C0153,08-11-2023,3,86583,Installment,Brenda Lucas,,Loyal Customer
S00877,CU1100,C0303,24-12-2023,2,57462,Cash,Michael Cross,,Repeating Customer
S00878,CU1493,C0331,20-08-2023,3,49509,Credit,Brian Cordova,,Loyal Customer
S00879,CU0619,C0494,22-07-2023,3,56935,Cash,Cathy Williams,,Loyal Customer
S00880,CU0572,C0476,27-04-2025,2,42508,Cash,Tiffany Cooley,,Repeating Customer
S00881,CU1252,C0256,24-07-2024,2,89740,Cash,Michelle Torres,,Repeating Customer
S00882,CU1827,C0073,15-03-2024,3,72414,Credit,Gloria Mcgrath,,Loyal Customer
S00883,CU0867,C0374,29-12-2022,1,28178,Credit,Michael Gilbert,,New Customer
S00884,CU1574,C0306,23-11-2024,2,17400,Cash,Dylan Mendoza,,Repeating Customer
S00885,CU0923,C0208,08-06-2023,1,28008,Installment,Gina Webster,,New Customer
S00886,CU0357,C0107,04-11-2023,3,76451,Credit,Sarah Brown,,Loyal Customer
S00887,CU1969,C0366,29-09-2023,2,71984,Installment,Courtney Jones,,Repeating Customer
S00888,CU0362,C0054,23-01-2025,2,61488,Cash,Melissa Vasquez,,Repeating Customer
S00889,CU0330,C0413,06-08-2024,1,73569,Credit,Christopher Reed,,New Customer
S00890,CU0963,C0060,22-01-2024,1,21174,Installment,Nicole Watson,,New Customer
S00891,CU1113,C0427,28-12-2024,3,54384,Credit,Melissa Grimes,,Loyal Customer
S00892,CU0094,C0377,21-06-2024,2,67510,Installment,Tiffany Gibson,,Repeating Customer
S00893,CU1747,C0136,14-02-2023,1,20139,Credit,John Thomas,,New Customer
S00894,CU0376,C0082,02-04-2025,2,30688,Installment,Aaron Osborne,,Repeating Customer
S00895,CU0741,C0468,07-03-2023,3,24953,Cash,Joy Miller,,Loyal Customer
S00896,CU0468,C0030,24-08-2024,1,90116,Installment,Sean Rivera,,New Customer
S00897,CU0494,C0222,20-08-2025,3,33333,Cash,Michael Johnson,,Loyal Customer
S00898,CU0693,C0021,09-06-2025,2,93419,Credit,Carl Smith,,Repeating Customer
S00899,CU0051,C0143,14-01-2024,3,38057,Installment,Ashley Henson,,Loyal Customer
S00900,CU1543,C0237,11-07-2025,3,38013,Installment,Courtney Morse,,Loyal Customer
S00901,CU1093,C0360,09-07-2023,2,76927,Installment,Angela Sherman,,Repeating Customer
S00902,CU0097,C0062,28-07-2024,2,21364,Cash,Teresa Peterson,,Repeating Customer
S00903,CU1797,C0221,01-09-2023,3,31166,Installment,Sharon Garner DDS,,Loyal Customer
S00904,CU0187,C0363,02-03-2023,1,65770,Cash,Hailey Berry,,New Customer
S00905,CU0171,C0441,01-04-2025,3,29467,Credit,Robin Brown DVM,,Loyal Customer
S00906,CU1229,C0137,28-03-2025,3,57480,Installment,Kathleen Rivera,,Loyal Customer
S00907,CU1147,C0249,11-08-2024,1,92979,Credit,April Burns,,New Customer
S00908,CU0306,C0139,13-06-2023,2,36339,Cash,James Smith,,Repeating Customer
S00909,CU0331,C0265,17-10-2023,2,15087,Credit,David Stone,,Repeating Customer
S00910,CU1136,C0297,31-03-2023,3,29685,Installment,Anne Dean,,Loyal Customer
S00911,CU1758,C0455,24-04-2024,2,52962,Credit,Casey Bailey,,Repeating Customer
S00912,CU1313,C0221,18-05-2023,3,92337,Credit,Ashley Lindsey,,Loyal Customer
S00913,CU0530,C0116,17-09-2023,3,94132,Cash,Sarah Payne,,Loyal Customer
S00914,CU1134,C0118,28-01-2025,3,95848,Credit,Joyce Dixon,,Loyal Customer
S00915,CU0608,C0154,23-07-2025,2,24518,Cash,Linda Rios,,Repeating Customer
S00916,CU0416,C0070,01-03-2023,2,37228,Installment,Jane Martin,,Repeating Customer
S00917,CU0813,C0194,10-10-2023,2,40368,Installment,Amanda Gould,,Repeating Customer
S00918,CU0015,C0339,01-05-2025,2,67062,Cash,Tina Bautista,,Repeating Customer
S00919,CU1951,C0052,21-11-2024,3,81917,Cash,Bradley Gilmore,,Loyal Customer
S00920,CU0169,C0411,11-02-2024,3,36486,Cash,Joel Howard,,Loyal Customer
S00921,CU0361,C0005,15-08-2023,3,17313,Installment,Carla Chang,,Loyal Customer
S00922,CU1979,C0117,07-02-2023,2,56434,Cash,Dustin Salazar,,Repeating Customer
S00923,CU1735,C0071,26-04-2023,2,23218,Installment,Theresa Gillespie,,Repeating Customer
S00924,CU0594,C0247,13-09-2024,1,75727,Installment,Sean Murray,,New Customer
S00925,CU1832,C0005,08-06-2024,3,89984,Cash,Rebecca Fox,,Loyal Customer
S00926,CU1660,C0202,14-01-2023,2,40797,Credit,Omar Henry,,Repeating Customer
S00927,CU1823,C0231,18-04-2024,2,74453,Credit,Timothy Bryan,,Repeating Customer
S00928,CU1933,C0452,19-10-2025,2,83946,Credit,Eric Martinez,,Repeating Customer
S00929,CU0021,C0410,08-07-2024,2,42003,Cash,Crystal Yoder,,Repeating Customer
S00930,CU0170,C0293,13-06-2024,1,40909,Cash,Paul Meza,,New Customer
S00931,CU1136,C0215,13-04-2024,3,25931,Cash,Randall Newman,,Loyal Customer
S00932,CU0552,C0267,06-06-2025,1,75599,Cash,Craig Brown,,New Customer
S00933,CU0316,C0259,16-07-2023,2,80346,Cash,Albert Stone,,Repeating Customer
S00934,CU1700,C0332,18-01-2023,3,36208,Cash,Eduardo Lester,,Loyal Customer
S00935,CU0052,C0053,02-12-2023,2,94072,Installment,Jacob Jones,,Repeating Customer
S00936,CU0436,C0249,23-01-2025,3,35979,Cash,Carol Avila,,Loyal Customer
S00937,CU1551,C0073,28-10-2023,3,75831,Credit,Jeffrey Lewis,,Loyal Customer
S00938,CU0419,C0162,27-12-2024,2,55746,Installment,Zachary Hernandez,,Repeating Customer
S00939,CU0039,C0071,30-10-2023,1,31832,Installment,Stacey Moore,,New Customer
S00940,CU1115,C0250,20-01-2023,1,27973,Cash,Jennifer Patterson,,New Customer
S00941,CU0720,C0384,09-12-2022,3,47148,Credit,Evelyn Faulkner,,Loyal Customer
S00942,CU1178,C0024,24-02-2025,2,92804,Installment,Cheryl Dougherty,,Repeating Customer
S00943,CU1678,C0165,29-01-2024,3,99995,Credit,Monica Potter,,Loyal Customer
S00944,CU1558,C0434,25-07-2025,2,25163,Cash,Steven Pearson,,Repeating Customer
S00945,CU0931,C0424,06-09-2025,1,44066,Credit,Joseph Hunter,,New Customer
S00946,CU1676,C0187,15-04-2025,2,45007,Cash,Stephen Smith,,Repeating Customer
S00947,CU1082,C0260,13-11-2022,2,47380,Installment,Christopher Rogers,,Repeating Customer
S00948,CU0109,C0167,12-10-2025,1,28286,Credit,Megan Scott,,New Customer
S00949,CU1427,C0499,17-01-2023,3,39340,Installment,Felicia Smith,,Loyal Customer
S00950,CU0143,C0082,03-06-2023,1,78640,Installment,Carly Wilkerson,,New Customer
S00951,CU0170,C0469,12-04-2024,1,97111,Installment,Robert Mcneil,,New Customer
S00952,CU0949,C0270,09-05-2025,3,26432,Credit,Hannah Hunt,,Loyal Customer
S00953,CU0275,C0180,17-08-2024,1,82851,Cash,Daniel Goodman,,New Customer
S00954,CU0850,C0158,21-04-2024,1,56686,Installment,Lisa Love,,New Customer
S00955,CU1033,C0406,09-01-2023,2,61842,Installment,Kimberly Hudson,,Repeating Customer
S00956,CU1307,C0295,16-09-2025,3,49116,Cash,Mr. Chad Morales,,Loyal Customer
S00957,CU1107,C0211,31-05-2024,3,17378,Credit,William Smith,,Loyal Customer
S00958,CU1715,C0339,23-03-2025,1,87928,Installment,Stephen Terry,,New Customer
S00959,CU0827,C0189,26-01-2025,2,52340,Installment,William Green,,Repeating Customer
S00960,CU1850,C0103,14-02-2023,2,99373,Installment,Paul Sanders,,Repeating Customer
S00961,CU1490,C0465,29-12-2023,1,19348,Credit,Terry Ramirez,,New Customer
S00962,CU1850,C0099,28-11-2023,1,60794,Installment,Mr. Benjamin Martin,,New Customer
S00963,CU0736,C0465,07-03-2023,1,85936,Cash,Corey Middleton,,New Customer
S00964,CU0180,C0293,24-03-2023,2,57098,Cash,Michael Farmer,,Repeating Customer
S00965,CU1555,C0309,05-10-2023,2,16029,Cash,Alex Downs,,Repeating Customer
S00966,CU1527,C0078,25-03-2024,1,51553,Cash,Jack Lee,,New Customer
S00967,CU1000,C0388,09-11-2022,1,73717,Credit,Laura Patton,,New Customer
S00968,CU0728,C0376,31-07-2024,1,23817,Cash,Lance Sheppard,,New Customer
S00969,CU0666,C0374,10-07-2023,1,29366,Credit,Holly Garcia,,New Customer
S00970,CU0879,C0083,01-04-2023,1,18612,Cash,Jason Rodriguez,,New Customer
S00971,CU0507,C0216,01-10-2025,1,73095,Installment,Mark Ponce,,New Customer
S00972,CU0456,C0323,13-04-2025,2,62603,Cash,Nathan Rich,,Repeating Customer
S00973,CU0921,C0092,19-11-2023,3,28000,Cash,Amy Gonzales,,Loyal Customer
S00974,CU0189,C0164,24-03-2023,2,24414,Installment,Janice Curtis,,Repeating Customer
S00975,CU1309,C0374,25-11-2023,2,99213,Cash,Heather Morris,,Repeating Customer
S00976,CU1226,C0452,17-12-2022,3,88486,Credit,Valerie Brown,,Loyal Customer
S00977,CU1461,C0205,01-05-2023,1,26028,Cash,Heather Foster,,New Customer
S00978,CU0485,C0229,26-08-2023,3,68293,Cash,Tracy Cortez,,Loyal Customer
S00979,CU0064,C0458,11-07-2024,2,40821,Installment,Elizabeth Swanson,,Repeating Customer
S00980,CU0242,C0318,29-03-2023,1,44589,Cash,Dave Casey,,New Customer
S00981,CU1995,C0461,07-08-2025,3,22441,Installment,Christine Allen,,Loyal Customer
S00982,CU1783,C0348,19-07-2023,1,71075,Credit,Megan Mendoza,,New Customer
S00983,CU0103,C0383,05-07-2024,1,17041,Installment,Douglas Kirk,,New Customer
S00984,CU1843,C0193,17-03-2023,2,66013,Credit,Christopher Huff,,Repeating Customer
S00985,CU0745,C0048,11-11-2022,1,68314,Cash,Kendra Thompson,,New Customer
S00986,CU1834,C0414,29-12-2022,2,66558,Credit,Dana Singh,,Repeating Customer
S00987,CU1948,C0243,03-03-2024,1,73788,Credit,Wesley Meyer,,New Customer
S00988,CU1235,C0455,04-08-2023,1,80907,Installment,Jeanne Robertson,,New Customer
S00989,CU1375,C0098,06-11-2022,2,96505,Installment,Michelle Berry,,Repeating Customer
S00990,CU0331,C0409,27-03-2024,1,71274,Credit,Joanna Meyer,,New Customer
S00991,CU1378,C0056,27-05-2025,2,47176,Credit,Stephen Kelly,,Repeating Customer
S00992,CU0849,C0140,28-01-2025,3,32297,Installment,William Lopez,,Loyal Customer
S00993,CU1703,C0305,17-09-2025,3,95964,Installment,Rebecca Andrews,,Loyal Customer
S00994,CU0561,C0164,01-10-2024,3,44243,Cash,Austin Peterson,,Loyal Customer
S00995,CU1135,C0026,27-09-2024,3,86069,Cash,William Russo,,Loyal Customer
S00996,CU0894,C0231,05-08-2025,3,45944,Installment,Reginald Mckinney,,Loyal Customer
S00997,CU0190,C0454,19-06-2025,3,23209,Credit,Julian George,,Loyal Customer
S00998,CU0154,C0480,24-04-2024,2,93271,Credit,Stacy Martin,,Repeating Customer
S00999,CU1368,C0488,07-02-2023,3,68197,Credit,Kyle Delgado,,Loyal Customer
S01000,CU0427,C0312,20-03-2023,3,50608,Cash,Timothy Montgomery,,Loyal Customer
S01001,CU1521,C0180,24-02-2023,3,85845,Cash,Jose Ellis,,Loyal Customer
S01002,CU0904,C0269,13-10-2024,1,59814,Installment,Christopher Roberts,,New Customer
S01003,CU0768,C0081,11-11-2022,3,54065,Cash,Amy Miller,,Loyal Customer
S01004,CU1782,C0172,11-06-2023,3,40001,Credit,Steven Warren,,Loyal Customer
S01005,CU1614,C0206,12-04-2025,1,83265,Cash,Brett Hernandez,,New Customer
S01006,CU1532,C0406,14-03-2024,2,18732,Credit,Emily Johnson,,Repeating Customer
S01007,CU1520,C0137,07-02-2023,3,53454,Credit,Tasha Wilson,,Loyal Customer
S01008,CU1386,C0280,28-03-2025,1,53806,Cash,Juan Schroeder,,New Customer
S01009,CU0452,C0216,16-06-2023,2,70417,Credit,Brooke Richardson,,Repeating Customer
S01010,CU0862,C0039,09-12-2023,3,47638,Installment,Wesley Williams,,Loyal Customer
S01011,CU1680,C0013,27-03-2025,1,74154,Credit,Shannon Jones,,New Customer
S01012,CU0726,C0010,15-08-2023,3,25847,Cash,Daniel Meyer,,Loyal Customer
S01013,CU1019,C0286,18-12-2024,1,51065,Cash,Yolanda Brown,,New Customer
S01014,CU1085,C0003,07-01-2024,2,89576,Cash,Jessica Smith,,Repeating Customer
S01015,CU0928,C0489,31-01-2023,1,64323,Credit,Zachary Lopez,,New Customer
S01016,CU1855,C0261,15-01-2023,2,77599,Installment,Donald Salazar,,Repeating Customer
S01017,CU1191,C0492,31-10-2023,3,37764,Cash,Stephen Macdonald,,Loyal Customer
S01018,CU1958,C0426,02-04-2023,3,30538,Credit,Manuel Smith,,Loyal Customer
S01019,CU1375,C0278,28-08-2025,3,88129,Installment,Marie Richard,,Loyal Customer
S01020,CU1125,C0122,06-02-2024,1,42697,Installment,Maria Williams,,New Customer
S01021,CU0755,C0152,27-05-2023,3,38412,Installment,Eric Porter,,Loyal Customer
S01022,CU0861,C0141,26-01-2025,1,65954,Installment,Eric Nguyen,,New Customer
S01023,CU1954,C0355,15-09-2023,3,86554,Credit,Lisa Barnett,,Loyal Customer
S01024,CU1667,C0314,24-11-2023,2,73440,Installment,Melvin Spencer,,Repeating Customer
S01025,CU1826,C0182,17-01-2023,3,25605,Credit,Michael Gonzalez,,Loyal Customer
S01026,CU1758,C0302,31-05-2025,1,71942,Installment,Michael Cline,,New Customer
S01027,CU0541,C0337,20-06-2023,3,84141,Cash,Miranda Harper,,Loyal Customer
S01028,CU0956,C0209,01-11-2023,1,49990,Credit,Gary Fischer,,New Customer
S01029,CU0828,C0149,24-11-2023,1,23679,Installment,David Smith,,New Customer
S01030,CU1578,C0170,21-02-2025,3,83872,Installment,Jonathan Bowen,,Loyal Customer
S01031,CU1546,C0218,23-04-2024,3,52881,Credit,Juan Williamson MD,,Loyal Customer
S01032,CU1155,C0032,18-05-2025,2,25346,Credit,Yolanda Hooper,,Repeating Customer
S01033,CU0320,C0186,05-04-2023,3,61990,Credit,Elizabeth Hensley,,Loyal Customer
S01034,CU0163,C0303,19-03-2024,1,23773,Credit,Michelle Rivera,,New Customer
S01035,CU0482,C0242,27-10-2025,2,70148,Credit,Carlos Jacobs,,Repeating Customer
S01036,CU1979,C0268,19-12-2024,3,33960,Cash,Bobby Douglas,,Loyal Customer
S01037,CU0955,C0384,24-11-2023,3,79437,Installment,Andrew Walker,,Loyal Customer
S01038,CU1717,C0198,09-06-2023,2,62834,Installment,Christopher Kelly,,Repeating Customer
S01039,CU0003,C0196,10-03-2024,1,22608,Credit,Dominic Price,,New Customer
S01040,CU0968,C0057,20-08-2023,2,16564,Cash,Diane Riggs,,Repeating Customer
S01041,CU0827,C0480,28-01-2024,3,19994,Installment,Erik Sanchez,,Loyal Customer
S01042,CU0682,C0429,09-08-2023,3,81224,Cash,Andrew Martin,,Loyal Customer
S01043,CU1956,C0068,05-08-2024,3,56935,Cash,Chelsea Meyers,,Loyal Customer
S01044,CU1792,C0162,23-10-2024,1,16300,Cash,Jeffrey Wells,,New Customer
S01045,CU0041,C0195,08-01-2024,2,51053,Installment,Teresa Figueroa,,Repeating Customer
S01046,CU0864,C0376,12-02-2024,3,43362,Cash,Donald Olson,,Loyal Customer
S01047,CU1276,C0132,20-03-2023,1,38693,Installment,Alyssa Robles,,New Customer
S01048,CU0191,C0188,15-07-2023,3,99972,Cash,Katherine Moreno,,Loyal Customer
S01049,CU1454,C0395,24-09-2024,3,33912,Installment,Christine Skinner,,Loyal Customer
S01050,CU0784,C0052,16-02-2024,2,85443,Credit,Laura Walker,,Repeating Customer
S01051,CU0322,C0153,10-11-2024,2,26461,Credit,Colleen Brown DVM,,Repeating Customer
S01052,CU1167,C0405,20-08-2025,3,25874,Credit,Roy Foster,,Loyal Customer
S01053,CU0808,C0065,02-05-2023,3,15641,Credit,Daniel Miles,,Loyal Customer
S01054,CU1071,C0270,16-03-2024,3,19836,Cash,Dwayne Clay,,Loyal Customer
S01055,CU1653,C0327,25-09-2024,3,78781,Cash,Antonio Williams,,Loyal Customer
S01056,CU1713,C0339,03-06-2025,1,34489,Credit,Tabitha Bailey,,New Customer
S01057,CU0004,C0073,16-10-2023,3,78731,Installment,Sandra Brown,,Loyal Customer
S01058,CU1586,C0297,03-05-2023,1,96035,Credit,Monica Moore,,New Customer
S01059,CU0933,C0357,21-05-2025,2,33203,Credit,Kelly Key,,Repeating Customer
S01060,CU1790,C0472,25-07-2025,3,94077,Cash,Dalton Lane,,Loyal Customer
S01061,CU1789,C0024,16-01-2023,3,27584,Credit,Jasmine Caldwell,,Loyal Customer
S01062,CU1014,C0033,25-02-2023,3,97951,Cash,Matthew Chambers,,Loyal Customer
S01063,CU1525,C0477,16-12-2022,3,61363,Credit,Richard Anderson,,Loyal Customer
S01064,CU1103,C0483,26-05-2025,1,70192,Cash,Ryan Barnes,,New Customer
S01065,CU1632,C0443,25-11-2022,2,32372,Installment,Heather Pena,,Repeating Customer
S01066,CU0691,C0333,24-11-2024,2,73493,Installment,Henry Durham,,Repeating Customer
S01067,CU1605,C0355,09-01-2025,3,49608,Credit,Dylan Sawyer,,Loyal Customer
S01068,CU1278,C0063,06-09-2024,2,40476,Cash,Sabrina Brewer,,Repeating Customer
S01069,CU1590,C0121,05-09-2025,3,89410,Credit,Todd Robinson,,Loyal Customer
S01070,CU1362,C0156,02-12-2023,3,19557,Credit,Adam Smith,,Loyal Customer
S01071,CU0353,C0071,12-03-2025,1,62281,Installment,Raymond Solis,,New Customer
S01072,CU0995,C0283,02-08-2023,1,64119,Credit,Nicole Hawkins,,New Customer
S01073,CU0349,C0319,10-03-2024,1,74516,Installment,Amber Suarez,,New Customer
S01074,CU0434,C0303,09-07-2024,3,49554,Cash,Alan Taylor,,Loyal Customer
S01075,CU0555,C0043,04-07-2023,3,92430,Cash,Amanda Johnson,,Loyal Customer
S01076,CU1126,C0018,21-10-2024,1,93814,Installment,Bradley Castro,,New Customer
S01077,CU0102,C0010,05-10-2025,1,72208,Cash,Mary George,,New Customer
S01078,CU1285,C0274,11-12-2022,3,44216,Installment,Tanya Flores,,Loyal Customer
S01079,CU0830,C0411,02-09-2025,1,22038,Installment,Eduardo Powell,,New Customer
S01080,CU1955,C0098,07-08-2025,3,74695,Credit,Christopher Hebert,,Loyal Customer
S01081,CU0511,C0176,06-02-2023,3,88778,Cash,Jennifer Miller,,Loyal Customer
S01082,CU1454,C0043,04-12-2023,3,35947,Installment,Robert Davila,,Loyal Customer
S01083,CU0357,C0459,30-10-2023,1,56323,Installment,Billy Gilbert,,New Customer
S01084,CU1536,C0344,03-07-2024,1,60475,Installment,Catherine Goodwin,,New Customer
S01085,CU1913,C0016,22-04-2024,1,89265,Credit,Gabriela Miller,,New Customer
S01086,CU0180,C0464,11-07-2025,2,88948,Credit,Jonathan Davis,,Repeating Customer
S01087,CU0154,C0421,25-11-2023,3,46573,Installment,Christopher Smith,,Loyal Customer
S01088,CU0001,C0052,04-12-2023,1,41592,Installment,Alexander Munoz,,New Customer
S01089,CU1363,C0179,27-11-2024,3,70722,Credit,Raymond Whitney,,Loyal Customer
S01090,CU1347,C0339,03-02-2024,3,96435,Cash,Chad Jenkins,,Loyal Customer
S01091,CU0887,C0148,24-01-2023,2,81862,Cash,Martin Nguyen,,Repeating Customer
S01092,CU1431,C0033,22-11-2023,2,69552,Installment,Penny Andrade,,Repeating Customer
S01093,CU0745,C0399,01-04-2025,1,39075,Cash,Nathan Ross,,New Customer
S01094,CU0349,C0325,15-11-2022,2,89945,Installment,Megan Martin,,Repeating Customer
S01095,CU1691,C0171,16-10-2024,3,79855,Cash,Jane Washington,,Loyal Customer
S01096,CU1794,C0464,23-12-2023,1,80123,Installment,James Mccoy,,New Customer
S01097,CU0747,C0083,22-11-2022,2,95394,Credit,Katie Valencia,,Repeating Customer
S01098,CU1925,C0118,05-01-2025,2,82199,Cash,Cynthia Hill,,Repeating Customer
S01099,CU1117,C0021,19-08-2025,1,44746,Credit,Leslie Rivera MD,,New Customer
S01100,CU1385,C0037,10-07-2025,2,35284,Installment,Cheryl Wheeler,,Repeating Customer
S01101,CU1308,C0060,25-01-2024,3,48301,Cash,Michael Howard,,Loyal Customer
S01102,CU0363,C0052,01-03-2024,1,43024,Cash,Tyler Bell,,New Customer
S01103,CU0797,C0026,07-01-2023,3,89926,Credit,Dylan Valentine,,Loyal Customer
S01104,CU1548,C0055,16-01-2025,1,93245,Installment,Daniel Williams,,New Customer
S01105,CU0569,C0416,17-04-2023,2,86392,Cash,Shane Blanchard,,Repeating Customer
S01106,CU1025,C0303,23-10-2023,3,30425,Installment,Joshua Rogers,,Loyal Customer
S01107,CU1965,C0463,04-09-2024,3,19049,Cash,Charles Bowers,,Loyal Customer
S01108,CU0883,C0438,22-12-2023,3,72510,Cash,Elizabeth Roberts,,Loyal Customer
S01109,CU0834,C0489,30-07-2024,3,98244,Credit,Kelsey Mathis,,Loyal Customer
S01110,CU1984,C0179,01-09-2023,1,29314,Credit,Nancy Johnson,,New Customer
S01111,CU1066,C0272,21-09-2024,2,40449,Cash,Kayla Hoover,,Repeating Customer
S01112,CU0873,C0396,29-05-2023,1,15467,Cash,Robert Gibson,,New Customer
S01113,CU0761,C0207,08-03-2024,3,45961,Cash,Nicole Pena,,Loyal Customer
S01114,CU1694,C0150,11-12-2024,3,70536,Installment,Casey Thompson,,Loyal Customer
S01115,CU1691,C0178,09-07-2023,2,94590,Credit,Jacob Lee,,Repeating Customer
S01116,CU0539,C0012,05-03-2025,2,23805,Credit,Sharon Davis MD,,Repeating Customer
S01117,CU1753,C0104,13-12-2024,2,20146,Credit,Natalie Herrera,,Repeating Customer
S01118,CU1582,C0232,13-02-2024,3,65169,Credit,Kari Yu,,Loyal Customer
S01119,CU1651,C0392,15-04-2024,1,65210,Cash,Alexis Wilcox,,New Customer
S01120,CU1258,C0458,18-07-2025,2,33472,Installment,Jennifer Morales,,Repeating Customer
S01121,CU0078,C0437,10-11-2024,3,58551,Cash,Cindy Bowen,,Loyal Customer
S01122,CU1262,C0052,11-10-2024,3,16130,Installment,Autumn Shah,,Loyal Customer
S01123,CU0410,C0485,22-08-2024,3,79254,Credit,Adam Norman,,Loyal Customer
S01124,CU1317,C0017,28-03-2024,3,55045,Installment,Stacey Rocha,,Loyal Customer
S01125,CU0661,C0148,22-01-2025,3,62046,Credit,Jose Peterson,,Loyal Customer
S01126,CU1915,C0461,21-10-2025,3,41564,Cash,Brian Thomas,,Loyal Customer
S01127,CU0088,C0400,21-03-2024,1,94124,Credit,Willie Fernandez,,New Customer
S01128,CU1701,C0327,01-03-2024,2,78279,Cash,Brian Foster,,Repeating Customer
S01129,CU0887,C0366,04-05-2024,2,55564,Credit,Kevin Ramirez,,Repeating Customer
S01130,CU1904,C0273,26-01-2023,3,49068,Installment,William Jones,,Loyal Customer
S01131,CU1774,C0016,05-03-2025,3,67944,Cash,Benjamin Willis,,Loyal Customer
S01132,CU1756,C0396,15-08-2023,1,82701,Installment,Jill Herman,,New Customer
S01133,CU0246,C0172,30-03-2024,3,48623,Cash,Antonio Hughes,,Loyal Customer
S01134,CU0416,C0187,06-05-2025,2,73136,Installment,Susan Alvarado,,Repeating Customer
S01135,CU0728,C0036,03-01-2025,1,83571,Credit,Christopher Rodriguez,,New Customer
S01136,CU0914,C0345,13-10-2024,1,31471,Cash,Sharon Scott,,New Customer
S01137,CU0597,C0230,22-05-2025,1,69769,Credit,Nicholas Hayes,,New Customer
S01138,CU1301,C0373,03-08-2024,1,56279,Installment,Leonard Jackson,,New Customer
S01139,CU0400,C0004,07-10-2024,2,45127,Cash,Kayla Roach,,Repeating Customer
S01140,CU0913,C0358,22-12-2024,2,15684,Installment,Daniel Mullins,,Repeating Customer
S01141,CU1183,C0065,30-01-2024,2,72335,Cash,Courtney Murphy,,Repeating Customer
S01142,CU0154,C0036,01-08-2024,2,50680,Installment,Julie Garcia,,Repeating Customer
S01143,CU0037,C0082,05-11-2023,3,67994,Cash,Angela Cole,,Loyal Customer
S01144,CU0168,C0007,08-01-2023,2,26160,Credit,Erica Carter,,Repeating Customer
S01145,CU1218,C0203,25-05-2023,2,62165,Installment,Mark Hebert,,Repeating Customer
S01146,CU0616,C0270,07-09-2024,1,74647,Credit,Jose Davis,,New Customer
S01147,CU1865,C0275,27-03-2023,2,40547,Cash,Sandra Gomez,,Repeating Customer
S01148,CU1536,C0491,29-08-2024,1,33726,Cash,Matthew Ford,,New Customer
S01149,CU0553,C0093,07-10-2023,2,77292,Cash,Darren Cooper,,Repeating Customer
S01150,CU0364,C0095,05-04-2023,3,72794,Cash,Paul Burke,,Loyal Customer
S01151,CU0735,C0068,04-10-2023,1,29097,Cash,Eric Reynolds,,New Customer
S01152,CU1073,C0461,11-10-2025,1,47543,Installment,Jay Adams,,New Customer
S01153,CU0024,C0439,07-11-2022,3,67693,Credit,Michele Lane,,Loyal Customer
S01154,CU0209,C0093,31-08-2023,3,18226,Installment,Matthew Burgess,,Loyal Customer
S01155,CU0951,C0133,08-09-2025,1,21493,Credit,Jill Harvey,,New Customer
S01156,CU1362,C0211,29-06-2025,3,44337,Installment,Sarah Logan,,Loyal Customer
S01157,CU0070,C0277,26-05-2023,2,25703,Credit,Christian Nelson,,Repeating Customer
S01158,CU1146,C0101,09-07-2024,1,80937,Installment,Jeremy Zuniga,,New Customer
S01159,CU1574,C0216,18-08-2025,1,32295,Cash,Justin Cruz,,New Customer
S01160,CU1625,C0459,07-04-2025,2,71630,Cash,Melinda Rose,,Repeating Customer
S01161,CU0946,C0207,20-12-2024,3,63525,Installment,Timothy Randall,,Loyal Customer
S01162,CU0499,C0302,26-03-2025,3,93133,Cash,Robert Chan,,Loyal Customer
S01163,CU0546,C0460,01-03-2024,3,68958,Installment,Elizabeth Ramirez,,Loyal Customer
S01164,CU0525,C0044,26-01-2025,3,24980,Credit,Todd Young,,Loyal Customer
S01165,CU0359,C0044,26-10-2024,1,81206,Cash,Angelica King,,New Customer
S01166,CU0784,C0219,30-08-2025,2,34876,Cash,Kimberly Andrews,,Repeating Customer
S01167,CU0719,C0195,14-05-2024,3,52569,Cash,Anthony Brown Jr.,,Loyal Customer
S01168,CU0750,C0332,15-01-2023,2,94731,Cash,Mr. William Ramirez,,Repeating Customer
S01169,CU1924,C0224,28-09-2023,1,75616,Credit,Kyle Coleman,,New Customer
S01170,CU0326,C0137,24-02-2023,3,25526,Cash,Lori Ramos,,Loyal Customer
S01171,CU1298,C0290,16-03-2023,3,97859,Credit,David Hill,,Loyal Customer
S01172,CU0107,C0163,17-09-2025,1,96998,Installment,Amanda Russo,,New Customer
S01173,CU0307,C0422,31-07-2023,1,28135,Credit,Christy Reed,,New Customer
S01174,CU0786,C0228,10-06-2024,3,61333,Credit,Joshua Rodriguez,,Loyal Customer
S01175,CU1977,C0023,05-01-2023,2,26939,Cash,Steven Thompson,,Repeating Customer
S01176,CU1638,C0169,19-05-2023,1,76604,Credit,Sharon Juarez,,New Customer
S01177,CU0241,C0322,13-08-2024,2,49225,Cash,Amy Gordon,,Repeating Customer
S01178,CU1748,C0461,13-04-2023,2,87886,Installment,Kelsey Le,,Repeating Customer
S01179,CU0175,C0304,16-03-2023,3,19992,Cash,Dustin Watson,,Loyal Customer
S01180,CU1958,C0129,05-11-2023,3,71350,Credit,Matthew Smith,,Loyal Customer
S01181,CU1637,C0401,29-03-2025,1,76622,Installment,Virginia Martinez,,New Customer
S01182,CU0792,C0478,12-07-2025,2,89879,Installment,Audrey Underwood,,Repeating Customer
S01183,CU0818,C0120,04-06-2024,3,91316,Installment,Melvin Payne,,Loyal Customer
S01184,CU1797,C0051,14-07-2023,2,82305,Cash,Faith Castillo,,Repeating Customer
S01185,CU1445,C0124,27-06-2023,1,16711,Installment,Crystal Rose,,New Customer
S01186,CU1736,C0477,10-10-2024,1,85913,Installment,Danielle White,,New Customer
S01187,CU1339,C0448,12-12-2023,2,94680,Credit,Ann Burns,,Repeating Customer
S01188,CU0284,C0157,16-07-2025,2,78800,Cash,Kelsey Archer,,Repeating Customer
S01189,CU0904,C0385,09-11-2023,2,85589,Installment,Nathan Sullivan,,Repeating Customer
S01190,CU1617,C0323,24-12-2022,3,73247,Installment,Tara Green,,Loyal Customer
S01191,CU0944,C0202,23-08-2023,1,41912,Credit,Jessica Hart,,New Customer
S01192,CU1604,C0138,24-05-2023,2,78437,Cash,Dr. Nicole Harrington MD,,Repeating Customer
S01193,CU1805,C0230,01-11-2022,1,36808,Credit,Jessica George,,New Customer
S01194,CU0190,C0146,27-06-2025,2,76299,Installment,Amanda Lopez,,Repeating Customer
S01195,CU1242,C0155,03-10-2025,3,28758,Credit,William Smith,,Loyal Customer
S01196,CU1425,C0339,08-11-2024,2,64484,Cash,Laura Evans,,Repeating Customer
S01197,CU1062,C0104,31-05-2023,2,33781,Installment,Curtis Parker,,Repeating Customer
S01198,CU0821,C0001,23-06-2025,3,66695,Cash,Jeremy Rodriguez,,Loyal Customer
S01199,CU0138,C0387,27-10-2025,2,20998,Cash,Adrian Gonzalez,,Repeating Customer
S01200,CU1704,C0054,21-06-2023,1,84517,Cash,Laura Rhodes,,New Customer
S01201,CU0349,C0491,04-06-2024,2,20324,Credit,Kathryn Fisher,,Repeating Customer
S01202,CU1740,C0309,14-05-2023,1,53152,Installment,James Myers,,New Customer
S01203,CU1058,C0301,31-12-2023,2,22482,Installment,Jessica Fowler,,Repeating Customer
S01204,CU1814,C0377,04-03-2023,3,62970,Credit,Amanda Carpenter MD,,Loyal Customer
S01205,CU1792,C0316,28-06-2023,2,79133,Credit,Katherine Decker,,Repeating Customer
S01206,CU1199,C0073,31-01-2023,1,56208,Cash,Jordan Hood,,New Customer
S01207,CU1026,C0287,01-11-2023,2,41680,Credit,John Dunn,,Repeating Customer
S01208,CU0111,C0080,13-03-2025,3,41125,Installment,Kevin Black,,Loyal Customer
S01209,CU1777,C0455,15-02-2025,3,53597,Installment,Michelle Harper,,Loyal Customer
S01210,CU0709,C0193,06-12-2022,2,83979,Credit,Paul Best,,Repeating Customer
S01211,CU0035,C0349,21-12-2023,3,22591,Credit,Mrs. Rebekah Jackson,,Loyal Customer
S01212,CU0222,C0203,05-09-2024,3,59298,Installment,Laura Walter,,Loyal Customer
S01213,CU1545,C0044,15-11-2022,3,47187,Credit,Ryan Glass,,Loyal Customer
S01214,CU0774,C0362,13-09-2024,2,63962,Cash,Madison Cook,,Repeating Customer
S01215,CU0011,C0443,27-10-2023,3,82628,Credit,Hannah Douglas,,Loyal Customer
S01216,CU0634,C0348,31-10-2022,2,31747,Cash,Joseph Pratt,,Repeating Customer
S01217,CU0079,C0410,10-08-2023,2,95055,Cash,Christina Baker,,Repeating Customer
S01218,CU1523,C0459,17-10-2024,1,61860,Cash,Amber Black,,New Customer
S01219,CU1152,C0477,22-05-2025,2,24172,Installment,Elizabeth Hall,,Repeating Customer
S01220,CU0478,C0407,30-12-2022,2,22169,Installment,Colleen Gill,,Repeating Customer
S01221,CU0052,C0413,03-05-2025,2,36579,Credit,Kimberly Rodriguez,,Repeating Customer
S01222,CU0135,C0355,05-06-2024,3,47937,Installment,Marcus Hall,,Loyal Customer
S01223,CU0073,C0397,04-01-2024,1,28762,Installment,Alexis Valdez DDS,,New Customer
S01224,CU1217,C0340,16-06-2025,1,72530,Cash,Bailey Johnson,,New Customer
S01225,CU1242,C0226,07-02-2023,2,23540,Credit,Lisa Santana,,Repeating Customer
S01226,CU0885,C0268,22-01-2024,2,40112,Installment,Donald Vasquez,,Repeating Customer
S01227,CU1668,C0351,13-11-2023,1,38507,Installment,Mark Gross,,New Customer
S01228,CU0483,C0250,03-03-2023,2,19425,Cash,Daniel Casey,,Repeating Customer
S01229,CU1561,C0356,27-04-2024,2,16180,Cash,Brenda Perry,,Repeating Customer
S01230,CU1492,C0051,28-09-2023,3,51831,Credit,Henry Vargas,,Loyal Customer
S01231,CU1514,C0419,11-06-2025,1,96860,Installment,Kim Johnson,,New Customer
S01232,CU1568,C0019,16-08-2023,3,15833,Installment,Martha Owen,,Loyal Customer
S01233,CU0460,C0151,13-09-2023,1,33980,Credit,Warren Jackson,,New Customer
S01234,CU0818,C0443,27-01-2025,2,92808,Installment,Rebecca Perez,,Repeating Customer
S01235,CU1582,C0228,14-12-2024,1,35044,Installment,Matthew Farmer Jr.,,New Customer
S01236,CU0296,C0382,11-04-2023,3,74561,Cash,Richard Gibson PhD,,Loyal Customer
S01237,CU1736,C0204,25-03-2025,2,31037,Installment,Johnathan Ward,,Repeating Customer
S01238,CU1490,C0235,30-07-2024,3,92226,Credit,Timothy Nash,,Loyal Customer
S01239,CU0406,C0471,07-11-2022,1,30253,Cash,Kelsey Martinez,,New Customer
S01240,CU1832,C0143,24-07-2023,3,87854,Credit,Kristen Jackson,,Loyal Customer
S01241,CU1220,C0137,08-02-2024,3,98740,Installment,Andrew Horton,,Loyal Customer
S01242,CU1435,C0155,15-11-2022,2,89784,Cash,Thomas Hansen,,Repeating Customer
S01243,CU1057,C0360,04-05-2024,3,30751,Credit,Eric Mason,,Loyal Customer
S01244,CU0296,C0459,08-08-2024,1,98507,Cash,Cynthia Baker,,New Customer
S01245,CU0511,C0385,11-06-2025,3,66768,Cash,Ronald Sutton,,Loyal Customer
S01246,CU0453,C0383,11-06-2023,1,94377,Credit,Nancy Thompson,,New Customer
S01247,CU0278,C0085,27-02-2023,3,61046,Installment,Katherine Jackson,,Loyal Customer
S01248,CU0087,C0389,11-08-2024,2,15717,Installment,Paul Garcia,,Repeating Customer
S01249,CU0873,C0308,13-08-2024,2,52291,Cash,Krista Cruz,,Repeating Customer
S01250,CU1791,C0032,06-09-2023,3,91424,Credit,Erik Pierce,,Loyal Customer
S01251,CU1912,C0057,24-08-2025,2,48631,Credit,Kevin Flynn,,Repeating Customer
S01252,CU1577,C0383,04-10-2024,1,86528,Cash,Christopher Brown,,New Customer
S01253,CU1222,C0261,27-07-2025,3,20305,Cash,Xavier Griffin,,Loyal Customer
S01254,CU0286,C0468,10-06-2024,3,92382,Credit,Michael Wagner,,Loyal Customer
S01255,CU0821,C0371,29-01-2025,2,18861,Credit,Andrew Jones,,Repeating Customer
S01256,CU0221,C0172,28-04-2025,2,56910,Credit,Samantha Peters,,Repeating Customer
S01257,CU0451,C0315,25-06-2025,3,21464,Installment,Christopher Lang,,Loyal Customer
S01258,CU0344,C0296,25-08-2024,3,50183,Cash,Melissa Rodgers,,Loyal Customer
S01259,CU0002,C0362,25-12-2023,3,97399,Credit,Robert Thompson,,Loyal Customer
S01260,CU1138,C0357,20-05-2024,2,28626,Installment,Sara Kent,,Repeating Customer
S01261,CU1963,C0219,20-03-2023,1,93169,Credit,Michele Bailey,,New Customer
S01262,CU0365,C0151,18-05-2024,1,61738,Credit,Susan Singh,,New Customer
S01263,CU0479,C0415,25-03-2025,2,87036,Cash,Warren Benson,,Repeating Customer
S01264,CU1472,C0472,06-08-2024,3,31110,Installment,David Hurley,,Loyal Customer
S01265,CU1968,C0456,12-03-2024,2,15917,Cash,Toni Ellis,,Repeating Customer
S01266,CU1036,C0477,03-01-2025,1,99412,Credit,Kathryn Cabrera,,New Customer
S01267,CU1792,C0059,25-07-2025,2,38125,Cash,Jeffery Lowery,,Repeating Customer
S01268,CU1235,C0341,11-11-2022,1,58275,Credit,Joshua Thomas,,New Customer
S01269,CU1779,C0405,26-01-2025,3,34682,Installment,Krystal Clark,,Loyal Customer
S01270,CU0999,C0169,19-08-2024,2,71841,Installment,William Richards,,Repeating Customer
S01271,CU1648,C0406,16-05-2023,1,28999,Credit,Noah Heath,,New Customer
S01272,CU0896,C0148,03-12-2022,1,37896,Credit,Kayla White,,New Customer
S01273,CU1903,C0205,15-06-2023,1,15580,Installment,Peter Williams,,New Customer
S01274,CU0942,C0268,30-12-2022,3,66501,Credit,Christopher Davis,,Loyal Customer
S01275,CU1855,C0161,17-12-2023,3,99394,Cash,Jessica Townsend,,Loyal Customer
S01276,CU1201,C0057,29-11-2022,1,96909,Cash,Isaac Smith,,New Customer
S01277,CU1849,C0450,28-05-2024,2,66643,Credit,Carlos Little,,Repeating Customer
S01278,CU1152,C0117,10-05-2024,2,74558,Credit,Krista Lopez,,Repeating Customer
S01279,CU1297,C0336,15-12-2024,3,57031,Installment,Erik Jimenez,,Loyal Customer
S01280,CU0619,C0124,15-02-2023,3,66965,Credit,Donald Mitchell,,Loyal Customer
S01281,CU1740,C0081,20-02-2023,2,83518,Credit,Deanna Carlson,,Repeating Customer
S01282,CU1523,C0310,05-10-2025,1,77036,Installment,Jill Vega,,New Customer
S01283,CU1118,C0424,16-04-2024,1,24191,Installment,Caitlin Fischer,,New Customer
S01284,CU0187,C0384,30-01-2025,2,23002,Cash,Amanda Nguyen,,Repeating Customer
S01285,CU0078,C0078,04-10-2023,1,78160,Cash,Michael Morrison,,New Customer
S01286,CU0621,C0146,20-08-2025,3,46527,Credit,Mr. Scott Chavez,,Loyal Customer
S01287,CU1031,C0003,13-08-2024,2,60719,Credit,Alejandro Malone,,Repeating Customer
S01288,CU1016,C0128,27-09-2023,1,18390,Installment,Chase Carroll,,New Customer
S01289,CU1993,C0117,25-10-2025,2,60106,Credit,John Blackwell,,Repeating Customer
S01290,CU0574,C0350,17-07-2023,2,21279,Installment,Mike Payne,,Repeating Customer
S01291,CU1811,C0393,23-09-2025,1,80449,Cash,Kristen Weaver,,New Customer
S01292,CU1347,C0262,10-03-2024,2,35400,Cash,Philip Smith,,Repeating Customer
S01293,CU1337,C0443,14-05-2025,2,94770,Credit,Christine Andrews,,Repeating Customer
S01294,CU1266,C0499,05-01-2024,3,80325,Credit,Jennifer Branch,,Loyal Customer
S01295,CU0901,C0057,13-05-2023,2,24996,Credit,Kathleen Moore,,Repeating Customer
S01296,CU1084,C0449,21-09-2025,1,37998,Cash,Antonio Cain,,New Customer
S01297,CU1557,C0350,20-10-2025,2,62285,Credit,Jeffery Smith,,Repeating Customer
S01298,CU1005,C0400,23-10-2024,2,58188,Installment,Brandon Johnson,,Repeating Customer
S01299,CU0605,C0279,24-05-2025,1,35433,Cash,David Holt,,New Customer
S01300,CU1810,C0317,09-10-2023,1,87912,Cash,Casey Zhang,,New Customer
S01301,CU1397,C0115,15-11-2022,2,32114,Cash,Jennifer Gates,,Repeating Customer
S01302,CU0166,C0128,27-05-2025,1,64267,Installment,Ashley Bell,,New Customer
S01303,CU1149,C0178,23-07-2025,2,47259,Credit,Christine Macias,,Repeating Customer
S01304,CU0166,C0030,30-06-2025,1,29560,Cash,Anthony Clarke,,New Customer
S01305,CU0430,C0144,07-03-2023,2,92922,Credit,Emily Watson,,Repeating Customer
S01306,CU0891,C0339,30-11-2023,1,18765,Cash,Jodi Espinoza,,New Customer
S01307,CU0106,C0261,17-11-2022,3,66298,Installment,Austin Wiley,,Loyal Customer
S01308,CU0643,C0287,23-07-2025,2,71133,Installment,Amy Meyer,,Repeating Customer
S01309,CU1024,C0489,05-07-2023,1,77527,Credit,Sheila Frost,,New Customer
S01310,CU0957,C0283,18-09-2023,1,25499,Credit,Kenneth Thomas,,New Customer
S01311,CU0996,C0176,25-08-2025,2,85131,Cash,Elizabeth Dean,,Repeating Customer
S01312,CU1385,C0307,11-11-2023,2,20632,Installment,Jordan Coleman,,Repeating Customer
S01313,CU0640,C0366,21-08-2023,3,54178,Cash,Gerald Bray,,Loyal Customer
S01314,CU1777,C0287,16-03-2024,2,59742,Installment,Andrea Evans,,Repeating Customer
S01315,CU1563,C0373,09-11-2024,2,18175,Credit,Emily Mann,,Repeating Customer
S01316,CU0220,C0201,17-09-2025,3,41018,Installment,Keith Yoder,,Loyal Customer
S01317,CU1344,C0323,04-03-2024,2,27842,Installment,Elizabeth Swanson,,Repeating Customer
S01318,CU0597,C0114,05-09-2025,2,62109,Credit,Dawn Cooper,,Repeating Customer
S01319,CU1386,C0439,20-07-2023,1,74957,Credit,Scott Walsh,,New Customer
S01320,CU1838,C0144,22-04-2023,2,64666,Credit,Christy Madden,,Repeating Customer
S01321,CU1023,C0215,18-04-2025,3,22984,Installment,Hannah Rios,,Loyal Customer
S01322,CU0393,C0045,26-01-2025,3,97749,Cash,Jason Ward,,Loyal Customer
S01323,CU0611,C0475,01-02-2023,3,67590,Installment,Monica Hernandez,,Loyal Customer
S01324,CU0498,C0278,11-05-2024,2,37700,Credit,Sarah Garrett,,Repeating Customer
S01325,CU0903,C0270,09-10-2024,3,44526,Installment,Michael Charles,,Loyal Customer
S01326,CU1318,C0464,01-06-2023,1,26199,Credit,Cheryl Walker,,New Customer
S01327,CU0601,C0105,06-01-2024,1,97746,Cash,Monica Scott,,New Customer
S01328,CU0408,C0467,01-08-2024,2,74711,Installment,Jessica Duffy,,Repeating Customer
S01329,CU0047,C0224,11-03-2025,2,66930,Cash,Cristian Underwood,,Repeating Customer
S01330,CU0810,C0422,27-12-2023,3,55681,Credit,Carol Williams,,Loyal Customer
S01331,CU1683,C0279,16-02-2025,3,71657,Credit,Jeff Sanders,,Loyal Customer
S01332,CU0867,C0325,01-11-2024,1,83757,Cash,Michael Fox,,New Customer
S01333,CU1271,C0106,27-10-2023,3,94639,Credit,Erika Johnson,,Loyal Customer
S01334,CU0364,C0325,29-11-2022,1,61459,Cash,April Morris,,New Customer
S01335,CU1677,C0051,10-04-2024,3,87370,Credit,Ryan Blair,,Loyal Customer
S01336,CU0174,C0074,23-06-2025,3,55826,Credit,Jennifer Blake,,Loyal Customer
S01337,CU1566,C0334,20-07-2025,3,42450,Cash,Cynthia Phillips,,Loyal Customer
S01338,CU0414,C0054,21-07-2023,1,54922,Credit,Leslie Blake,,New Customer
S01339,CU0449,C0334,10-02-2023,2,36556,Credit,Stanley Perez,,Repeating Customer
S01340,CU1818,C0488,17-01-2023,2,72752,Credit,Nicholas Brown,,Repeating Customer
S01341,CU0928,C0057,24-12-2023,2,19046,Cash,Denise Jackson,,Repeating Customer
S01342,CU0001,C0459,15-10-2025,2,78144,Installment,Deborah Ross,,Repeating Customer
S01343,CU1456,C0110,02-06-2024,1,85114,Installment,Tami Hicks,,New Customer
S01344,CU0065,C0391,21-08-2024,2,96941,Cash,Scott Herrera,,Repeating Customer
S01345,CU1137,C0071,02-08-2025,1,73600,Installment,Nicole Nelson,,New Customer
S01346,CU0388,C0141,08-12-2024,3,25760,Credit,Rodney Cruz,,Loyal Customer
S01347,CU1068,C0108,17-10-2023,3,96682,Credit,Gregory Nelson,,Loyal Customer
S01348,CU1935,C0183,15-09-2024,2,63723,Installment,Jack Rodriguez,,Repeating Customer
S01349,CU0138,C0168,21-11-2024,2,37652,Installment,Maxwell Hays,,Repeating Customer
S01350,CU0950,C0373,11-10-2024,1,52711,Credit,Patricia Green,,New Customer
S01351,CU1248,C0451,12-06-2023,1,67375,Cash,Angela Cohen,,New Customer
S01352,CU0449,C0497,28-06-2024,3,42905,Installment,Marissa Dixon,,Loyal Customer
S01353,CU0263,C0294,08-04-2025,1,29690,Installment,Monica Thomas,,New Customer
S01354,CU1382,C0257,14-04-2025,2,61767,Installment,Lorraine Berry,,Repeating Customer
S01355,CU0937,C0451,21-04-2023,1,43898,Installment,Brian Drake,,New Customer
S01356,CU1492,C0017,06-10-2025,3,59041,Installment,Morgan Jones DDS,,Loyal Customer
S01357,CU1860,C0090,29-10-2024,2,73123,Installment,Matthew Adkins,,Repeating Customer
S01358,CU0340,C0282,26-03-2024,3,91105,Installment,Lorraine Johnson,,Loyal Customer
S01359,CU0082,C0231,03-12-2022,3,63630,Cash,Ashley Miller,,Loyal Customer
S01360,CU1429,C0457,16-04-2025,1,84673,Credit,Jacob Nelson,,New Customer
S01361,CU1795,C0407,12-12-2022,1,31088,Installment,Pamela Gibson,,New Customer
S01362,CU0121,C0409,18-04-2025,3,37246,Credit,Katie Gomez,,Loyal Customer
S01363,CU0728,C0466,26-09-2023,3,35183,Cash,Lance Lee,,Loyal Customer
S01364,CU0283,C0296,11-05-2023,1,91900,Installment,Wendy Torres,,New Customer
S01365,CU1812,C0078,06-12-2024,3,68855,Credit,Kathryn Perry,,Loyal Customer
S01366,CU0812,C0001,03-11-2024,1,34410,Cash,Misty Morales,,New Customer
S01367,CU0310,C0407,04-01-2024,2,25470,Credit,Thomas Roy,,Repeating Customer
S01368,CU1165,C0348,08-08-2024,1,94252,Cash,James Harris,,New Customer
S01369,CU1609,C0202,27-12-2022,1,96974,Installment,David Rivera,,New Customer
S01370,CU0457,C0206,07-05-2025,1,61820,Installment,Scott Maldonado,,New Customer
S01371,CU0330,C0242,16-07-2024,2,52768,Cash,Luis Rivera,,Repeating Customer
S01372,CU0219,C0419,05-04-2024,1,45351,Installment,Christine Johnson,,New Customer
S01373,CU0523,C0063,02-11-2024,2,56948,Installment,Catherine Walsh DDS,,Repeating Customer
S01374,CU0500,C0040,12-10-2023,1,69885,Cash,Christina Rosales,,New Customer
S01375,CU0476,C0338,09-03-2024,1,61405,Credit,Megan Roberson,,New Customer
S01376,CU0831,C0393,11-02-2023,2,19445,Credit,Gregory Johnson,,Repeating Customer
S01377,CU1243,C0128,18-05-2024,3,53544,Cash,Christopher Duran,,Loyal Customer
S01378,CU0059,C0400,29-12-2022,3,82979,Credit,Michael Parsons,,Loyal Customer
S01379,CU0121,C0056,05-12-2023,1,96971,Credit,Heather Smith,,New Customer
S01380,CU0105,C0472,15-06-2023,3,75665,Installment,Melissa Cain,,Loyal Customer
S01381,CU1412,C0431,12-12-2022,1,88953,Credit,Gary Diaz,,New Customer
S01382,CU0094,C0365,02-07-2023,3,21624,Installment,Vanessa Garcia,,Loyal Customer
S01383,CU1570,C0153,11-01-2025,1,32495,Credit,Melissa Armstrong,,New Customer
S01384,CU1039,C0086,02-01-2024,3,93743,Cash,Jennifer Johnson,,Loyal Customer
S01385,CU1371,C0422,29-11-2023,1,89080,Credit,Glen Allen,,New Customer
S01386,CU0307,C0427,05-07-2025,3,40783,Installment,Jacob Robinson,,Loyal Customer
S01387,CU0213,C0183,19-04-2023,1,89815,Cash,Jay Wallace,,New Customer
S01388,CU1960,C0204,11-10-2024,2,38038,Cash,Jennifer Sanchez,,Repeating Customer
S01389,CU1023,C0282,25-02-2025,1,59302,Credit,Raymond Peterson,,New Customer
S01390,CU0209,C0025,17-03-2023,3,41969,Installment,Diana Jackson,,Loyal Customer
S01391,CU1458,C0377,03-03-2024,1,58855,Cash,Justin Mueller,,New Customer
S01392,CU1588,C0219,03-08-2025,2,50529,Installment,Mrs. Natalie Martin,,Repeating Customer
S01393,CU0348,C0333,03-07-2025,2,50837,Cash,Marcia Weaver,,Repeating Customer
S01394,CU0764,C0019,30-11-2024,3,34338,Credit,Jessica Peterson,,Loyal Customer
S01395,CU0865,C0272,11-04-2025,3,76914,Installment,Jill Bridges,,Loyal Customer
S01396,CU0903,C0058,10-04-2023,2,77343,Credit,William Carlson,,Repeating Customer
S01397,CU0838,C0221,14-02-2025,2,34652,Installment,Lori Daniel,,Repeating Customer
S01398,CU1473,C0328,15-05-2024,3,67980,Credit,Monica Mcdonald,,Loyal Customer
S01399,CU1229,C0171,20-01-2025,1,93910,Credit,Russell Massey,,New Customer
S01400,CU0107,C0431,09-02-2024,3,31974,Credit,Amber Dominguez,,Loyal Customer
S01401,CU0081,C0421,22-09-2024,1,74533,Cash,Joseph Caldwell,,New Customer
S01402,CU0408,C0439,20-04-2025,1,29021,Credit,Angela Lutz,,New Customer
S01403,CU0033,C0194,20-09-2025,3,20580,Installment,Mary Lucero,,Loyal Customer
S01404,CU1280,C0278,30-11-2023,1,79716,Installment,Alexander Davis,,New Customer
S01405,CU0876,C0129,22-11-2022,2,52114,Credit,Robert Stewart,,Repeating Customer
S01406,CU0450,C0099,03-09-2025,2,16216,Installment,Heidi Jenkins,,Repeating Customer
S01407,CU0104,C0364,18-12-2022,2,41700,Installment,Michael Woods,,Repeating Customer
S01408,CU0823,C0462,06-07-2023,3,22497,Installment,Mrs. Jacqueline Hunt,,Loyal Customer
S01409,CU0326,C0175,03-01-2025,1,22362,Cash,Jacob Hoffman,,New Customer
S01410,CU0292,C0391,11-10-2025,3,53290,Installment,David Pierce,,Loyal Customer
S01411,CU1092,C0200,17-02-2025,3,60745,Cash,Tina Leonard,,Loyal Customer
S01412,CU1060,C0494,01-03-2024,1,52022,Cash,Kristen Zavala,,New Customer
S01413,CU0090,C0309,18-11-2023,1,73766,Credit,Christy Chase,,New Customer
S01414,CU1026,C0045,29-06-2023,1,85594,Installment,Krista Savage,,New Customer
S01415,CU1627,C0394,03-02-2025,2,54825,Installment,David Davis,,Repeating Customer
S01416,CU1062,C0159,04-12-2022,1,50166,Credit,Sara Hernandez,,New Customer
S01417,CU1037,C0141,17-09-2023,3,51908,Credit,Victoria Vega,,Loyal Customer
S01418,CU1537,C0222,12-05-2024,1,38146,Credit,Jeffrey Nguyen,,New Customer
S01419,CU0353,C0030,31-12-2023,1,18473,Installment,Paul Day,,New Customer
S01420,CU1326,C0102,23-03-2023,1,35642,Credit,Susan Randolph,,New Customer
S01421,CU0361,C0056,18-08-2023,1,70658,Installment,Trevor Barber,,New Customer
S01422,CU0646,C0322,14-10-2023,2,65380,Credit,Dr. Robert Myers,,Repeating Customer
S01423,CU0386,C0213,10-12-2024,1,40794,Installment,Amy Smith,,New Customer
S01424,CU1516,C0410,16-02-2023,3,16188,Credit,Yvonne Bowen,,Loyal Customer
S01425,CU0811,C0333,16-03-2024,1,66290,Credit,Nathan Evans,,New Customer
S01426,CU0477,C0218,05-05-2024,2,90786,Cash,Jonathan Washington,,Repeating Customer
S01427,CU1754,C0490,14-07-2024,2,31166,Cash,Michelle Obrien,,Repeating Customer
S01428,CU0619,C0006,07-04-2025,1,38200,Cash,Jane Smith,,New Customer
S01429,CU1670,C0360,25-07-2023,1,91103,Installment,Nathan Harrell,,New Customer
S01430,CU0812,C0327,19-10-2024,1,66685,Installment,Stephanie Bradshaw,,New Customer
S01431,CU0456,C0094,23-08-2024,3,98066,Cash,Breanna Little,,Loyal Customer
S01432,CU0474,C0323,27-07-2024,3,25467,Installment,Mark Sawyer,,Loyal Customer
S01433,CU0727,C0032,03-09-2023,1,85341,Credit,Teresa Frye,,New Customer
S01434,CU0487,C0185,20-10-2023,3,23508,Cash,Annette Ortega,,Loyal Customer
S01435,CU1060,C0420,15-10-2023,3,33067,Cash,Megan Chang,,Loyal Customer
S01436,CU1594,C0484,01-09-2025,3,84107,Installment,Victor Blake,,Loyal Customer
S01437,CU1180,C0290,08-12-2023,2,39697,Credit,Mrs. Kimberly Hurst,,Repeating Customer
S01438,CU1145,C0332,04-05-2025,3,79695,Cash,Bryan Frazier,,Loyal Customer
S01439,CU1524,C0029,12-06-2025,3,99758,Credit,Pamela Rivers,,Loyal Customer
S01440,CU1660,C0430,29-06-2023,2,30701,Cash,Holly Singh,,Repeating Customer
S01441,CU0932,C0421,10-12-2022,1,59727,Installment,Heidi Anderson,,New Customer
S01442,CU1042,C0210,15-08-2024,3,94461,Installment,Amanda Jackson,,Loyal Customer
S01443,CU0984,C0126,20-01-2025,1,93855,Cash,Timothy Young,,New Customer
S01444,CU1251,C0449,25-07-2023,1,27901,Credit,Karen Johnson,,New Customer
S01445,CU1854,C0238,25-09-2024,2,69453,Cash,Faith Price,,Repeating Customer
S01446,CU0425,C0355,21-05-2025,2,49307,Credit,Max Gomez,,Repeating Customer
S01447,CU0912,C0135,19-06-2025,2,55834,Installment,Kevin Jackson,,Repeating Customer
S01448,CU0071,C0075,24-12-2023,1,92867,Credit,John Allen,,New Customer
S01449,CU1942,C0146,04-09-2025,3,75911,Installment,Thomas Russell,,Loyal Customer
S01450,CU1565,C0125,25-12-2023,1,60332,Credit,Lauren Smith,,New Customer
S01451,CU1948,C0274,28-04-2025,1,23417,Cash,Bill King,,New Customer
S01452,CU1632,C0241,05-11-2022,3,37837,Credit,Melissa Peters,,Loyal Customer
S01453,CU1785,C0281,23-01-2025,2,77256,Installment,Joseph Hall,,Repeating Customer
S01454,CU1574,C0217,11-06-2025,1,97592,Credit,Luke Cooper,,New Customer
S01455,CU1101,C0180,26-11-2024,3,24219,Cash,Jessica Jackson,,Loyal Customer
S01456,CU0051,C0179,18-02-2024,3,21019,Credit,Robert Wang,,Loyal Customer
S01457,CU0540,C0259,30-12-2023,1,53154,Credit,Katie Hardy,,New Customer
S01458,CU0980,C0272,06-02-2024,2,90328,Installment,Alexandra Thomas,,Repeating Customer
S01459,CU1611,C0330,12-05-2025,2,24928,Credit,Angela Medina,,Repeating Customer
S01460,CU1643,C0188,29-04-2025,1,57418,Credit,Derrick Johnson,,New Customer
S01461,CU1173,C0021,18-04-2025,2,77843,Installment,Catherine Mcdonald,,Repeating Customer
S01462,CU1836,C0115,22-01-2024,2,93004,Cash,Arthur Elliott,,Repeating Customer
S01463,CU1836,C0483,06-08-2024,1,47424,Cash,Elizabeth Carter,,New Customer
S01464,CU1527,C0162,02-04-2025,2,53029,Installment,Sophia Mack,,Repeating Customer
S01465,CU1444,C0486,21-04-2024,1,28837,Credit,John Harrington,,New Customer
S01466,CU1328,C0281,31-05-2025,1,31479,Credit,Alvin Matthews,,New Customer
S01467,CU0029,C0290,28-11-2023,3,86297,Credit,Alan Mcintyre,,Loyal Customer
S01468,CU1872,C0432,22-07-2025,1,96145,Installment,Michael Luna,,New Customer
S01469,CU0840,C0472,10-09-2024,2,22162,Credit,David Parker,,Repeating Customer
S01470,CU1087,C0053,08-11-2023,2,73491,Cash,Christopher Nguyen,,Repeating Customer
S01471,CU1605,C0130,04-02-2023,3,27831,Credit,Joshua Carr,,Loyal Customer
S01472,CU1643,C0397,17-04-2023,3,36299,Installment,Daniel Rush,,Loyal Customer
S01473,CU1258,C0300,14-07-2024,1,31783,Credit,Brenda Davis,,New Customer
S01474,CU1213,C0393,17-06-2025,2,73387,Cash,Adrian Burns,,Repeating Customer
S01475,CU1163,C0094,12-11-2023,2,77283,Cash,Danny Henry,,Repeating Customer
S01476,CU1399,C0371,11-12-2022,1,57791,Installment,Jamie Stout,,New Customer
S01477,CU1343,C0485,22-07-2025,3,29067,Cash,Jason Wells,,Loyal Customer
S01478,CU1099,C0329,10-12-2023,1,94439,Cash,Danielle Watkins,,New Customer
S01479,CU1509,C0483,21-07-2023,2,72038,Cash,Loretta Stanley,,Repeating Customer
S01480,CU0933,C0267,04-02-2024,3,87350,Credit,April Ruiz,,Loyal Customer
S01481,CU1374,C0169,12-03-2024,1,60988,Credit,Megan Stewart,,New Customer
S01482,CU0584,C0321,18-06-2024,2,60012,Cash,Cesar Valenzuela,,Repeating Customer
S01483,CU0172,C0125,21-08-2024,2,99304,Cash,Sarah Beck,,Repeating Customer
S01484,CU1649,C0375,27-06-2024,3,82147,Credit,Kristy Lopez,,Loyal Customer
S01485,CU1536,C0029,19-12-2023,3,39367,Credit,Keith Cross,,Loyal Customer
S01486,CU1737,C0351,06-05-2023,1,52255,Installment,Stephen Burke,,New Customer
S01487,CU0751,C0489,18-12-2022,1,98630,Cash,Henry Clark,,New Customer
S01488,CU1968,C0114,12-04-2023,2,88791,Installment,Danny Peterson,,Repeating Customer
S01489,CU0041,C0298,23-11-2024,3,57783,Cash,Tyrone Medina,,Loyal Customer
S01490,CU0775,C0363,05-04-2025,3,83472,Credit,Shane Anderson,,Loyal Customer
S01491,CU1245,C0365,22-11-2024,2,35595,Credit,Elizabeth Huynh,,Repeating Customer
S01492,CU0239,C0284,11-07-2024,1,90897,Installment,Steven Beard,,New Customer
S01493,CU1454,C0100,20-04-2025,2,82605,Credit,Alicia Reed,,Repeating Customer
S01494,CU1369,C0143,06-10-2023,2,76656,Installment,Scott Boyd,,Repeating Customer
S01495,CU1389,C0056,24-09-2025,2,67121,Installment,Steven Ward,,Repeating Customer
S01496,CU1939,C0195,06-06-2023,1,96178,Cash,Mr. Victor Ross,,New Customer
S01497,CU0847,C0219,10-11-2023,2,82893,Credit,Alicia Martinez,,Repeating Customer
S01498,CU0729,C0448,28-11-2022,3,79722,Credit,Cindy Mcgrath,,Loyal Customer
S01499,CU0181,C0078,23-12-2023,1,69331,Installment,Nathan Weaver,,New Customer
S01500,CU0882,C0219,29-01-2023,1,67202,Credit,Evan Morrison,,New Customer
S01501,CU0749,C0493,05-03-2025,2,49274,Installment,Anita Flores,,Repeating Customer
S01502,CU1600,C0436,29-10-2025,3,27118,Cash,Jeremy Anderson,,Loyal Customer
S01503,CU1867,C0044,14-09-2025,2,96702,Installment,Jessica Kelly DDS,,Repeating Customer
S01504,CU1275,C0439,26-09-2023,2,62928,Installment,Jose Richard,,Repeating Customer
S01505,CU0759,C0266,05-09-2023,3,99574,Installment,Cynthia Lopez,,Loyal Customer
S01506,CU1541,C0242,17-05-2023,3,60694,Credit,Kimberly Lyons,,Loyal Customer
S01507,CU1858,C0116,30-03-2024,2,52547,Cash,Veronica Rodriguez,,Repeating Customer
S01508,CU1249,C0018,03-03-2024,3,84548,Cash,Lauren Ortiz,,Loyal Customer
S01509,CU0571,C0038,15-11-2024,2,29941,Installment,Yvonne Martin,,Repeating Customer
S01510,CU1264,C0375,20-01-2023,2,57060,Credit,Michael Robinson,,Repeating Customer
S01511,CU1944,C0209,07-09-2024,2,54596,Installment,Melinda Lambert,,Repeating Customer
S01512,CU0734,C0010,19-11-2024,2,45897,Installment,Stephanie Williams,,Repeating Customer
S01513,CU0107,C0380,05-08-2025,1,99289,Cash,Shawn Carter,,New Customer
S01514,CU0328,C0305,24-09-2024,3,53344,Credit,Zachary Wilkinson,,Loyal Customer
S01515,CU0887,C0058,14-07-2025,2,53740,Credit,Dustin Mitchell,,Repeating Customer
S01516,CU0884,C0123,05-12-2024,1,50095,Cash,David Bruce,,New Customer
S01517,CU0116,C0257,20-04-2024,2,88891,Cash,Crystal Williams,,Repeating Customer
S01518,CU0535,C0145,10-12-2022,3,77272,Cash,Linda Douglas,,Loyal Customer
S01519,CU1019,C0279,20-09-2025,2,33280,Cash,Monica Washington,,Repeating Customer
S01520,CU0110,C0217,20-02-2023,2,36638,Credit,Christine Lane,,Repeating Customer
S01521,CU0821,C0244,23-08-2024,3,80419,Credit,Gary Perry,,Loyal Customer
S01522,CU1031,C0398,23-11-2023,2,42073,Cash,Deborah Wood,,Repeating Customer
S01523,CU1460,C0151,04-01-2025,3,18550,Installment,Erika Peterson,,Loyal Customer
S01524,CU1571,C0242,26-11-2024,2,27196,Credit,Sheena Jones,,Repeating Customer
S01525,CU1005,C0109,13-03-2023,3,34218,Cash,Noah Parker,,Loyal Customer
S01526,CU1176,C0181,12-04-2024,1,80231,Installment,Ralph Brooks,,New Customer
S01527,CU1712,C0068,29-12-2024,1,50892,Credit,Jacqueline Long,,New Customer
S01528,CU1221,C0176,11-09-2023,3,62491,Installment,Jonathan Garrett,,Loyal Customer
S01529,CU1263,C0356,14-05-2024,1,97584,Credit,Katelyn Ortega,,New Customer
S01530,CU0475,C0018,07-07-2025,3,74289,Installment,Richard Bryan,,Loyal Customer
S01531,CU0075,C0306,21-05-2025,1,16449,Credit,Tonya Heath,,New Customer
S01532,CU0217,C0156,26-02-2023,2,88479,Cash,Tyler Peterson DVM,,Repeating Customer
S01533,CU0704,C0099,18-08-2024,3,55734,Installment,Dean Rojas,,Loyal Customer
S01534,CU1909,C0318,18-03-2023,1,99705,Credit,Elizabeth Buckley,,New Customer
S01535,CU0307,C0209,04-11-2024,3,44409,Credit,Mary Fleming,,Loyal Customer
S01536,CU1468,C0355,17-03-2023,2,98435,Cash,Mandy Smith,,Repeating Customer
S01537,CU1220,C0183,09-04-2024,1,83732,Credit,Catherine Alvarado,,New Customer
S01538,CU1712,C0050,17-05-2025,2,19657,Cash,Christopher Harris,,Repeating Customer
S01539,CU1538,C0456,08-05-2023,3,91217,Installment,Connie Chambers,,Loyal Customer
S01540,CU1364,C0187,31-01-2024,2,81647,Installment,Mary Hernandez,,Repeating Customer
S01541,CU0267,C0398,14-05-2023,3,50146,Installment,Vanessa Hopkins,,Loyal Customer
S01542,CU1566,C0418,06-08-2024,3,26182,Installment,Kelly Young,,Loyal Customer
S01543,CU1182,C0224,11-01-2024,3,83170,Cash,Melissa Shannon,,Loyal Customer
S01544,CU0432,C0313,22-02-2023,3,86758,Credit,Joseph Walter,,Loyal Customer
S01545,CU0991,C0339,28-02-2025,3,38290,Installment,Eric Gonzalez,,Loyal Customer
S01546,CU0610,C0218,22-06-2025,1,37875,Cash,Kelly Thompson,,New Customer
S01547,CU1514,C0346,16-11-2023,1,36105,Credit,Patricia Smith,,New Customer
S01548,CU0887,C0382,17-01-2024,1,79592,Cash,Barbara Thompson,,New Customer
S01549,CU0016,C0003,25-09-2025,2,58313,Credit,Darrell Gonzalez,,Repeating Customer
S01550,CU0567,C0127,01-01-2023,2,49658,Cash,Grace Newman,,Repeating Customer
S01551,CU1345,C0282,15-08-2024,1,79188,Credit,Kim Vazquez,,New Customer
S01552,CU0746,C0209,07-05-2025,3,36854,Credit,Justin Young,,Loyal Customer
S01553,CU0478,C0364,22-05-2023,2,99621,Credit,Jessica Price,,Repeating Customer
S01554,CU0849,C0137,03-08-2024,3,82456,Credit,Cheyenne Clayton,,Loyal Customer
S01555,CU1611,C0496,28-10-2023,3,90038,Installment,Jeffery Miller,,Loyal Customer
S01556,CU1201,C0341,09-06-2024,1,34125,Cash,Elizabeth Thompson,,New Customer
S01557,CU0280,C0343,04-04-2023,2,18625,Installment,Bonnie Williams,,Repeating Customer
S01558,CU0451,C0003,08-11-2022,2,96667,Installment,Erika Sparks,,Repeating Customer
S01559,CU0043,C0079,20-01-2023,3,80843,Installment,Mr. Christopher Baker,,Loyal Customer
S01560,CU0403,C0445,17-07-2025,2,71790,Cash,Theresa Marsh,,Repeating Customer
S01561,CU0389,C0444,10-01-2024,3,86519,Installment,Derek Bowman,,Loyal Customer
S01562,CU0162,C0147,03-01-2024,3,20910,Cash,Erin Dunn,,Loyal Customer
S01563,CU0327,C0048,27-08-2024,2,32952,Credit,Rachel Rangel,,Repeating Customer
S01564,CU0519,C0073,02-12-2024,1,46559,Cash,Terry Martinez,,New Customer
S01565,CU0437,C0130,16-02-2023,1,74481,Cash,William Miller,,New Customer
S01566,CU1075,C0474,06-11-2022,3,40895,Installment,Randall Cooper,,Loyal Customer
S01567,CU1027,C0284,25-11-2024,3,48705,Cash,William Leblanc,,Loyal Customer
S01568,CU0725,C0211,20-08-2024,1,30953,Cash,Denise Bruce,,New Customer
S01569,CU1822,C0122,07-02-2023,2,29679,Cash,Victor Dunn,,Repeating Customer
S01570,CU0307,C0181,17-01-2023,1,34252,Credit,Carl Jordan,,New Customer
S01571,CU0078,C0264,23-12-2022,3,46626,Installment,Michelle Riley,,Loyal Customer
S01572,CU1343,C0099,03-03-2024,1,97792,Installment,Mary Harris,,New Customer
S01573,CU1779,C0498,10-08-2024,2,31807,Credit,Jared Gray,,Repeating Customer
S01574,CU0683,C0144,03-12-2023,1,52969,Credit,Aaron Johnson,,New Customer
S01575,CU0674,C0381,07-08-2025,3,47137,Credit,Michael Molina,,Loyal Customer
S01576,CU1825,C0156,26-11-2022,1,81467,Credit,Anna Johnson,,New Customer
S01577,CU0562,C0286,10-09-2024,1,90490,Installment,Larry Mitchell,,New Customer
S01578,CU1769,C0369,23-06-2025,1,32926,Cash,Tiffany Bowers,,New Customer
S01579,CU1048,C0006,24-07-2023,2,66967,Installment,Andrew Orr,,Repeating Customer
S01580,CU0877,C0400,15-03-2024,2,77918,Credit,Scott Valdez,,Repeating Customer
S01581,CU1416,C0009,12-01-2025,1,78703,Installment,Lauren Dorsey,,New Customer
S01582,CU1072,C0139,13-08-2023,1,16890,Credit,Peter Jackson,,New Customer
S01583,CU0681,C0060,03-06-2025,1,68206,Installment,Kelly Parrish,,New Customer
S01584,CU1604,C0291,10-01-2023,3,92533,Credit,Glenn Ward,,Loyal Customer
S01585,CU1800,C0191,02-11-2024,3,72269,Installment,Melvin Callahan,,Loyal Customer
S01586,CU1221,C0057,13-08-2023,1,52940,Installment,Mrs. Alexandra Taylor PhD,,New Customer
S01587,CU0575,C0364,27-02-2024,2,64964,Cash,Albert Torres,,Repeating Customer
S01588,CU1526,C0424,30-10-2025,1,86674,Cash,Joshua Casey,,New Customer
S01589,CU0068,C0131,28-11-2024,2,49387,Cash,Michael Jackson,,Repeating Customer
S01590,CU1742,C0351,24-10-2025,3,30137,Cash,Alexandra Ortiz,,Loyal Customer
S01591,CU0849,C0092,14-03-2023,1,26523,Installment,Kristen Mckinney,,New Customer
S01592,CU1521,C0138,10-02-2025,1,53190,Installment,Marc Smith,,New Customer
S01593,CU0691,C0058,18-02-2024,3,29564,Credit,Daniel Rodriguez,,Loyal Customer
S01594,CU0298,C0217,01-05-2024,3,32864,Installment,Audrey Moore,,Loyal Customer
S01595,CU1040,C0229,05-07-2025,1,67756,Cash,Robert Sanchez,,New Customer
S01596,CU1688,C0319,23-08-2023,3,53619,Installment,Francisco Bennett,,Loyal Customer
S01597,CU0969,C0137,29-09-2025,3,85669,Cash,Russell Powell,,Loyal Customer
S01598,CU1387,C0057,27-02-2025,3,48018,Cash,Jacqueline Hill,,Loyal Customer
S01599,CU1983,C0431,28-09-2025,2,69733,Credit,Zachary Reed,,Repeating Customer
S01600,CU0054,C0065,31-08-2025,3,98121,Installment,Heather Marshall,,Loyal Customer
S01601,CU0630,C0037,28-02-2025,2,61770,Installment,Carrie Powers,,Repeating Customer
S01602,CU1955,C0322,08-12-2024,1,52153,Installment,Joy Weeks,,New Customer
S01603,CU0673,C0037,29-09-2024,3,96050,Installment,Briana Castro,,Loyal Customer
S01604,CU0229,C0470,18-05-2025,2,86385,Credit,Christine Hale,,Repeating Customer
S01605,CU1958,C0348,13-01-2025,2,40309,Installment,Jeffrey Hines,,Repeating Customer
S01606,CU1339,C0050,22-12-2022,3,55475,Cash,Benjamin Keller,,Loyal Customer
S01607,CU0243,C0444,26-04-2025,1,63189,Installment,Jeffery Skinner,,New Customer
S01608,CU0951,C0320,23-08-2025,1,56050,Cash,Gregory Pierce,,New Customer
S01609,CU0384,C0456,28-08-2023,3,94534,Credit,Debra Welch,,Loyal Customer
S01610,CU0971,C0368,05-04-2025,3,27425,Installment,Stephen Davis,,Loyal Customer
S01611,CU1898,C0445,03-06-2025,1,73363,Credit,Charles White,,New Customer
S01612,CU0437,C0134,26-03-2025,1,15276,Credit,Heather Melton,,New Customer
S01613,CU0027,C0297,30-09-2023,1,88828,Credit,Robert Wagner,,New Customer
S01614,CU0512,C0394,04-03-2023,2,86507,Credit,Gary Weaver,,Repeating Customer
S01615,CU0426,C0375,27-04-2025,2,32534,Credit,Alicia Massey,,Repeating Customer
S01616,CU0840,C0439,22-07-2023,2,55258,Credit,Marc Meyers,,Repeating Customer
S01617,CU1419,C0138,18-11-2024,3,97604,Installment,Heather Lynch,,Loyal Customer
S01618,CU1325,C0078,08-11-2023,3,29164,Installment,Tammy Fitzpatrick,,Loyal Customer
S01619,CU0772,C0027,24-08-2023,2,80705,Installment,Benjamin Kim,,Repeating Customer
S01620,CU0380,C0040,13-10-2025,1,98374,Cash,Shelby Collins,,New Customer
S01621,CU1894,C0224,11-06-2025,1,76475,Cash,Adam Jones,,New Customer
S01622,CU0957,C0254,22-11-2023,1,45278,Installment,John Gonzales,,New Customer
S01623,CU0305,C0165,19-11-2024,1,47060,Credit,Jordan Roberts,,New Customer
S01624,CU0273,C0283,16-12-2024,1,99123,Credit,Jesse Hill,,New Customer
S01625,CU1927,C0034,24-08-2024,2,47091,Cash,Christian Salazar,,Repeating Customer
S01626,CU0537,C0237,28-05-2023,2,47108,Installment,Maria Saunders,,Repeating Customer
S01627,CU1802,C0425,10-06-2024,2,91700,Installment,Jill Edwards,,Repeating Customer
S01628,CU0880,C0043,25-08-2024,2,40184,Installment,Megan Simpson,,Repeating Customer
S01629,CU1271,C0143,19-05-2025,2,23740,Credit,Amanda Mendoza,,Repeating Customer
S01630,CU0479,C0383,10-02-2024,2,23846,Credit,Carly Patterson,,Repeating Customer
S01631,CU0283,C0151,23-02-2025,2,40318,Cash,Christopher Shelton,,Repeating Customer
S01632,CU0702,C0313,24-06-2024,1,65482,Credit,Katherine Clark,,New Customer
S01633,CU1763,C0419,20-11-2024,2,45217,Installment,David Davis,,Repeating Customer
S01634,CU1683,C0492,07-11-2022,3,80058,Cash,Nicole Burns,,Loyal Customer
S01635,CU0225,C0371,30-11-2023,1,37181,Installment,Patricia Riley,,New Customer
S01636,CU0906,C0065,14-11-2022,2,36742,Installment,Jeffrey Brown,,Repeating Customer
S01637,CU0744,C0160,31-01-2024,1,48833,Credit,Ryan Frye,,New Customer
S01638,CU0853,C0268,04-01-2024,2,86952,Installment,Charles Mcdaniel MD,,Repeating Customer
S01639,CU1567,C0332,12-11-2023,1,37140,Installment,Thomas Zamora,,New Customer
S01640,CU1569,C0448,11-09-2024,3,38715,Installment,Kevin Reynolds,,Loyal Customer
S01641,CU0390,C0011,15-11-2023,2,40235,Installment,Norma Pugh,,Repeating Customer
S01642,CU0679,C0419,25-10-2024,1,17475,Cash,Rachel Herring,,New Customer
S01643,CU0326,C0079,04-06-2024,3,49445,Installment,Kimberly Jones,,Loyal Customer
S01644,CU0103,C0206,01-03-2024,1,95764,Installment,Daniel Rose,,New Customer
S01645,CU0403,C0442,31-10-2023,2,30892,Cash,Pamela Johnson,,Repeating Customer
S01646,CU1557,C0338,20-10-2025,2,57671,Installment,Brandon Hoffman,,Repeating Customer
S01647,CU0110,C0121,17-03-2024,1,88235,Credit,Joshua Guerra,,New Customer
S01648,CU1178,C0436,08-08-2023,3,67063,Credit,Alejandro Miller,,Loyal Customer
S01649,CU1202,C0368,16-02-2024,2,74610,Cash,Sara Miller,,Repeating Customer
S01650,CU0622,C0478,20-01-2024,2,20918,Credit,Christopher Barron,,Repeating Customer
S01651,CU0406,C0238,17-01-2025,3,96028,Installment,Larry Dominguez,,Loyal Customer
S01652,CU0764,C0151,07-05-2024,1,40550,Installment,Andrea Sharp,,New Customer
S01653,CU0220,C0426,21-07-2025,2,41454,Cash,Daniel Miller,,Repeating Customer
S01654,CU0836,C0481,10-06-2024,1,50836,Installment,Laura Aguirre,,New Customer
S01655,CU1324,C0239,10-02-2025,3,91878,Credit,Arthur French,,Loyal Customer
S01656,CU1223,C0140,09-03-2024,1,57109,Credit,Melissa Johnson,,New Customer
S01657,CU1459,C0239,22-12-2022,1,61954,Cash,Francis Hancock,,New Customer
S01658,CU0228,C0377,04-04-2024,3,80665,Installment,Charles Jensen,,Loyal Customer
S01659,CU0019,C0327,09-09-2023,3,93635,Credit,Tammy Lee,,Loyal Customer
S01660,CU0270,C0477,03-10-2025,1,29469,Installment,Christina Fox,,New Customer
S01661,CU0676,C0339,17-04-2024,2,71180,Cash,Jason Norris,,Repeating Customer
S01662,CU0150,C0202,08-07-2024,1,62657,Installment,Sierra Pierce,,New Customer
S01663,CU0689,C0382,14-10-2024,1,73882,Installment,Sarah Lee,,New Customer
S01664,CU1245,C0430,20-03-2023,2,19317,Installment,Maria Jenkins,,Repeating Customer
S01665,CU0936,C0097,03-12-2024,3,41137,Cash,Lauren Caldwell,,Loyal Customer
S01666,CU0547,C0280,16-08-2024,2,29988,Cash,Erik Wilson,,Repeating Customer
S01667,CU0914,C0100,18-12-2024,3,17126,Installment,Kristen Norton,,Loyal Customer
S01668,CU1112,C0068,19-03-2023,1,80938,Cash,Robert Johnson,,New Customer
S01669,CU1240,C0388,18-09-2024,1,86645,Credit,Micheal Diaz,,New Customer
S01670,CU1000,C0179,20-09-2025,1,69346,Credit,Zachary Floyd,,New Customer
S01671,CU1820,C0440,22-07-2023,2,55639,Credit,Jennifer Rodriguez,,Repeating Customer
S01672,CU1406,C0374,02-04-2023,1,48996,Installment,Joshua Frost,,New Customer
S01673,CU1562,C0177,05-01-2025,3,77196,Cash,Dillon Parks,,Loyal Customer
S01674,CU0154,C0168,24-09-2025,1,95851,Installment,Kyle Rojas,,New Customer
S01675,CU1350,C0210,28-04-2023,2,84588,Cash,Nicholas Collier,,Repeating Customer
S01676,CU1711,C0113,09-11-2022,3,78857,Credit,Kathleen Graham,,Loyal Customer
S01677,CU1674,C0497,29-10-2024,1,65017,Installment,Justin Lang,,New Customer
S01678,CU1735,C0245,25-10-2025,3,68395,Cash,Richard Delgado,,Loyal Customer
S01679,CU1609,C0057,30-05-2025,2,29320,Cash,William Marquez,,Repeating Customer
S01680,CU0679,C0343,14-10-2023,2,97297,Installment,Donald Cohen,,Repeating Customer
S01681,CU0438,C0117,05-12-2023,3,60610,Credit,Samuel Payne,,Loyal Customer
S01682,CU0934,C0015,17-04-2025,1,19066,Cash,Michelle Guerra,,New Customer
S01683,CU0385,C0312,01-06-2023,3,62908,Cash,Laura Jones,,Loyal Customer
S01684,CU1610,C0133,26-04-2023,2,67059,Cash,Kimberly Cobb,,Repeating Customer
S01685,CU0412,C0027,08-07-2023,1,36727,Installment,Adriana Parker,,New Customer
S01686,CU1370,C0160,25-12-2024,3,27567,Installment,Tanya Martin,,Loyal Customer
S01687,CU0874,C0179,03-10-2025,2,82637,Credit,Rachel Morris,,Repeating Customer
S01688,CU1626,C0203,19-03-2025,3,24712,Installment,Melissa Lozano,,Loyal Customer
S01689,CU1021,C0167,02-08-2025,1,19934,Installment,Jasmine Chen,,New Customer
S01690,CU1694,C0115,12-11-2023,2,51602,Credit,Janet Ochoa,,Repeating Customer
S01691,CU1990,C0249,01-05-2025,1,39819,Cash,Alice Smith,,New Customer
S01692,CU0723,C0201,18-07-2023,3,85964,Cash,Xavier Bennett,,Loyal Customer
S01693,CU1082,C0260,03-07-2024,2,69412,Cash,Matthew Barnes,,Repeating Customer
S01694,CU0502,C0134,20-11-2023,2,65048,Credit,Nicholas Jarvis,,Repeating Customer
S01695,CU1751,C0101,19-04-2025,1,96944,Credit,Ryan Green,,New Customer
S01696,CU0357,C0453,15-03-2023,1,32025,Credit,Nicole Hancock,,New Customer
S01697,CU1544,C0350,25-05-2024,3,91979,Credit,Kristen Lewis,,Loyal Customer
S01698,CU0424,C0143,26-03-2023,2,16022,Credit,William Gilbert,,Repeating Customer
S01699,CU0274,C0256,20-12-2022,3,33589,Installment,Katie Buchanan,,Loyal Customer
S01700,CU0685,C0269,16-02-2024,1,26666,Installment,David Miller,,New Customer
S01701,CU1502,C0041,16-02-2023,2,17371,Cash,James Elliott,,Repeating Customer
S01702,CU1380,C0225,06-08-2024,2,63878,Installment,Brenda Levine,,Repeating Customer
S01703,CU0389,C0386,03-04-2025,1,51080,Installment,Elizabeth Adkins,,New Customer
S01704,CU0753,C0462,11-08-2025,3,97735,Credit,Albert Weaver,,Loyal Customer
S01705,CU0719,C0238,07-07-2025,1,56236,Cash,Michael Gonzalez,,New Customer
S01706,CU0667,C0239,25-01-2025,3,48806,Credit,Alexis Russell,,Loyal Customer
S01707,CU1676,C0456,22-01-2025,3,31940,Installment,Ashley Stanley,,Loyal Customer
S01708,CU1814,C0376,02-04-2024,1,49490,Installment,Keith Armstrong,,New Customer
S01709,CU1267,C0186,05-06-2025,3,16038,Cash,Jenny Lopez,,Loyal Customer
S01710,CU1540,C0059,11-09-2025,2,90011,Cash,Sandra Carroll,,Repeating Customer
S01711,CU1086,C0164,10-09-2023,3,27054,Credit,Daniel Harris,,Loyal Customer
S01712,CU1645,C0420,28-01-2023,2,29946,Cash,Heather Andrews,,Repeating Customer
S01713,CU0279,C0166,09-10-2023,1,87351,Installment,Cory Schwartz,,New Customer
S01714,CU0292,C0149,30-06-2023,3,70650,Credit,Tammy Rodriguez,,Loyal Customer
S01715,CU0598,C0432,30-12-2024,2,79874,Cash,Courtney Lewis,,Repeating Customer
S01716,CU0176,C0444,27-06-2023,1,29582,Cash,Rhonda Peterson,,New Customer
S01717,CU0637,C0404,10-01-2025,1,82864,Installment,Barbara Fuller,,New Customer
S01718,CU1137,C0263,17-06-2023,3,44327,Cash,Cheryl Wall,,Loyal Customer
S01719,CU1073,C0172,04-02-2024,1,76677,Installment,Steven Neal,,New Customer
S01720,CU1252,C0129,19-03-2024,1,47803,Installment,Frank Harris,,New Customer
S01721,CU1350,C0171,20-05-2024,2,65814,Installment,Jonathan Coleman,,Repeating Customer
S01722,CU1524,C0064,11-09-2025,3,26177,Credit,Alan Acevedo,,Loyal Customer
S01723,CU1369,C0411,25-07-2025,2,50035,Cash,Thomas Moyer,,Repeating Customer
S01724,CU0782,C0067,15-06-2025,3,29128,Cash,Ronnie Price,,Loyal Customer
S01725,CU1687,C0405,12-04-2024,1,58574,Credit,Jeffrey James,,New Customer
S01726,CU0057,C0081,21-01-2024,1,17260,Cash,Rachel Wheeler,,New Customer
S01727,CU0849,C0298,24-11-2022,2,69426,Installment,Tiffany Roman MD,,Repeating Customer
S01728,CU0701,C0349,18-04-2024,1,23276,Cash,Ryan Lewis,,New Customer
S01729,CU0600,C0224,23-04-2025,1,70187,Cash,Rebecca Blevins,,New Customer
S01730,CU0133,C0085,06-09-2023,2,87096,Credit,Megan Wolfe,,Repeating Customer
S01731,CU1369,C0117,11-10-2025,2,20517,Credit,Jason Morgan,,Repeating Customer
S01732,CU1807,C0477,08-05-2025,1,20454,Cash,Charles Moss,,New Customer
S01733,CU0959,C0261,10-07-2025,1,39224,Credit,Jason Frank,,New Customer
S01734,CU1733,C0437,30-10-2024,1,27349,Credit,Patrick Webb,,New Customer
S01735,CU1519,C0263,11-12-2024,2,22636,Installment,Joseph Carr,,Repeating Customer
S01736,CU1517,C0408,19-06-2025,1,64684,Cash,Derek Foster,,New Customer
S01737,CU0808,C0298,31-01-2025,2,62604,Credit,Kevin Hawkins,,Repeating Customer
S01738,CU1002,C0484,24-11-2022,3,21521,Installment,Michael Mclaughlin,,Loyal Customer
S01739,CU0798,C0414,13-10-2023,1,55785,Installment,Janet Sloan,,New Customer
S01740,CU1920,C0141,14-04-2024,3,22215,Credit,Nicholas Baldwin,,Loyal Customer
S01741,CU0750,C0444,02-03-2024,1,86042,Credit,Jason Miller,,New Customer
S01742,CU0007,C0035,04-02-2023,1,42993,Credit,Melissa Green,,New Customer
S01743,CU1426,C0310,07-06-2024,3,78147,Installment,Ms. Debra Davis DDS,,Loyal Customer
S01744,CU1200,C0488,13-06-2025,3,49304,Credit,Gina Austin,,Loyal Customer
S01745,CU1051,C0483,01-05-2025,1,97550,Credit,Gregory Kennedy,,New Customer
S01746,CU0055,C0035,03-11-2023,3,33924,Installment,Stephen Larson Jr.,,Loyal Customer
S01747,CU0776,C0405,14-01-2023,3,60353,Credit,Kimberly Hammond,,Loyal Customer
S01748,CU1669,C0040,30-04-2023,2,67722,Credit,Brittany Gibbs,,Repeating Customer
S01749,CU0713,C0306,06-10-2023,3,64896,Credit,John Jackson,,Loyal Customer
S01750,CU0867,C0116,28-12-2022,1,45680,Credit,Bethany Olson,,New Customer
S01751,CU0622,C0377,04-02-2024,1,99431,Credit,Dr. Cathy Lee,,New Customer
S01752,CU1350,C0239,05-10-2025,1,50845,Cash,Sandra Cruz,,New Customer
S01753,CU1352,C0092,20-11-2022,3,55096,Credit,Jose Knox,,Loyal Customer
S01754,CU1878,C0302,10-03-2025,3,80454,Installment,Andrea Martinez,,Loyal Customer
S01755,CU0379,C0172,11-10-2025,3,42529,Installment,Miss Anna Gibson,,Loyal Customer
S01756,CU0495,C0090,29-05-2024,1,21418,Credit,Hannah Ray,,New Customer
S01757,CU1759,C0264,23-11-2024,1,71644,Installment,Taylor Goodman,,New Customer
S01758,CU1205,C0435,09-04-2023,3,59996,Installment,Andrew Mitchell,,Loyal Customer
S01759,CU1947,C0080,16-09-2025,1,99538,Cash,Wendy Lopez,,New Customer
S01760,CU0291,C0029,26-09-2025,1,64488,Credit,Andrew Fuller DVM,,New Customer
S01761,CU1760,C0433,30-01-2023,2,45779,Credit,Nathan Dixon,,Repeating Customer
S01762,CU0081,C0360,04-06-2023,1,69894,Cash,David King,,New Customer
S01763,CU1920,C0383,24-05-2025,3,24427,Installment,Michael Brown,,Loyal Customer
S01764,CU1642,C0249,02-06-2025,1,78073,Installment,Carmen Solis,,New Customer
S01765,CU1338,C0171,19-11-2022,2,35552,Installment,Daniel Beasley,,Repeating Customer
S01766,CU0329,C0283,22-03-2023,2,35707,Installment,Jerry Hood,,Repeating Customer
S01767,CU0432,C0110,06-08-2023,3,37633,Cash,Frederick Powell,,Loyal Customer
S01768,CU0114,C0155,04-01-2025,2,77829,Credit,Glenn Lopez,,Repeating Customer
S01769,CU0370,C0341,26-01-2025,3,61629,Installment,James Soto,,Loyal Customer
S01770,CU0954,C0270,21-03-2025,2,57202,Credit,Heather Johnson,,Repeating Customer
S01771,CU1929,C0124,05-09-2025,1,60819,Installment,Christopher Williams,,New Customer
S01772,CU0888,C0360,19-07-2024,3,35147,Installment,Andrew Morrow,,Loyal Customer
S01773,CU1225,C0397,19-10-2023,2,69748,Credit,Jessica Roberson,,Repeating Customer
S01774,CU0888,C0383,14-07-2025,3,75761,Installment,Amy Skinner,,Loyal Customer
S01775,CU0527,C0079,15-03-2024,1,81482,Credit,William Armstrong,,New Customer
S01776,CU1419,C0182,22-07-2023,1,96481,Credit,Victoria Reed,,New Customer
S01777,CU1924,C0084,10-01-2023,1,90698,Credit,Kimberly Ruiz,,New Customer
S01778,CU1995,C0319,01-12-2023,2,84289,Credit,Patrick Perez,,Repeating Customer
S01779,CU0061,C0001,05-04-2024,1,65983,Cash,Douglas Ramirez,,New Customer
S01780,CU1394,C0055,10-09-2023,3,66792,Credit,Jon Smith,,Loyal Customer
S01781,CU1942,C0281,17-12-2023,3,18644,Credit,Brenda Walters,,Loyal Customer
S01782,CU0826,C0477,27-06-2025,3,59960,Installment,Victoria Graves,,Loyal Customer
S01783,CU1858,C0305,12-11-2024,2,68922,Cash,Linda Peck,,Repeating Customer
S01784,CU0613,C0063,13-12-2023,2,18879,Cash,Karen Nelson,,Repeating Customer
S01785,CU0714,C0451,02-02-2024,3,26318,Credit,Terry Hughes,,Loyal Customer
S01786,CU1240,C0401,24-01-2025,2,34045,Credit,Misty Russell,,Repeating Customer
S01787,CU1777,C0149,19-04-2025,3,52862,Cash,Carl Jackson,,Loyal Customer
S01788,CU0337,C0419,14-11-2022,1,95563,Credit,Cameron Owens,,New Customer
S01789,CU1798,C0363,16-08-2023,2,19542,Cash,Todd Chandler,,Repeating Customer
S01790,CU1352,C0325,21-06-2025,1,63177,Credit,Lisa Burnett,,New Customer
S01791,CU1987,C0356,01-02-2025,1,68435,Installment,Billy Myers,,New Customer
S01792,CU1272,C0086,24-04-2025,1,39020,Credit,Aaron Farrell,,New Customer
S01793,CU0465,C0077,24-04-2025,3,37031,Installment,Michael Mosley,,Loyal Customer
S01794,CU0741,C0230,28-02-2024,3,54938,Cash,Amanda Fletcher,,Loyal Customer
S01795,CU0941,C0474,20-07-2025,2,23562,Cash,Thomas Marsh,,Repeating Customer
S01796,CU0656,C0142,05-11-2022,3,77728,Cash,Randall Rivera,,Loyal Customer
S01797,CU1198,C0283,01-02-2025,3,26717,Cash,Ricardo Brown,,Loyal Customer
S01798,CU1728,C0013,02-03-2025,2,58619,Installment,Angie Buckley,,Repeating Customer
S01799,CU1915,C0221,20-03-2024,2,16468,Cash,Jeremy Tyler,,Repeating Customer
S01800,CU1282,C0222,02-04-2025,3,32961,Installment,Rick Wilson,,Loyal Customer
S01801,CU1655,C0416,18-09-2023,1,56979,Credit,Debra Webb,,New Customer
S01802,CU1785,C0053,01-10-2024,1,89345,Installment,Kaitlyn White,,New Customer
S01803,CU1549,C0488,17-02-2025,3,95501,Installment,Mr. Joe Mccoy,,Loyal Customer
S01804,CU0884,C0218,04-03-2024,1,30994,Cash,Susan Dodson,,New Customer
S01805,CU1206,C0014,27-09-2025,1,27334,Cash,Melanie Anderson,,New Customer
S01806,CU0646,C0473,14-11-2024,1,59746,Cash,Amber Thompson,,New Customer
S01807,CU1385,C0485,16-03-2025,3,85018,Cash,John Wyatt,,Loyal Customer
S01808,CU0176,C0110,18-05-2024,1,40194,Cash,Bianca Bowers,,New Customer
S01809,CU1882,C0042,05-02-2024,3,81917,Credit,Robert Baldwin,,Loyal Customer
S01810,CU1627,C0023,06-12-2024,2,74330,Cash,Douglas Rose,,Repeating Customer
S01811,CU1668,C0266,29-10-2025,2,52683,Credit,Kerri Hill,,Repeating Customer
S01812,CU0992,C0341,15-07-2024,1,17933,Installment,Maria Haas,,New Customer
S01813,CU0523,C0383,26-08-2023,3,91941,Installment,Haley Smith,,Loyal Customer
S01814,CU0423,C0097,07-12-2023,1,35753,Installment,Robin Smith,,New Customer
S01815,CU1414,C0357,20-02-2025,3,19320,Credit,Jason Park,,Loyal Customer
S01816,CU0311,C0140,16-01-2024,1,24821,Installment,Gregory Ramos,,New Customer
S01817,CU0521,C0322,23-05-2025,3,63379,Credit,Denise Poole,,Loyal Customer
S01818,CU0452,C0362,11-12-2022,2,25216,Cash,Elizabeth Estrada,,Repeating Customer
S01819,CU1274,C0216,03-10-2023,1,98205,Installment,Tracy Mitchell,,New Customer
S01820,CU1658,C0338,31-07-2024,3,75352,Installment,Luis Barrett,,Loyal Customer
S01821,CU1921,C0204,19-03-2025,1,92774,Cash,Cristina Mann,,New Customer
S01822,CU1689,C0241,04-10-2025,1,97638,Credit,Joel Barron,,New Customer
S01823,CU1931,C0255,03-12-2023,3,25859,Cash,Rebecca Chandler,,Loyal Customer
S01824,CU1901,C0224,30-10-2024,2,99610,Cash,Nicholas Sandoval,,Repeating Customer
S01825,CU1478,C0233,24-05-2025,3,78235,Installment,Christine Sanchez,,Loyal Customer
S01826,CU1021,C0500,20-06-2025,2,94381,Installment,Cynthia Huynh,,Repeating Customer
S01827,CU1445,C0131,20-10-2023,1,28065,Credit,Walter Gilbert,,New Customer
S01828,CU1964,C0065,03-10-2023,2,62654,Credit,Eric Wilson,,Repeating Customer
S01829,CU1447,C0147,23-12-2023,2,32197,Installment,Patricia Torres,,Repeating Customer
S01830,CU1641,C0308,14-11-2024,3,18418,Credit,Michael Hudson,,Loyal Customer
S01831,CU0862,C0081,26-06-2025,1,59212,Installment,Nicholas Nicholson,,New Customer
S01832,CU1289,C0121,26-06-2023,1,42251,Installment,Tony Smith,,New Customer
S01833,CU1954,C0109,06-02-2023,1,90756,Installment,Susan Dunn,,New Customer
S01834,CU0925,C0441,09-12-2023,3,68332,Credit,Gilbert Miller MD,,Loyal Customer
S01835,CU1737,C0342,19-07-2025,1,50586,Cash,James Thomas,,New Customer
S01836,CU1070,C0164,17-05-2024,1,28279,Credit,Nicholas Beard Jr.,,New Customer
S01837,CU1295,C0438,23-02-2024,2,97745,Credit,Joseph Garcia,,Repeating Customer
S01838,CU0003,C0201,31-05-2023,2,83261,Cash,Kenneth Monroe,,Repeating Customer
S01839,CU1313,C0373,30-09-2025,2,86068,Credit,Christopher Washington,,Repeating Customer
S01840,CU0878,C0398,24-12-2024,2,52744,Cash,Laura Anderson,,Repeating Customer
S01841,CU1906,C0436,12-09-2025,3,76888,Installment,Amanda Jones,,Loyal Customer
S01842,CU1755,C0120,16-06-2025,2,52009,Credit,Gregory Franklin,,Repeating Customer
S01843,CU0641,C0310,21-06-2023,1,97835,Installment,Christopher George,,New Customer
S01844,CU0896,C0254,17-10-2024,1,22992,Credit,Nancy Thomas,,New Customer
S01845,CU0141,C0404,28-08-2023,3,73354,Installment,Linda Harris,,Loyal Customer
S01846,CU0558,C0250,23-11-2023,2,55796,Cash,Melinda Boyd,,Repeating Customer
S01847,CU1753,C0395,22-12-2023,1,61273,Cash,Kathleen Lawrence,,New Customer
S01848,CU0991,C0162,15-06-2024,2,45828,Installment,Meredith Nicholson,,Repeating Customer
S01849,CU1562,C0453,08-11-2023,3,98118,Cash,Danny Daugherty,,Loyal Customer
S01850,CU0958,C0270,17-03-2024,3,52902,Installment,Sharon Mendez DDS,,Loyal Customer
S01851,CU1911,C0198,09-10-2023,1,16381,Credit,Holly Thompson,,New Customer
S01852,CU0348,C0362,11-12-2024,2,81302,Credit,Madison Bryant,,Repeating Customer
S01853,CU0514,C0432,07-11-2023,3,22006,Installment,Kristen Keller,,Loyal Customer
S01854,CU0016,C0370,05-07-2023,1,95907,Cash,Zoe Williams,,New Customer
S01855,CU1548,C0419,19-12-2023,2,69373,Credit,Christopher Benson,,Repeating Customer
S01856,CU0272,C0238,23-01-2023,1,94640,Credit,Melissa Rivera,,New Customer
S01857,CU1860,C0315,25-12-2022,2,68615,Credit,Lynn Ross,,Repeating Customer
S01858,CU1682,C0179,06-04-2024,1,31828,Installment,Brandon Lee,,New Customer
S01859,CU0818,C0154,24-01-2023,2,22083,Installment,Linda Wise,,Repeating Customer
S01860,CU0706,C0060,08-04-2024,2,97231,Credit,Anthony Lloyd,,Repeating Customer
S01861,CU1140,C0317,02-08-2023,2,96286,Cash,Noah Roman,,Repeating Customer
S01862,CU0389,C0113,31-01-2025,3,99443,Credit,Kevin Kelley,,Loyal Customer
S01863,CU1355,C0467,01-08-2023,2,41763,Credit,Dwayne Rodriguez,,Repeating Customer
S01864,CU0295,C0050,25-07-2024,1,88383,Installment,Robert Jones,,New Customer
S01865,CU0947,C0056,15-09-2024,3,19261,Cash,Aaron Smith,,Loyal Customer
S01866,CU0637,C0051,27-04-2023,3,75962,Installment,Mrs. Allison Cox,,Loyal Customer
S01867,CU0560,C0447,24-11-2024,2,99456,Credit,Wendy Cooley,,Repeating Customer
S01868,CU0909,C0131,29-07-2023,3,24651,Installment,Larry Santos,,Loyal Customer
S01869,CU0306,C0029,26-07-2024,3,76067,Installment,Frederick Quinn,,Loyal Customer
S01870,CU1174,C0438,04-11-2022,2,36122,Credit,Kathleen Moore,,Repeating Customer
S01871,CU1491,C0270,01-02-2023,1,45055,Cash,Anna Jones,,New Customer
S01872,CU1646,C0285,21-03-2023,1,20738,Installment,Luke Chen,,New Customer
S01873,CU1706,C0304,16-03-2023,3,97106,Credit,Joshua Paul,,Loyal Customer
S01874,CU0508,C0194,02-02-2024,1,46325,Cash,Sarah Johnson,,New Customer
S01875,CU0370,C0089,10-08-2024,3,92055,Credit,Timothy Rose,,Loyal Customer
S01876,CU0509,C0310,13-12-2022,1,39625,Cash,Deborah Wallace,,New Customer
S01877,CU1940,C0275,04-10-2025,3,90058,Installment,John Williams,,Loyal Customer
S01878,CU0766,C0033,05-10-2025,3,70066,Credit,Keith Vasquez,,Loyal Customer
S01879,CU1535,C0468,22-01-2023,1,77666,Installment,Nicolas Fernandez,,New Customer
S01880,CU1832,C0104,27-03-2025,3,73252,Installment,Edward Watkins,,Loyal Customer
S01881,CU1190,C0144,28-04-2025,1,38371,Cash,Richard Long,,New Customer
S01882,CU0565,C0279,28-05-2023,3,48931,Credit,Penny Morris,,Loyal Customer
S01883,CU0155,C0461,23-09-2023,1,18559,Credit,Jonathan Douglas,,New Customer
S01884,CU1896,C0428,30-09-2025,3,54503,Cash,Michael Moran,,Loyal Customer
S01885,CU1629,C0362,11-05-2024,2,15482,Installment,Tristan Smith,,Repeating Customer
S01886,CU0991,C0408,12-02-2023,2,17975,Cash,Shannon Howard,,Repeating Customer
S01887,CU1331,C0275,10-09-2025,1,43875,Credit,Michael Mcbride,,New Customer
S01888,CU0068,C0119,17-01-2025,3,72151,Installment,Sara Wheeler,,Loyal Customer
S01889,CU1612,C0301,05-12-2022,2,33761,Installment,Charles Shannon,,Repeating Customer
S01890,CU1732,C0262,02-12-2024,1,24781,Credit,Jeffrey Anthony,,New Customer
S01891,CU0947,C0147,31-03-2024,2,45642,Cash,Christopher Cox,,Repeating Customer
S01892,CU1549,C0036,24-10-2024,3,39577,Cash,Katie Young,,Loyal Customer
S01893,CU1706,C0250,07-05-2025,1,50145,Installment,Crystal Thomas,,New Customer
S01894,CU1398,C0187,02-01-2025,3,68554,Cash,Shirley Davis,,Loyal Customer
S01895,CU0623,C0082,09-09-2025,2,37071,Credit,Megan Gross,,Repeating Customer
S01896,CU0147,C0225,18-01-2023,1,90765,Credit,Maria Mclaughlin,,New Customer
S01897,CU0165,C0015,23-06-2023,1,83776,Credit,Cynthia Weiss,,New Customer
S01898,CU1181,C0275,28-06-2024,3,90966,Cash,Andrew Rodriguez,,Loyal Customer
S01899,CU0312,C0133,15-04-2025,1,91965,Credit,Mr. Max Burns,,New Customer
S01900,CU1136,C0441,10-01-2023,1,57620,Cash,Tonya Cruz,,New Customer
S01901,CU1352,C0166,30-10-2024,1,93058,Installment,Matthew Saunders,,New Customer
S01902,CU0097,C0441,24-03-2025,3,85532,Credit,Jason Mendoza,,Loyal Customer
S01903,CU1278,C0255,23-08-2023,1,48570,Credit,Matthew Burton,,New Customer
S01904,CU1263,C0310,09-04-2025,1,94792,Cash,Jennifer Le,,New Customer
S01905,CU1381,C0457,25-10-2023,1,31033,Credit,Michael Cortez,,New Customer
S01906,CU1675,C0238,20-02-2024,3,47278,Installment,Ashley Hansen,,Loyal Customer
S01907,CU0585,C0014,18-03-2023,2,32081,Installment,Jason Lopez DDS,,Repeating Customer
S01908,CU1596,C0196,29-07-2025,3,34020,Credit,Daniel Villa,,Loyal Customer
S01909,CU1030,C0287,29-08-2025,2,55491,Credit,Theresa Jones,,Repeating Customer
S01910,CU1751,C0278,27-09-2023,1,90760,Cash,Nicholas Roberts,,New Customer
S01911,CU1088,C0037,04-12-2022,3,53507,Cash,Andres Frazier,,Loyal Customer
S01912,CU0289,C0485,15-12-2024,1,89649,Cash,Anna Anderson,,New Customer
S01913,CU0302,C0252,06-06-2023,2,81166,Credit,Sheila Wood,,Repeating Customer
S01914,CU1846,C0162,02-04-2023,1,82909,Credit,Penny Turner,,New Customer
S01915,CU0345,C0179,07-06-2024,3,52384,Cash,Michelle Rodgers,,Loyal Customer
S01916,CU1677,C0266,25-07-2023,2,30960,Installment,Jose Campos,,Repeating Customer
S01917,CU0513,C0349,25-01-2024,2,81038,Installment,Brenda Francis,,Repeating Customer
S01918,CU1067,C0375,12-09-2025,2,32932,Installment,Matthew Silva,,Repeating Customer
S01919,CU1744,C0058,24-10-2023,1,16291,Installment,Dillon Mata,,New Customer
S01920,CU1914,C0001,02-12-2023,1,58765,Credit,Jamie Torres,,New Customer
S01921,CU0127,C0184,14-04-2025,2,83929,Cash,Casey Cain,,Repeating Customer
S01922,CU0472,C0413,23-04-2024,3,57418,Credit,Melissa Rivera,,Loyal Customer
S01923,CU0586,C0314,04-05-2024,1,36755,Installment,Darren Ellison,,New Customer
S01924,CU1202,C0111,16-11-2024,2,64245,Cash,Cameron Garcia,,Repeating Customer
S01925,CU1819,C0438,14-01-2025,2,19425,Installment,Robert Atkins,,Repeating Customer
S01926,CU1893,C0494,16-02-2024,3,43924,Installment,Donald Dudley,,Loyal Customer
S01927,CU1817,C0420,07-10-2024,1,81033,Credit,John Clark,,New Customer
S01928,CU0181,C0366,12-12-2022,3,58194,Credit,Monica Jones,,Loyal Customer
S01929,CU1840,C0332,08-07-2024,3,16465,Cash,James Hughes,,Loyal Customer
S01930,CU1724,C0294,17-12-2022,3,70043,Installment,Jessica Olson,,Loyal Customer
S01931,CU0658,C0150,18-04-2024,3,35531,Credit,Angela Greer,,Loyal Customer
S01932,CU1806,C0365,20-09-2023,2,46134,Installment,Jordan Edwards,,Repeating Customer
S01933,CU1032,C0299,18-02-2023,3,35156,Installment,Debra Brown,,Loyal Customer
S01934,CU1428,C0203,06-03-2023,3,65990,Credit,Summer Jensen,,Loyal Customer
S01935,CU0619,C0353,26-07-2024,3,68063,Credit,Adam Wood,,Loyal Customer
S01936,CU0011,C0332,13-10-2024,2,73308,Cash,Garrett Wilson,,Repeating Customer
S01937,CU0433,C0498,05-09-2024,3,51883,Installment,Jessica Martin DDS,,Loyal Customer
S01938,CU1226,C0366,08-05-2025,2,24197,Installment,Catherine Cox,,Repeating Customer
S01939,CU0741,C0067,25-05-2023,2,30344,Installment,Charles Scott,,Repeating Customer
S01940,CU0729,C0438,23-07-2025,2,77617,Installment,Matthew Waters,,Repeating Customer
S01941,CU1361,C0140,19-11-2024,3,88192,Installment,Cassandra Ochoa,,Loyal Customer
S01942,CU0278,C0235,01-06-2023,1,61274,Cash,Stephanie Valencia,,New Customer
S01943,CU0581,C0239,24-08-2025,1,48450,Cash,Elizabeth Moore,,New Customer
S01944,CU1911,C0193,06-05-2023,2,39146,Cash,Monique Stone,,Repeating Customer
S01945,CU0046,C0064,24-09-2023,2,75158,Cash,Tyrone Hill,,Repeating Customer
S01946,CU1881,C0228,22-01-2023,3,44166,Cash,Aaron Hendrix,,Loyal Customer
S01947,CU1351,C0100,14-12-2022,2,65823,Credit,Renee King,,Repeating Customer
S01948,CU0502,C0270,17-05-2023,2,64040,Credit,Bryan Francis,,Repeating Customer
S01949,CU0356,C0468,15-05-2024,2,23568,Credit,Philip Gonzalez,,Repeating Customer
S01950,CU0336,C0211,17-09-2024,2,31778,Credit,William Romero,,Repeating Customer
S01951,CU0108,C0478,26-08-2024,3,60362,Credit,Julie Baxter,,Loyal Customer
S01952,CU1757,C0242,10-02-2024,3,98382,Installment,Janice Bailey,,Loyal Customer
S01953,CU0359,C0084,09-03-2024,1,48207,Installment,Brittany Flynn,,New Customer
S01954,CU0362,C0265,23-07-2025,1,55176,Installment,Robin Ware,,New Customer
S01955,CU1212,C0170,13-08-2025,1,35457,Credit,Lisa Wilson,,New Customer
S01956,CU0095,C0323,14-10-2025,3,42038,Credit,Christine Rodriguez,,Loyal Customer
S01957,CU1928,C0103,04-12-2022,1,98328,Installment,Dustin Aguilar,,New Customer
S01958,CU0938,C0163,05-03-2023,3,53583,Cash,Shawn Hernandez,,Loyal Customer
S01959,CU1885,C0165,25-06-2025,1,29285,Credit,Victoria Greer,,New Customer
S01960,CU1499,C0458,21-04-2024,3,43299,Installment,Jamie Miller,,Loyal Customer
S01961,CU0404,C0294,16-08-2024,1,98896,Credit,Rebecca Myers,,New Customer
S01962,CU1820,C0110,28-04-2023,2,90973,Cash,Sara Harrison,,Repeating Customer
S01963,CU1810,C0096,25-06-2025,3,35284,Credit,Sarah Taylor,,Loyal Customer
S01964,CU1795,C0095,31-03-2025,1,77491,Installment,Christine Robinson,,New Customer
S01965,CU0947,C0423,04-08-2023,3,28137,Installment,Michael Harrison,,Loyal Customer
S01966,CU1843,C0308,04-04-2024,2,61710,Cash,Douglas Owen,,Repeating Customer
S01967,CU0914,C0084,19-11-2023,2,59863,Cash,John Torres,,Repeating Customer
S01968,CU0232,C0078,13-04-2025,1,69053,Installment,Heather Chandler,,New Customer
S01969,CU0278,C0102,18-07-2025,1,32713,Credit,Daniel Morales,,New Customer
S01970,CU0864,C0180,07-04-2024,1,24752,Cash,Kellie Palmer,,New Customer
S01971,CU1166,C0250,29-03-2024,1,90358,Cash,Marcus Harper,,New Customer
S01972,CU1019,C0028,25-07-2025,3,85097,Credit,Matthew Myers,,Loyal Customer
S01973,CU0148,C0247,22-01-2025,1,30223,Cash,Robert Donaldson,,New Customer
S01974,CU1623,C0390,13-01-2023,2,88157,Cash,Brian Davidson,,Repeating Customer
S01975,CU0609,C0349,29-06-2024,2,94688,Credit,Terrence Adams,,Repeating Customer
S01976,CU1857,C0175,27-09-2024,3,51066,Cash,Angela Blackwell,,Loyal Customer
S01977,CU1531,C0412,21-10-2025,3,67558,Cash,Diane Johnson,,Loyal Customer
S01978,CU1610,C0364,21-10-2025,2,56355,Cash,Laura Faulkner,,Repeating Customer
S01979,CU1759,C0171,30-06-2025,2,21090,Cash,Robert Brooks,,Repeating Customer
S01980,CU1417,C0039,26-02-2025,2,19463,Installment,Gregory Robinson,,Repeating Customer
S01981,CU1396,C0260,09-12-2024,3,74677,Installment,Carolyn Hernandez,,Loyal Customer
S01982,CU0565,C0468,25-06-2024,2,37596,Credit,Alyssa Hubbard,,Repeating Customer
S01983,CU1897,C0474,30-05-2025,2,47122,Credit,Patricia Vasquez,,Repeating Customer
S01984,CU1557,C0216,21-07-2024,2,52099,Credit,Diana Baker,,Repeating Customer
S01985,CU1812,C0365,02-11-2022,1,80417,Credit,Stacy Johnson,,New Customer
S01986,CU0640,C0249,18-05-2023,1,44520,Installment,David Potts,,New Customer
S01987,CU0042,C0011,15-02-2025,3,29088,Installment,Amber Craig,,Loyal Customer
S01988,CU1970,C0255,22-05-2025,3,87942,Credit,Jimmy Knight,,Loyal Customer
S01989,CU0273,C0426,27-03-2025,3,49133,Cash,Kristen Smith,,Loyal Customer
S01990,CU0754,C0402,30-01-2024,3,74915,Credit,Justin Spence,,Loyal Customer
S01991,CU0027,C0027,03-03-2023,1,17114,Cash,Alex Valencia,,New Customer
S01992,CU1974,C0161,15-05-2024,1,70874,Credit,Scott Gordon,,New Customer
S01993,CU1964,C0498,04-12-2023,3,47023,Installment,Robert Walker,,Loyal Customer
S01994,CU1148,C0450,30-10-2025,1,91468,Credit,Martha Parker,,New Customer
S01995,CU0605,C0317,22-01-2024,1,68511,Credit,Paul Jensen,,New Customer
S01996,CU0179,C0148,08-09-2023,1,21655,Credit,Sherri Walsh,,New Customer
S01997,CU1786,C0024,22-02-2023,1,23968,Installment,Amy Lloyd,,New Customer
S01998,CU1959,C0275,14-01-2023,1,37203,Credit,Keith Carey,,New Customer
S01999,CU1741,C0435,09-10-2025,3,32720,Installment,Luis Lee,,Loyal Customer
S02000,CU0261,C0420,28-12-2023,2,75132,Installment,Thomas Gutierrez,,Repeating Customer
S02001,CU0013,C0460,04-07-2024,3,40259,Credit,Zachary Lewis,,Loyal Customer
S02002,CU1149,C0464,07-08-2023,1,42749,Installment,Kyle Fernandez,,New Customer
S02003,CU1314,C0372,20-08-2024,1,55095,Cash,Nicholas Duran,,New Customer
S02004,CU0557,C0290,08-07-2024,1,74914,Cash,Maria Dalton,,New Customer
S02005,CU0013,C0169,13-03-2025,1,68473,Credit,Daniel Lewis,,New Customer
S02006,CU0982,C0067,03-10-2024,2,29676,Installment,Jennifer Nguyen,,Repeating Customer
S02007,CU0884,C0380,26-01-2025,2,93819,Credit,Jennifer Robbins,,Repeating Customer
S02008,CU0848,C0063,07-06-2023,1,23394,Cash,Stacey Kim,,New Customer
S02009,CU1821,C0355,22-04-2025,3,55975,Installment,James Hansen,,Loyal Customer
S02010,CU0452,C0423,21-05-2025,2,85825,Cash,Evan Kelley,,Repeating Customer
S02011,CU1230,C0258,19-03-2023,2,35406,Credit,Shannon Levy,,Repeating Customer
S02012,CU0202,C0084,28-10-2024,1,83562,Credit,Jon Garcia,,New Customer
S02013,CU1900,C0213,15-02-2025,2,47228,Installment,Cynthia Stephens,,Repeating Customer
S02014,CU1675,C0167,01-02-2024,3,16087,Credit,David Christian,,Loyal Customer
S02015,CU1809,C0091,07-01-2024,3,43088,Installment,Jessica Welch,,Loyal Customer
S02016,CU0659,C0492,16-03-2023,2,16829,Installment,Scott Burke,,Repeating Customer
S02017,CU1308,C0470,09-03-2025,1,49317,Credit,Anthony Barrett Jr.,,New Customer
S02018,CU1327,C0166,28-02-2024,1,25576,Installment,Gregory Wong,,New Customer
S02019,CU1240,C0020,28-07-2023,1,50762,Credit,Mrs. Ashley Gomez,,New Customer
S02020,CU0569,C0265,10-03-2024,2,87503,Installment,Rebecca Kim,,Repeating Customer
S02021,CU1349,C0029,18-10-2023,3,38810,Cash,Jeffrey Peck,,Loyal Customer
S02022,CU1567,C0254,19-06-2025,1,31141,Cash,Michelle Mendez,,New Customer
S02023,CU0122,C0372,20-11-2022,1,17294,Installment,Elizabeth Cohen,,New Customer
S02024,CU0759,C0233,16-06-2023,1,93337,Installment,Brett Villegas II,,New Customer
S02025,CU0891,C0487,27-11-2022,3,49447,Credit,Wanda Sullivan,,Loyal Customer
S02026,CU0376,C0456,20-05-2023,2,54673,Credit,Brandi Smith MD,,Repeating Customer
S02027,CU0137,C0135,18-06-2025,3,35258,Credit,Misty Christensen,,Loyal Customer
S02028,CU0402,C0248,06-11-2024,2,31024,Credit,Christine Munoz,,Repeating Customer
S02029,CU1146,C0233,12-07-2024,3,35045,Cash,Luis James,,Loyal Customer
S02030,CU1536,C0166,23-08-2025,2,96412,Credit,William Harrell,,Repeating Customer
S02031,CU0113,C0117,27-02-2024,1,34156,Installment,Tina Carr,,New Customer
S02032,CU0554,C0259,08-10-2025,3,53536,Installment,Crystal Smith,,Loyal Customer
S02033,CU1112,C0475,18-05-2024,1,78026,Credit,Kellie Steele,,New Customer
S02034,CU1396,C0456,26-08-2024,2,64536,Installment,Todd Thompson,,Repeating Customer
S02035,CU0058,C0107,15-07-2023,3,61413,Cash,Stephanie Adkins,,Loyal Customer
S02036,CU0011,C0221,27-11-2024,1,19286,Installment,Heather Shaw,,New Customer
S02037,CU0161,C0381,20-04-2024,1,85314,Credit,Calvin Rodriguez,,New Customer
S02038,CU0299,C0455,02-09-2023,2,40113,Cash,Mary Martin,,Repeating Customer
S02039,CU1881,C0392,25-01-2025,1,87110,Credit,Dominique Potter,,New Customer
S02040,CU0185,C0135,19-11-2024,3,78535,Credit,Katie Pierce,,Loyal Customer
S02041,CU1478,C0051,05-02-2023,2,90424,Credit,Mark Johnson,,Repeating Customer
S02042,CU1459,C0187,25-11-2022,2,97784,Credit,Mr. Jamie Hardy,,Repeating Customer
S02043,CU0661,C0273,21-05-2023,1,63461,Credit,Micheal Roberts,,New Customer
S02044,CU0422,C0276,07-03-2024,3,78256,Cash,Christopher Henry,,Loyal Customer
S02045,CU1961,C0083,11-08-2023,1,39320,Credit,Julia Williams,,New Customer
S02046,CU1433,C0120,08-04-2023,3,60309,Installment,Paul Taylor,,Loyal Customer
S02047,CU1712,C0491,02-04-2023,1,64855,Credit,Michael Pace,,New Customer
S02048,CU0501,C0327,05-01-2024,3,73043,Cash,Robert Young,,Loyal Customer
S02049,CU1511,C0376,04-05-2024,2,25520,Installment,Jonathan Velez,,Repeating Customer
S02050,CU1069,C0499,03-06-2025,3,17634,Credit,Oscar Hill,,Loyal Customer
S02051,CU0250,C0166,14-03-2023,2,61681,Credit,Ashley Li,,Repeating Customer
S02052,CU1003,C0195,22-04-2023,1,96014,Cash,Priscilla Macdonald,,New Customer
S02053,CU1762,C0057,27-04-2023,1,48092,Credit,Jose Mullins,,New Customer
S02054,CU0838,C0153,26-11-2022,2,88772,Credit,Jennifer Jacobs,,Repeating Customer
S02055,CU0377,C0003,04-07-2025,3,28998,Credit,Lee Kennedy,,Loyal Customer
S02056,CU1655,C0403,13-04-2025,3,47120,Installment,Alejandro Booth,,Loyal Customer
S02057,CU0972,C0090,29-08-2024,2,19382,Installment,Bradley Adams,,Repeating Customer
S02058,CU1684,C0479,12-09-2024,1,44894,Installment,Jeffrey Kaiser,,New Customer
S02059,CU0199,C0150,05-02-2023,1,71431,Installment,Michael Cummings,,New Customer
S02060,CU1141,C0338,15-01-2024,1,55170,Credit,Deanna Scott,,New Customer
S02061,CU1087,C0092,14-10-2023,2,35246,Credit,Julie Warren,,Repeating Customer
S02062,CU0815,C0465,18-12-2022,3,22364,Cash,Miss Erin Anderson MD,,Loyal Customer
S02063,CU1118,C0270,22-08-2025,1,36617,Installment,Brandon Gillespie,,New Customer
S02064,CU0721,C0175,21-06-2024,1,58093,Cash,Holly Obrien,,New Customer
S02065,CU0994,C0291,29-11-2023,1,41922,Cash,Marcus Moore,,New Customer
S02066,CU1237,C0338,01-07-2024,2,88447,Cash,Susan Garner,,Repeating Customer
S02067,CU0359,C0049,03-12-2022,2,20770,Installment,Jason Santiago,,Repeating Customer
S02068,CU0579,C0201,26-07-2024,2,46693,Installment,Megan Brooks,,Repeating Customer
S02069,CU0052,C0428,17-01-2025,1,22284,Credit,David Wright,,New Customer
S02070,CU1725,C0225,18-09-2023,2,42818,Cash,Sarah Mejia,,Repeating Customer
S02071,CU1593,C0282,15-09-2023,2,56473,Credit,David Rodriguez,,Repeating Customer
S02072,CU1704,C0353,19-06-2025,2,45825,Installment,Jeremiah Salas,,Repeating Customer
S02073,CU1837,C0008,17-02-2024,2,51475,Installment,Brian Johnson,,Repeating Customer
S02074,CU1733,C0128,28-12-2023,2,63934,Installment,Riley Singh,,Repeating Customer
S02075,CU0082,C0320,08-08-2023,2,59690,Credit,Daniel Douglas,,Repeating Customer
S02076,CU0163,C0196,06-05-2025,3,74318,Installment,Jose Miller,,Loyal Customer
S02077,CU1861,C0076,03-09-2025,1,19394,Installment,Shelby Hamilton,,New Customer
S02078,CU1334,C0262,31-01-2023,3,17523,Cash,Robert Elliott,,Loyal Customer
S02079,CU0868,C0398,09-01-2025,2,93655,Credit,Victoria Morris,,Repeating Customer
S02080,CU0665,C0410,27-09-2025,3,30420,Cash,Denise Bush,,Loyal Customer
S02081,CU0802,C0382,21-10-2025,2,39298,Credit,Walter Dickson,,Repeating Customer
S02082,CU0768,C0381,19-02-2025,2,30897,Installment,Leslie Turner,,Repeating Customer
S02083,CU1464,C0041,03-11-2023,3,91211,Credit,Jesse Morgan,,Loyal Customer
S02084,CU1958,C0416,07-12-2023,1,89197,Installment,Maria Walter,,New Customer
S02085,CU0184,C0385,11-12-2023,3,69568,Installment,Stephen Wilson,,Loyal Customer
S02086,CU1732,C0339,08-05-2023,2,38504,Cash,Mrs. Julie Garcia MD,,Repeating Customer
S02087,CU0280,C0190,19-12-2024,1,78637,Installment,Kevin Williams,,New Customer
S02088,CU0154,C0345,19-07-2023,3,58843,Cash,Denise Wilson,,Loyal Customer
S02089,CU0609,C0373,24-10-2025,3,79819,Installment,Jennifer Lewis,,Loyal Customer
S02090,CU0161,C0172,18-05-2024,3,18713,Credit,Kenneth Hunt,,Loyal Customer
S02091,CU1975,C0417,19-04-2023,1,78658,Credit,Diana Hernandez,,New Customer
S02092,CU0522,C0487,08-03-2023,2,46469,Credit,Peter Marquez,,Repeating Customer
S02093,CU0080,C0015,17-09-2024,2,34645,Credit,Ronald Murray,,Repeating Customer
S02094,CU1512,C0058,27-12-2023,1,31217,Installment,Emma Richardson,,New Customer
S02095,CU1626,C0274,12-12-2022,3,75072,Installment,Kenneth Benton,,Loyal Customer
S02096,CU1973,C0342,06-09-2025,1,42520,Installment,Sheryl Wong,,New Customer
S02097,CU0594,C0232,04-11-2022,3,94937,Installment,Mike Daniel,,Loyal Customer
S02098,CU1136,C0288,07-02-2023,3,68089,Cash,Keith Brooks,,Loyal Customer
S02099,CU1297,C0194,09-07-2025,2,62814,Installment,Melissa Romero,,Repeating Customer
S02100,CU1510,C0043,16-06-2025,3,31586,Installment,Amanda Acevedo,,Loyal Customer
S02101,CU1816,C0302,06-10-2023,3,90352,Credit,Ian Simon,,Loyal Customer
S02102,CU0044,C0438,25-08-2025,1,24612,Installment,Seth Jones,,New Customer
S02103,CU0610,C0281,24-07-2023,3,90620,Credit,Kimberly Chaney,,Loyal Customer
S02104,CU0286,C0009,10-08-2025,2,91663,Credit,Joshua White,,Repeating Customer
S02105,CU1790,C0247,19-06-2024,1,41997,Credit,Jeffrey Cline,,New Customer
S02106,CU1146,C0500,14-10-2023,1,17711,Credit,Ronald Smith,,New Customer
S02107,CU1951,C0493,18-08-2023,2,39892,Installment,Frank Johnson,,Repeating Customer
S02108,CU1811,C0145,22-01-2025,1,16845,Cash,Sonia Pennington,,New Customer
S02109,CU1660,C0395,16-03-2025,1,61100,Installment,Douglas Brown,,New Customer
S02110,CU1779,C0425,21-06-2024,2,86950,Cash,Sarah Chavez,,Repeating Customer
S02111,CU1231,C0029,02-11-2024,2,52757,Credit,Ryan Oliver,,Repeating Customer
S02112,CU1169,C0082,14-01-2023,2,75027,Installment,Joseph Harrington,,Repeating Customer
S02113,CU1877,C0341,06-08-2023,2,61377,Installment,John Skinner,,Repeating Customer
S02114,CU0349,C0033,28-05-2023,1,28046,Installment,Jessica Hancock,,New Customer
S02115,CU0402,C0467,01-10-2023,2,44387,Installment,Kenneth Williams,,Repeating Customer
S02116,CU0625,C0180,14-02-2024,3,26637,Cash,David Ramirez,,Loyal Customer
S02117,CU1252,C0437,02-07-2025,1,93858,Credit,Gabriel Cruz,,New Customer
S02118,CU0060,C0067,23-01-2023,1,67125,Cash,Gregory Gardner,,New Customer
S02119,CU1620,C0062,17-04-2023,2,46051,Credit,Rebecca Nelson,,Repeating Customer
S02120,CU1376,C0020,05-08-2023,2,26719,Credit,Amy Yang,,Repeating Customer
S02121,CU0454,C0424,19-11-2024,3,85063,Credit,Kenneth Benton,,Loyal Customer
S02122,CU0715,C0163,26-07-2024,3,32267,Credit,Janice Marquez,,Loyal Customer
S02123,CU0239,C0252,31-10-2023,1,52550,Installment,Jessica Ramirez,,New Customer
S02124,CU1173,C0252,26-05-2025,2,45589,Credit,Jennifer Molina,,Repeating Customer
S02125,CU1501,C0143,26-11-2023,1,90264,Installment,Courtney Butler,,New Customer
S02126,CU1656,C0485,19-01-2025,3,44050,Installment,Antonio Gonzalez,,Loyal Customer
S02127,CU1398,C0234,19-08-2024,2,74108,Installment,Joel Williams,,Repeating Customer
S02128,CU1792,C0132,30-08-2024,2,70432,Cash,Anthony Davis,,Repeating Customer
S02129,CU0458,C0004,12-05-2024,3,88440,Cash,Jessica Higgins,,Loyal Customer
S02130,CU0363,C0347,01-12-2024,3,33904,Cash,Diane Warner,,Loyal Customer
S02131,CU0700,C0023,13-03-2025,1,56661,Installment,Michael Lawson,,New Customer
S02132,CU0106,C0415,20-08-2025,2,15871,Credit,Jo Hamilton,,Repeating Customer
S02133,CU0007,C0366,10-04-2025,2,53349,Installment,Raymond Rangel,,Repeating Customer
S02134,CU0685,C0177,12-08-2023,2,55924,Cash,Steve Martinez,,Repeating Customer
S02135,CU1792,C0320,14-02-2025,3,35588,Cash,Brian Hughes,,Loyal Customer
S02136,CU0164,C0347,24-08-2025,2,32536,Installment,Courtney Goodman,,Repeating Customer
S02137,CU0613,C0169,16-09-2023,2,26888,Installment,Julia Garcia,,Repeating Customer
S02138,CU1714,C0065,10-04-2023,1,32066,Credit,Megan Carter,,New Customer
S02139,CU0650,C0284,16-03-2025,3,31570,Cash,Elizabeth Kelly,,Loyal Customer
S02140,CU1851,C0341,08-09-2025,3,23972,Installment,Kathryn Richardson,,Loyal Customer
S02141,CU0562,C0277,14-03-2023,1,70268,Credit,Donald Mitchell,,New Customer
S02142,CU0925,C0414,25-12-2024,1,49977,Cash,Molly Ryan,,New Customer
S02143,CU1095,C0385,19-09-2023,3,48108,Installment,Justin Carney,,Loyal Customer
S02144,CU0735,C0266,21-10-2024,3,66751,Credit,Julie Miller,,Loyal Customer
S02145,CU0316,C0147,31-12-2022,2,90852,Installment,George Travis,,Repeating Customer
S02146,CU0783,C0091,12-03-2024,3,23047,Cash,Brian Wu,,Loyal Customer
S02147,CU0918,C0062,03-10-2024,2,31070,Installment,Derrick Fox,,Repeating Customer
S02148,CU0741,C0481,20-04-2025,1,24146,Cash,Justin Montoya,,New Customer
S02149,CU0943,C0186,08-06-2025,3,22006,Credit,Devin Russell,,Loyal Customer
S02150,CU0311,C0001,24-09-2023,3,87156,Credit,Grant Farley,,Loyal Customer
S02151,CU0257,C0014,06-12-2022,2,27031,Cash,Debra May,,Repeating Customer
S02152,CU0397,C0099,21-10-2024,1,56518,Installment,Joshua Mcpherson,,New Customer
S02153,CU1863,C0230,20-01-2024,2,50246,Cash,Christopher Simpson,,Repeating Customer
S02154,CU1464,C0457,19-05-2023,3,46462,Installment,Nancy Stout,,Loyal Customer
S02155,CU1730,C0267,03-08-2025,2,46307,Cash,Samantha Norman,,Repeating Customer
S02156,CU1063,C0008,04-11-2023,3,43134,Installment,William Santos,,Loyal Customer
S02157,CU1325,C0400,31-01-2024,3,83966,Installment,Randy Stewart,,Loyal Customer
S02158,CU1986,C0129,03-01-2023,3,19777,Credit,Samuel Brown,,Loyal Customer
S02159,CU0945,C0105,25-02-2024,3,51474,Credit,Jason Nunez,,Loyal Customer
S02160,CU0459,C0123,16-09-2023,3,47780,Cash,Katherine Grimes,,Loyal Customer
S02161,CU1110,C0146,03-08-2025,1,85629,Credit,Henry Moore,,New Customer
S02162,CU0901,C0016,05-05-2024,1,65070,Installment,Thomas Gordon,,New Customer
S02163,CU1944,C0458,07-03-2025,3,81098,Credit,Keith Norman,,Loyal Customer
S02164,CU1554,C0247,24-12-2022,2,40703,Cash,Samantha Owens,,Repeating Customer
S02165,CU0887,C0027,08-08-2023,3,63996,Installment,Bruce Holmes,,Loyal Customer
S02166,CU0385,C0321,11-08-2024,3,20381,Cash,Christopher Bell,,Loyal Customer
S02167,CU1371,C0381,12-03-2025,2,90535,Installment,Laura Bennett,,Repeating Customer
S02168,CU0716,C0179,14-11-2023,1,35194,Credit,Melissa Gonzalez,,New Customer
S02169,CU0077,C0143,05-11-2022,2,76733,Cash,Eric Miller,,Repeating Customer
S02170,CU0025,C0402,05-12-2023,3,40825,Cash,Stephanie Taylor,,Loyal Customer
S02171,CU0258,C0331,14-11-2023,3,25227,Cash,George Hamilton,,Loyal Customer
S02172,CU0757,C0460,13-04-2023,2,43271,Credit,David Leonard,,Repeating Customer
S02173,CU0669,C0269,05-04-2023,3,48803,Cash,Gabriel Brewer,,Loyal Customer
S02174,CU0524,C0473,29-08-2025,1,96795,Cash,Scott Brown,,New Customer
S02175,CU0154,C0431,05-09-2024,3,63332,Installment,Anthony Rodriguez,,Loyal Customer
S02176,CU1733,C0236,04-02-2024,1,29827,Installment,Troy Ortega,,New Customer
S02177,CU0528,C0011,06-02-2023,1,58003,Credit,Dr. Richard Sellers,,New Customer
S02178,CU1352,C0020,14-02-2023,2,26064,Cash,Melissa Gutierrez MD,,Repeating Customer
S02179,CU1325,C0003,28-02-2025,1,70299,Installment,Lisa Wagner,,New Customer
S02180,CU1608,C0067,14-07-2023,1,25326,Cash,James Perez,,New Customer
S02181,CU0854,C0479,12-09-2024,1,26182,Cash,Danielle Lewis,,New Customer
S02182,CU0573,C0224,18-11-2024,1,32077,Credit,Maria Hernandez,,New Customer
S02183,CU1534,C0288,06-07-2023,1,99435,Cash,Todd Brown,,New Customer
S02184,CU0487,C0057,13-03-2023,2,41436,Credit,Angela Walters,,Repeating Customer
S02185,CU0385,C0108,06-10-2024,3,83089,Installment,Dr. David Moore,,Loyal Customer
S02186,CU1598,C0264,23-04-2024,3,45707,Installment,Vanessa White,,Loyal Customer
S02187,CU0774,C0130,02-12-2023,3,84105,Installment,Bonnie Nunez,,Loyal Customer
S02188,CU0083,C0313,07-08-2024,1,67028,Cash,Todd Wright,,New Customer
S02189,CU0605,C0209,16-09-2023,1,39195,Credit,Keith Bailey,,New Customer
S02190,CU0810,C0286,30-07-2024,3,28201,Installment,Sharon Brown,,Loyal Customer
S02191,CU1279,C0014,24-11-2022,1,64810,Credit,Robert Phelps,,New Customer
S02192,CU1073,C0078,10-03-2025,2,21432,Credit,Robyn Edwards,,Repeating Customer
S02193,CU0926,C0480,26-12-2024,2,80491,Cash,Brittany Martinez,,Repeating Customer
S02194,CU0650,C0271,16-12-2023,2,85788,Cash,Sydney Oconnor MD,,Repeating Customer
S02195,CU0717,C0219,14-02-2025,1,53502,Installment,Kevin Carter,,New Customer
S02196,CU0014,C0358,18-10-2023,2,48127,Installment,Matthew Warner,,Repeating Customer
S02197,CU1760,C0443,08-07-2023,3,26417,Cash,Deanna Guerra,,Loyal Customer
S02198,CU1276,C0360,07-10-2025,2,54040,Cash,Kaitlin Buck,,Repeating Customer
S02199,CU1297,C0440,31-10-2022,1,48094,Cash,Denise Washington,,New Customer
S02200,CU0751,C0133,14-01-2024,1,97709,Installment,Joseph Hill,,New Customer
S02201,CU1322,C0457,10-05-2025,1,36031,Credit,Carly Jones,,New Customer
S02202,CU0758,C0245,12-05-2024,2,32704,Installment,Joshua Castillo,,Repeating Customer
S02203,CU1740,C0165,10-12-2022,1,33776,Installment,Brian Williams,,New Customer
S02204,CU1399,C0023,22-04-2025,2,19331,Installment,Christopher Luna,,Repeating Customer
S02205,CU1059,C0497,23-07-2024,1,38064,Cash,Lauren Curtis,,New Customer
S02206,CU1618,C0039,19-04-2024,3,81045,Credit,Andrew Rocha,,Loyal Customer
S02207,CU0204,C0212,18-07-2024,2,46704,Cash,Tammy Becker,,Repeating Customer
S02208,CU0883,C0051,26-02-2023,2,43553,Credit,Joseph Rose,,Repeating Customer
S02209,CU1795,C0439,15-10-2024,3,82645,Credit,James Cohen,,Loyal Customer
S02210,CU1265,C0258,06-07-2025,1,20900,Cash,Debra Nguyen,,New Customer
S02211,CU0483,C0404,03-04-2024,2,65142,Installment,Jeanette Welch,,Repeating Customer
S02212,CU0700,C0284,03-06-2023,3,56216,Cash,Stephanie Moyer,,Loyal Customer
S02213,CU0579,C0466,08-04-2025,2,46693,Credit,Scott Bass,,Repeating Customer
S02214,CU0265,C0082,24-02-2023,2,52011,Credit,James Maddox,,Repeating Customer
S02215,CU0386,C0020,15-06-2025,1,48133,Credit,Carol Davis,,New Customer
S02216,CU0182,C0351,30-08-2024,2,16467,Credit,Nancy Howard,,Repeating Customer
S02217,CU0192,C0167,01-12-2022,2,66868,Credit,Nancy Harris,,Repeating Customer
S02218,CU0333,C0403,13-01-2023,2,24962,Credit,Stacy Daniels,,Repeating Customer
S02219,CU0560,C0029,10-01-2024,2,38805,Cash,Patricia Butler,,Repeating Customer
S02220,CU1373,C0329,05-11-2022,2,69444,Credit,Nicole Liu,,Repeating Customer
S02221,CU0273,C0387,11-05-2024,1,68166,Cash,James Reynolds,,New Customer
S02222,CU1079,C0002,17-09-2025,3,61262,Cash,Tanya Bryan,,Loyal Customer
S02223,CU1712,C0234,05-11-2024,1,86728,Cash,Sean Jackson,,New Customer
S02224,CU1501,C0067,29-06-2025,2,34483,Credit,David Sanchez,,Repeating Customer
S02225,CU0648,C0097,19-12-2022,1,37226,Credit,Stacey Brown,,New Customer
S02226,CU0055,C0413,14-07-2024,2,96391,Cash,Julie Valdez,,Repeating Customer
S02227,CU1620,C0146,04-08-2024,3,29309,Credit,Tara Williamson,,Loyal Customer
S02228,CU0891,C0358,13-06-2023,3,71973,Cash,Karen Gill,,Loyal Customer
S02229,CU0836,C0382,13-02-2023,2,75224,Installment,Tracy Galloway,,Repeating Customer
S02230,CU0821,C0070,23-04-2024,1,72109,Cash,Elizabeth Bell,,New Customer
S02231,CU1666,C0322,10-08-2025,2,48193,Credit,Charles Elliott,,Repeating Customer
S02232,CU1523,C0157,17-01-2023,2,88405,Installment,Natalie Herrera,,Repeating Customer
S02233,CU1449,C0486,12-08-2025,3,59304,Installment,Robert Caldwell,,Loyal Customer
S02234,CU1793,C0464,18-04-2025,2,44927,Installment,Bonnie Anderson,,Repeating Customer
S02235,CU1085,C0398,19-10-2025,3,80658,Installment,Kelly Holden,,Loyal Customer
S02236,CU1145,C0282,01-12-2023,3,29307,Credit,Jose Perez,,Loyal Customer
S02237,CU1095,C0269,06-06-2024,3,79669,Credit,April Charles,,Loyal Customer
S02238,CU0331,C0385,28-07-2024,3,66723,Credit,Sean Brown,,Loyal Customer
S02239,CU0324,C0003,23-10-2024,2,83546,Cash,Philip Bennett,,Repeating Customer
S02240,CU1901,C0438,08-09-2025,1,92172,Cash,Bruce Fox,,New Customer
S02241,CU1362,C0010,30-06-2023,3,78415,Cash,William Doyle,,Loyal Customer
S02242,CU1339,C0465,21-01-2023,1,32675,Cash,Tracy Mcintosh,,New Customer
S02243,CU1154,C0238,26-12-2024,1,66464,Credit,Christopher Levy,,New Customer
S02244,CU0097,C0110,22-08-2024,1,77574,Cash,Larry Henry,,New Customer
S02245,CU1875,C0491,20-05-2025,2,32684,Cash,Kerry Anderson,,Repeating Customer
S02246,CU0997,C0391,06-12-2022,3,84670,Cash,Destiny Edwards,,Loyal Customer
S02247,CU0193,C0085,23-12-2022,1,44764,Installment,Tyler Franklin,,New Customer
S02248,CU0743,C0428,01-03-2023,1,72869,Installment,Dennis Huerta,,New Customer
S02249,CU0873,C0465,17-02-2024,2,42790,Cash,Charles Brown,,Repeating Customer
S02250,CU0452,C0441,20-03-2023,3,42124,Installment,Kristopher Kirby,,Loyal Customer
S02251,CU1070,C0324,09-06-2024,1,66253,Cash,April Mejia,,New Customer
S02252,CU0279,C0465,07-03-2024,1,60751,Cash,Daniel Lewis,,New Customer
S02253,CU1989,C0322,25-09-2025,3,45624,Credit,Alex Harvey,,Loyal Customer
S02254,CU0202,C0020,07-09-2023,1,72437,Installment,Lori Campbell,,New Customer
S02255,CU1733,C0061,14-08-2023,2,56180,Cash,Barbara Powell,,Repeating Customer
S02256,CU0480,C0448,04-06-2023,3,71582,Installment,Stephen Duke,,Loyal Customer
S02257,CU1188,C0479,04-07-2024,1,15167,Credit,William Gallegos,,New Customer
S02258,CU1324,C0243,07-10-2025,2,30159,Credit,Paul Hall,,Repeating Customer
S02259,CU0539,C0071,20-07-2024,1,38444,Credit,Cory Molina,,New Customer
S02260,CU0330,C0292,20-03-2024,1,31084,Credit,Laura Beck,,New Customer
S02261,CU1003,C0197,24-05-2024,3,60253,Credit,Stephanie Matthews,,Loyal Customer
S02262,CU0910,C0094,18-08-2023,1,24020,Installment,Tracie Carroll,,New Customer
S02263,CU1161,C0062,22-08-2025,2,27865,Credit,Karen Blevins,,Repeating Customer
S02264,CU1165,C0304,20-10-2024,3,23248,Cash,Patrick Franco MD,,Loyal Customer
S02265,CU0057,C0188,31-03-2024,1,52824,Installment,Madison Rios,,New Customer
S02266,CU0630,C0226,04-09-2023,1,34413,Credit,Patricia Johnson,,New Customer
S02267,CU1799,C0397,14-07-2024,2,53114,Cash,Elizabeth Smith,,Repeating Customer
S02268,CU0857,C0004,10-02-2025,2,52240,Credit,Julian Wheeler,,Repeating Customer
S02269,CU1948,C0358,23-12-2023,3,99008,Cash,Sean Robinson,,Loyal Customer
S02270,CU1957,C0279,31-10-2024,1,67993,Credit,Carl Barton,,New Customer
S02271,CU0372,C0001,16-12-2024,2,82084,Credit,Carolyn French,,Repeating Customer
S02272,CU0719,C0210,14-07-2023,3,92186,Credit,Kimberly Garcia,,Loyal Customer
S02273,CU1239,C0419,26-06-2023,1,19098,Cash,Willie Wright,,New Customer
S02274,CU0868,C0050,23-10-2023,2,86093,Cash,Stephen Bell,,Repeating Customer
S02275,CU1343,C0289,23-03-2023,3,45173,Credit,Beth Williams,,Loyal Customer
S02276,CU0828,C0259,08-06-2025,2,74325,Installment,Tracy Jones,,Repeating Customer
S02277,CU0460,C0021,22-04-2025,1,92417,Credit,Samantha Houston,,New Customer
S02278,CU0277,C0247,04-09-2025,1,20246,Cash,Brandon Turner,,New Customer
S02279,CU0814,C0157,13-09-2025,1,33085,Cash,Kevin Brown,,New Customer
S02280,CU1276,C0082,28-09-2023,3,79981,Credit,Stephen Frank,,Loyal Customer
S02281,CU1376,C0169,06-01-2024,1,31059,Cash,Robert Johnson,,New Customer
S02282,CU0072,C0114,17-06-2023,3,82686,Cash,Melissa Lambert,,Loyal Customer
S02283,CU0858,C0329,17-05-2025,3,23820,Installment,Renee Clark,,Loyal Customer
S02284,CU1358,C0262,24-07-2023,1,42071,Cash,Craig Smith,,New Customer
S02285,CU0606,C0020,27-03-2025,1,41102,Installment,Joseph Barnes,,New Customer
S02286,CU1782,C0440,05-12-2024,2,82114,Installment,Michael Flores,,Repeating Customer
S02287,CU1774,C0046,18-10-2025,3,66177,Cash,Megan Baker,,Loyal Customer
S02288,CU1046,C0262,18-01-2025,1,78065,Installment,Suzanne Delgado,,New Customer
S02289,CU0358,C0067,12-02-2024,3,42239,Credit,Franklin Rivers,,Loyal Customer
S02290,CU1420,C0474,15-01-2025,1,67411,Installment,Maurice Swanson,,New Customer
S02291,CU1558,C0160,11-08-2023,3,59786,Cash,Linda Brown,,Loyal Customer
S02292,CU1154,C0036,10-08-2025,2,24157,Credit,Amber Lewis,,Repeating Customer
S02293,CU1514,C0109,31-05-2025,3,46846,Installment,Rachel Patterson,,Loyal Customer
S02294,CU1021,C0120,29-04-2024,3,16212,Credit,Mark Ryan,,Loyal Customer
S02295,CU1964,C0215,14-09-2024,1,87158,Installment,Larry Fitzpatrick,,New Customer
S02296,CU0768,C0153,02-03-2024,1,71150,Installment,Megan Gonzales,,New Customer
S02297,CU1440,C0039,25-04-2025,2,28748,Credit,Steven Williams,,Repeating Customer
S02298,CU0899,C0030,23-10-2024,3,56388,Credit,Thomas Buckley,,Loyal Customer
S02299,CU0555,C0138,12-01-2025,1,63516,Installment,Glenn White,,New Customer
S02300,CU0879,C0421,16-04-2025,3,48455,Credit,Patrick Payne,,Loyal Customer
S02301,CU0804,C0301,25-08-2024,2,78737,Credit,Tony Morales,,Repeating Customer
S02302,CU1602,C0390,25-07-2024,3,39952,Credit,Amy Richardson,,Loyal Customer
S02303,CU1756,C0289,05-02-2024,2,61969,Credit,John Roberts,,Repeating Customer
S02304,CU1576,C0209,10-12-2023,3,69713,Credit,Jennifer Reed,,Loyal Customer
S02305,CU1627,C0356,21-03-2024,2,86377,Cash,Brittany Carson,,Repeating Customer
S02306,CU0759,C0314,18-11-2024,1,96350,Credit,Jacob Finley,,New Customer
S02307,CU0976,C0313,04-10-2023,2,55699,Cash,April Johnson,,Repeating Customer
S02308,CU0514,C0066,02-07-2024,2,67470,Installment,Anthony Olson,,Repeating Customer
S02309,CU0849,C0359,17-09-2023,3,94471,Cash,Lauren Roberts,,Loyal Customer
S02310,CU0298,C0061,19-01-2023,1,55343,Credit,Mark Mckee,,New Customer
S02311,CU1687,C0489,02-04-2025,1,67964,Cash,Brent Perez,,New Customer
S02312,CU1805,C0192,08-01-2023,2,46325,Installment,Tara Wilson,,Repeating Customer
S02313,CU1905,C0152,06-01-2024,2,69668,Installment,Amanda Richardson,,Repeating Customer
S02314,CU0358,C0182,22-08-2024,2,57948,Cash,Amy Watkins,,Repeating Customer
S02315,CU0260,C0272,12-10-2025,1,55948,Cash,Sara Henderson,,New Customer
S02316,CU0689,C0183,29-04-2025,2,92992,Credit,Jasmine Campbell,,Repeating Customer
S02317,CU0314,C0231,19-06-2025,2,92713,Credit,Christina Johnson,,Repeating Customer
S02318,CU1785,C0286,18-06-2024,3,45722,Cash,Elizabeth Hughes,,Loyal Customer
S02319,CU1742,C0195,18-08-2024,3,65499,Credit,Brenda Cohen,,Loyal Customer
S02320,CU1740,C0423,23-03-2025,2,41612,Credit,Paige Vincent,,Repeating Customer
S02321,CU1420,C0193,20-12-2022,1,65107,Credit,Anna Cardenas,,New Customer
S02322,CU1400,C0423,02-02-2023,2,70106,Installment,David Tucker,,Repeating Customer
S02323,CU1393,C0190,05-07-2023,2,20822,Credit,Tammy Miller,,Repeating Customer
S02324,CU0704,C0315,05-04-2024,2,40214,Cash,Rebecca Allison,,Repeating Customer
S02325,CU0277,C0098,22-03-2023,1,65024,Credit,William Clarke,,New Customer
S02326,CU1768,C0458,21-06-2025,2,45417,Cash,Robert Thomas,,Repeating Customer
S02327,CU0840,C0477,25-05-2025,1,60374,Credit,Theresa Miller,,New Customer
S02328,CU1595,C0033,03-10-2024,3,91188,Cash,Howard Underwood,,Loyal Customer
S02329,CU1816,C0106,08-11-2023,3,42711,Credit,Melvin Zamora,,Loyal Customer
S02330,CU0905,C0177,14-05-2024,3,77213,Credit,Phillip Woods,,Loyal Customer
S02331,CU1364,C0288,19-02-2023,3,20736,Credit,Edwin Vaughan,,Loyal Customer
S02332,CU0656,C0035,29-04-2024,2,47918,Installment,Brian Adams,,Repeating Customer
S02333,CU0208,C0473,07-02-2023,2,83923,Credit,Elizabeth Richardson,,Repeating Customer
S02334,CU1360,C0156,27-09-2023,3,94291,Credit,Carol Holt MD,,Loyal Customer
S02335,CU1057,C0439,01-05-2025,3,86793,Cash,Darrell Rivera,,Loyal Customer
S02336,CU0090,C0089,04-08-2024,2,42128,Installment,Kristen Estes,,Repeating Customer
S02337,CU0613,C0361,01-07-2025,2,68230,Installment,Patricia Peterson,,Repeating Customer
S02338,CU0833,C0106,13-08-2025,2,29431,Installment,Garrett King,,Repeating Customer
S02339,CU1555,C0436,25-11-2022,1,60702,Cash,Mr. Michael Dawson,,New Customer
S02340,CU1826,C0331,31-01-2024,3,21616,Installment,Shirley Bolton,,Loyal Customer
S02341,CU1707,C0288,24-04-2023,1,85662,Credit,Janice Black,,New Customer
S02342,CU1874,C0020,09-02-2025,1,18423,Credit,Gregory Burke,,New Customer
S02343,CU0027,C0132,17-02-2023,2,40709,Credit,Timothy Benton,,Repeating Customer
S02344,CU1561,C0122,19-02-2023,1,88985,Cash,Heather Lam,,New Customer
S02345,CU1133,C0174,02-11-2024,2,95021,Installment,Brian Ford,,Repeating Customer
S02346,CU0857,C0486,31-10-2022,3,18310,Installment,Lisa Thompson,,Loyal Customer
S02347,CU1796,C0186,02-07-2024,3,83288,Cash,Danielle Smith,,Loyal Customer
S02348,CU0112,C0281,01-04-2023,3,93524,Cash,Elizabeth Wolfe,,Loyal Customer
S02349,CU0494,C0457,17-11-2023,2,95818,Credit,Larry Bradshaw,,Repeating Customer
S02350,CU0751,C0220,02-05-2024,1,41239,Cash,Denise Price,,New Customer
S02351,CU0693,C0372,22-03-2023,2,34142,Installment,Jeffrey Perry,,Repeating Customer
S02352,CU0820,C0087,22-06-2024,3,95494,Credit,Maria Torres,,Loyal Customer
S02353,CU1619,C0343,12-07-2024,2,95529,Credit,Teresa Price,,Repeating Customer
S02354,CU1432,C0351,21-01-2025,2,27855,Credit,Mark Joseph,,Repeating Customer
S02355,CU0150,C0187,06-07-2025,1,59045,Installment,Mary Perry,,New Customer
S02356,CU0436,C0195,08-10-2024,1,46709,Installment,Scott Hampton,,New Customer
S02357,CU0517,C0436,30-03-2023,1,78960,Cash,Jennifer Williams,,New Customer
S02358,CU1324,C0038,19-02-2025,3,53249,Installment,Jacqueline Bradley,,Loyal Customer
S02359,CU1416,C0159,22-01-2025,1,66010,Installment,Lydia Knox,,New Customer
S02360,CU1741,C0425,01-12-2024,2,65701,Credit,Joyce Owens,,Repeating Customer
S02361,CU0334,C0306,30-10-2025,2,57254,Cash,Ashley Travis,,Repeating Customer
S02362,CU1396,C0378,18-09-2025,1,39683,Cash,Kyle Hendricks,,New Customer
S02363,CU0986,C0025,08-07-2025,3,43700,Credit,Keith Burke,,Loyal Customer
S02364,CU1938,C0140,26-10-2024,3,78164,Cash,Ms. Patricia Davenport DDS,,Loyal Customer
S02365,CU1543,C0275,01-05-2024,2,74225,Credit,Martin Meadows,,Repeating Customer
S02366,CU1224,C0379,21-05-2024,2,25896,Installment,Brittney Bailey,,Repeating Customer
S02367,CU1385,C0118,11-12-2024,1,89809,Installment,Bryan Barrett,,New Customer
S02368,CU0855,C0336,07-04-2024,2,54137,Installment,Kimberly Rosario,,Repeating Customer
S02369,CU0283,C0112,04-01-2025,1,28753,Installment,Mr. William Davis,,New Customer
S02370,CU1984,C0415,01-09-2025,1,38052,Cash,Shaun Campbell,,New Customer
S02371,CU0603,C0333,19-04-2024,1,66674,Credit,Belinda Gill,,New Customer
S02372,CU1304,C0091,01-09-2023,3,17185,Installment,Patricia Mcmillan,,Loyal Customer
S02373,CU1194,C0155,21-05-2024,3,36678,Cash,Christopher Johnston,,Loyal Customer
S02374,CU1180,C0115,26-02-2025,2,74351,Installment,Angelica Collins,,Repeating Customer
S02375,CU0032,C0310,25-10-2025,1,54226,Installment,David Burton,,New Customer
S02376,CU0626,C0427,28-02-2024,2,17414,Cash,Carl Crosby,,Repeating Customer
S02377,CU1940,C0330,03-04-2025,3,37024,Cash,Michael Walter,,Loyal Customer
S02378,CU0353,C0402,18-06-2025,2,96461,Credit,Stacy Reynolds,,Repeating Customer
S02379,CU0267,C0338,05-09-2025,3,54371,Cash,Jeremy Hanson Jr.,,Loyal Customer
S02380,CU0139,C0082,24-05-2025,2,88333,Cash,Shawn Brooks,,Repeating Customer
S02381,CU0466,C0096,02-02-2025,3,55093,Credit,Eric Logan,,Loyal Customer
S02382,CU1236,C0008,23-06-2024,3,68410,Credit,Joseph Stone MD,,Loyal Customer
S02383,CU1130,C0357,24-11-2022,2,83490,Installment,Marc Nguyen,,Repeating Customer
S02384,CU1425,C0100,28-10-2024,2,30974,Cash,Joseph Peters,,Repeating Customer
S02385,CU1015,C0019,10-02-2023,3,64327,Cash,Dr. Rachel Barker MD,,Loyal Customer
S02386,CU1177,C0414,03-06-2023,2,27514,Credit,Adam Blevins,,Repeating Customer
S02387,CU1896,C0134,29-05-2024,2,91242,Credit,Jeffrey Barr,,Repeating Customer
S02388,CU1638,C0336,26-02-2024,3,74829,Cash,Ricky Martinez,,Loyal Customer
S02389,CU0113,C0102,11-05-2023,1,24372,Cash,Kathryn Lee,,New Customer
S02390,CU0344,C0192,16-06-2025,1,36425,Cash,Andrew Jones,,New Customer
S02391,CU0696,C0087,01-10-2024,3,79663,Installment,Billy Moore,,Loyal Customer
S02392,CU0589,C0096,17-08-2024,2,97151,Installment,Paul Boyer,,Repeating Customer
S02393,CU0260,C0449,17-06-2023,1,63029,Installment,Charles Thomas,,New Customer
S02394,CU0299,C0206,28-01-2024,1,93166,Cash,Richard Obrien,,New Customer
S02395,CU1814,C0482,14-02-2024,2,53499,Cash,Benjamin Smith,,Repeating Customer
S02396,CU1759,C0081,31-01-2024,2,25487,Credit,David Hicks,,Repeating Customer
S02397,CU0705,C0025,01-08-2025,3,60099,Cash,Travis Morgan,,Loyal Customer
S02398,CU0678,C0211,29-01-2023,2,51782,Cash,Jennifer Carter,,Repeating Customer
S02399,CU0217,C0400,22-03-2023,1,43662,Cash,Lindsay Rhodes,,New Customer
S02400,CU1165,C0475,03-07-2024,3,60201,Credit,Billy Smith,,Loyal Customer
S02401,CU1334,C0353,28-08-2025,1,27995,Installment,Ronald Lewis,,New Customer
S02402,CU0699,C0023,12-11-2022,1,21943,Cash,Angela Waters,,New Customer
S02403,CU1745,C0223,16-08-2023,1,18606,Cash,Jason Morris,,New Customer
S02404,CU0427,C0007,25-10-2023,1,49678,Credit,Samuel Foster,,New Customer
S02405,CU1165,C0315,08-11-2024,3,85172,Credit,Corey Garcia,,Loyal Customer
S02406,CU0091,C0051,21-05-2024,2,27317,Cash,Alison Saunders,,Repeating Customer
S02407,CU0903,C0326,24-07-2025,2,45682,Credit,Douglas Hughes,,Repeating Customer
S02408,CU1267,C0249,24-09-2025,3,22843,Credit,Darlene Williams,,Loyal Customer
S02409,CU0621,C0096,26-06-2023,3,81549,Cash,Raymond Campos,,Loyal Customer
S02410,CU0462,C0362,02-03-2024,1,15469,Installment,Mike Johnson,,New Customer
S02411,CU0839,C0038,28-08-2025,1,84819,Cash,Juan Townsend,,New Customer
S02412,CU0077,C0290,07-06-2024,1,66935,Installment,Joseph Brown,,New Customer
S02413,CU1511,C0152,04-04-2025,3,63437,Credit,Luis Thomas,,Loyal Customer
S02414,CU0432,C0027,12-06-2024,3,70952,Cash,Ryan Harvey,,Loyal Customer
S02415,CU0359,C0323,02-12-2024,1,43015,Installment,Kelly Evans,,New Customer
S02416,CU0567,C0297,11-09-2023,3,50922,Installment,Christine Dyer,,Loyal Customer
S02417,CU0834,C0235,03-04-2023,3,29270,Cash,Julie Ortega,,Loyal Customer
S02418,CU1341,C0091,11-07-2025,1,58912,Credit,Rebecca Castillo,,New Customer
S02419,CU0504,C0317,23-05-2025,1,19487,Cash,Misty Rodriguez,,New Customer
S02420,CU1158,C0479,30-06-2023,1,52744,Credit,Eric Steele,,New Customer
S02421,CU0854,C0341,23-11-2022,3,32368,Installment,April Martinez,,Loyal Customer
S02422,CU1884,C0278,30-06-2025,3,65431,Cash,Jonathan Smith,,Loyal Customer
S02423,CU0456,C0373,25-02-2025,1,57035,Credit,James Zuniga,,New Customer
S02424,CU0731,C0142,05-02-2024,3,25088,Credit,Manuel Brown,,Loyal Customer
S02425,CU1487,C0241,26-08-2025,2,35064,Credit,Brittany Berger,,Repeating Customer
S02426,CU1432,C0276,17-06-2024,2,88949,Cash,Laura Torres,,Repeating Customer
S02427,CU1829,C0224,01-10-2023,1,83577,Installment,Jonathan Anderson,,New Customer
S02428,CU1098,C0214,14-11-2022,2,46504,Credit,Tara Morrison,,Repeating Customer
S02429,CU0375,C0160,22-06-2024,2,53897,Cash,Shawn Herrera,,Repeating Customer
S02430,CU1454,C0102,25-02-2025,1,58218,Cash,John Pineda,,New Customer
S02431,CU0252,C0136,08-01-2024,2,83129,Credit,Dennis Benson,,Repeating Customer
S02432,CU1974,C0218,14-08-2024,2,64497,Cash,Eric Lowe,,Repeating Customer
S02433,CU1924,C0453,18-05-2024,3,75245,Cash,Jennifer Santiago,,Loyal Customer
S02434,CU0052,C0466,22-01-2025,3,42223,Installment,Michael Graves,,Loyal Customer
S02435,CU1537,C0339,05-02-2025,3,20349,Installment,Mrs. Kimberly Glover,,Loyal Customer
S02436,CU0129,C0196,14-07-2024,3,23123,Credit,Nathan Williams,,Loyal Customer
S02437,CU1336,C0061,15-11-2024,1,47387,Cash,James Kelly,,New Customer
S02438,CU0696,C0138,08-07-2024,2,18332,Cash,Caroline Fry,,Repeating Customer
S02439,CU0571,C0389,07-05-2024,1,58413,Cash,Michael Lewis,,New Customer
S02440,CU1900,C0273,14-01-2025,2,38897,Cash,Sara Jackson,,Repeating Customer
S02441,CU0604,C0464,27-11-2024,2,51137,Installment,Claudia Jackson,,Repeating Customer
S02442,CU1061,C0121,02-06-2025,2,98895,Cash,Tyler Wells,,Repeating Customer
S02443,CU0225,C0168,03-02-2023,3,75693,Credit,Michael Mccoy,,Loyal Customer
S02444,CU0056,C0249,04-02-2024,1,49764,Cash,Brett Fitzgerald,,New Customer
S02445,CU0832,C0284,15-08-2023,1,82979,Cash,Geoffrey Gay,,New Customer
S02446,CU0017,C0196,16-06-2024,3,86497,Installment,Alexander Dickerson,,Loyal Customer
S02447,CU0759,C0365,28-09-2023,1,86073,Installment,Benjamin Vincent,,New Customer
S02448,CU1583,C0109,02-05-2024,3,55579,Cash,Amanda Carter,,Loyal Customer
S02449,CU1260,C0365,08-04-2025,1,17771,Installment,Michelle Davies,,New Customer
S02450,CU0880,C0348,07-08-2023,3,96279,Cash,Kevin Mendoza,,Loyal Customer
S02451,CU1392,C0259,18-07-2024,3,19943,Credit,Christopher Wilson,,Loyal Customer
S02452,CU1848,C0297,08-08-2024,3,45093,Credit,Zachary Baker,,Loyal Customer
S02453,CU1836,C0436,13-12-2022,1,15347,Installment,Donna Brock,,New Customer
S02454,CU1506,C0042,20-08-2024,2,79306,Credit,Greg Choi,,Repeating Customer
S02455,CU0210,C0148,16-09-2024,3,96815,Credit,Megan Macdonald,,Loyal Customer
S02456,CU0105,C0378,12-08-2024,1,54140,Installment,Eric Richardson,,New Customer
S02457,CU0385,C0173,30-01-2025,2,43104,Credit,Joseph Hartman,,Repeating Customer
S02458,CU1439,C0332,03-12-2022,3,62834,Installment,Sherry Castro,,Loyal Customer
S02459,CU1741,C0458,20-02-2024,2,54213,Installment,Susan Nguyen,,Repeating Customer
S02460,CU1941,C0225,27-08-2025,2,38380,Cash,Erika Clark,,Repeating Customer
S02461,CU0834,C0340,12-07-2025,1,26867,Installment,Jessica Alexander,,New Customer
S02462,CU0861,C0053,03-02-2024,2,44910,Credit,Gerald Petersen,,Repeating Customer
S02463,CU0509,C0045,27-07-2025,2,18987,Cash,Andrew Shah,,Repeating Customer
S02464,CU1498,C0043,10-12-2023,2,36657,Installment,Carmen Carlson,,Repeating Customer
S02465,CU0226,C0005,28-05-2025,3,93426,Credit,Amber Scott,,Loyal Customer
S02466,CU1285,C0403,25-07-2024,2,34328,Cash,Angela Hall,,Repeating Customer
S02467,CU1585,C0495,26-11-2024,1,48034,Installment,Elizabeth Castillo,,New Customer
S02468,CU1025,C0065,30-11-2024,1,90670,Credit,Christopher Sherman,,New Customer
S02469,CU0718,C0152,19-06-2024,1,84717,Installment,Jessica Robinson,,New Customer
S02470,CU0601,C0190,22-03-2023,3,93366,Cash,Daniel Bryant,,Loyal Customer
S02471,CU0309,C0066,29-05-2025,1,92575,Credit,Michael Brown,,New Customer
S02472,CU0622,C0014,31-08-2025,1,34168,Cash,Sarah Lopez,,New Customer
S02473,CU1097,C0341,11-04-2024,2,54411,Cash,Cynthia Lara,,Repeating Customer
S02474,CU0450,C0446,21-07-2023,2,16475,Credit,Michael Brown,,Repeating Customer
S02475,CU0089,C0269,18-10-2023,2,79883,Installment,Julie Burgess,,Repeating Customer
S02476,CU1252,C0220,08-01-2023,1,61127,Credit,Johnny Parker,,New Customer
S02477,CU1632,C0419,01-07-2025,1,78981,Cash,Jerry Evans,,New Customer
S02478,CU1599,C0145,13-04-2023,1,51264,Cash,Donald Hunt,,New Customer
S02479,CU0127,C0345,12-06-2024,1,34592,Installment,David Mcintyre,,New Customer
S02480,CU0285,C0423,05-11-2024,1,34412,Cash,Alexander Johnson,,New Customer
S02481,CU1095,C0461,21-10-2025,2,98686,Credit,Patricia Jacobs,,Repeating Customer
S02482,CU0618,C0064,26-07-2024,3,42744,Credit,Blake Matthews,,Loyal Customer
S02483,CU1839,C0112,31-08-2025,1,21100,Cash,Douglas Anderson,,New Customer
S02484,CU0138,C0359,10-06-2024,2,20727,Credit,Natalie Dickerson,,Repeating Customer
S02485,CU1869,C0455,26-09-2025,3,25670,Cash,Susan Wong,,Loyal Customer
S02486,CU1700,C0231,25-05-2024,1,16133,Cash,Teresa Weaver,,New Customer
S02487,CU2000,C0069,20-03-2023,1,43793,Credit,Jennifer Hunt,,New Customer
S02488,CU1779,C0473,10-02-2024,1,34261,Installment,Patricia Kidd,,New Customer
S02489,CU1022,C0013,28-11-2023,1,16703,Cash,Allison Williams,,New Customer
S02490,CU1812,C0486,05-06-2023,3,50312,Cash,Timothy Sanchez,,Loyal Customer
S02491,CU0824,C0120,07-03-2023,1,79336,Installment,Jennifer Schneider,,New Customer
S02492,CU0620,C0136,21-02-2025,3,68739,Installment,Jesus Schmidt,,Loyal Customer
S02493,CU1382,C0263,13-09-2024,3,19719,Cash,Gloria Gardner,,Loyal Customer
S02494,CU0670,C0351,26-05-2023,1,52608,Cash,Mike Mathews,,New Customer
S02495,CU1593,C0179,09-08-2023,1,61963,Credit,Harold Edwards,,New Customer
S02496,CU1799,C0464,27-05-2023,2,23381,Installment,Austin Miller,,Repeating Customer
S02497,CU0471,C0220,23-05-2024,1,98020,Credit,Mary Mckenzie,,New Customer
S02498,CU0039,C0003,08-12-2023,2,38350,Credit,Joshua Sanders,,Repeating Customer
S02499,CU0014,C0322,10-11-2024,3,50236,Credit,Matthew Wilson,,Loyal Customer
S02500,CU1661,C0222,19-11-2022,1,82497,Credit,Edward Brooks,,New Customer
S02501,CU1225,C0494,26-02-2025,3,16413,Credit,Christine Smith,,Loyal Customer
S02502,CU1725,C0178,04-11-2024,1,95543,Cash,Paula Weaver,,New Customer
S02503,CU1601,C0336,13-07-2025,1,63573,Installment,Lindsay Walters,,New Customer
S02504,CU0412,C0074,09-12-2023,2,44194,Cash,Tristan Patterson,,Repeating Customer
S02505,CU1435,C0361,01-12-2023,2,83565,Credit,Grace Wyatt,,Repeating Customer
S02506,CU0883,C0092,14-11-2024,2,65526,Credit,Anthony Clark,,Repeating Customer
S02507,CU1577,C0297,16-06-2025,3,37214,Credit,Tina Hill,,Loyal Customer
S02508,CU1668,C0163,01-04-2025,2,41042,Cash,Julia Howard,,Repeating Customer
S02509,CU0615,C0264,01-12-2023,3,95027,Installment,Rebecca Conley,,Loyal Customer
S02510,CU1085,C0229,27-01-2024,3,32474,Installment,Erica Harvey,,Loyal Customer
S02511,CU0891,C0194,22-10-2025,1,90580,Cash,Jennifer Bernard,,New Customer
S02512,CU1380,C0391,15-10-2025,3,70164,Credit,Joshua Turner,,Loyal Customer
S02513,CU1677,C0314,28-02-2024,1,76679,Installment,Laura Sanchez,,New Customer
S02514,CU0565,C0069,10-10-2023,1,35603,Cash,Julie Gregory,,New Customer
S02515,CU0519,C0340,23-12-2023,3,69052,Credit,Elizabeth Schroeder,,Loyal Customer
S02516,CU1309,C0146,20-03-2025,1,36615,Cash,Donna Acevedo,,New Customer
S02517,CU1236,C0169,11-09-2024,3,99509,Credit,Jasmine Wilkerson,,Loyal Customer
S02518,CU0705,C0188,25-11-2023,3,85332,Credit,Craig Green,,Loyal Customer
S02519,CU1894,C0336,30-06-2024,1,23743,Credit,Laura Hoffman,,New Customer
S02520,CU1997,C0255,01-12-2023,3,93594,Credit,Rachel Christian,,Loyal Customer
S02521,CU0237,C0245,03-11-2023,3,68188,Cash,John Roberts,,Loyal Customer
S02522,CU1964,C0299,20-05-2023,1,32902,Installment,Emily Moran,,New Customer
S02523,CU1638,C0157,17-01-2023,3,18220,Credit,Shannon Huffman,,Loyal Customer
S02524,CU1858,C0398,13-09-2025,3,86465,Cash,Oscar Brown,,Loyal Customer
S02525,CU0248,C0234,17-07-2023,3,69589,Installment,Christine Ramirez,,Loyal Customer
S02526,CU0870,C0009,26-10-2025,2,80056,Installment,Caleb Lewis,,Repeating Customer
S02527,CU1687,C0475,20-09-2023,2,25252,Credit,Catherine Palmer,,Repeating Customer
S02528,CU0966,C0320,09-02-2023,3,32093,Installment,Sara Byrd,,Loyal Customer
S02529,CU1875,C0304,16-10-2024,2,61641,Credit,Jose Lowery MD,,Repeating Customer
S02530,CU0332,C0070,02-08-2025,1,93849,Installment,Cassandra Brown,,New Customer
S02531,CU1258,C0468,14-02-2025,3,93216,Installment,Robin Rowe,,Loyal Customer
S02532,CU1821,C0069,19-05-2025,1,32834,Cash,Brandon Huff,,New Customer
S02533,CU0333,C0374,15-10-2023,1,64390,Credit,Derek Guerrero,,New Customer
S02534,CU1400,C0333,29-11-2022,1,69495,Credit,Sherri Watson,,New Customer
S02535,CU0830,C0030,29-11-2023,2,19442,Installment,Stephen Wade,,Repeating Customer
S02536,CU1450,C0322,08-09-2025,2,65133,Cash,Kayla Thomas,,Repeating Customer
S02537,CU1439,C0038,30-12-2024,3,32444,Cash,Jeremy Kane,,Loyal Customer
S02538,CU0905,C0208,22-07-2023,1,95847,Cash,Lynn Reyes,,New Customer
S02539,CU0738,C0310,18-12-2023,2,85187,Credit,Michael Cook,,Repeating Customer
S02540,CU0315,C0270,23-11-2024,3,61269,Installment,Karen Lane,,Loyal Customer
S02541,CU0175,C0122,16-06-2024,3,99586,Cash,Jennifer Shaffer,,Loyal Customer
S02542,CU1130,C0070,02-12-2023,1,33226,Credit,William Parrish,,New Customer
S02543,CU1008,C0062,09-11-2023,1,98313,Installment,Christina Farrell,,New Customer
S02544,CU0480,C0277,30-12-2024,1,31395,Cash,Bryan Turner,,New Customer
S02545,CU1382,C0422,01-02-2023,2,97804,Installment,Timothy Price,,Repeating Customer
S02546,CU0694,C0188,20-03-2023,3,73685,Credit,Lauren Bush DDS,,Loyal Customer
S02547,CU0707,C0484,03-07-2023,2,94415,Credit,Bill Sullivan,,Repeating Customer
S02548,CU0356,C0443,15-05-2025,2,76292,Credit,Linda Baldwin,,Repeating Customer
S02549,CU0086,C0401,14-09-2025,2,88499,Cash,Paula Wells,,Repeating Customer
S02550,CU0974,C0173,02-02-2024,2,36040,Installment,Mark Velazquez,,Repeating Customer
S02551,CU1498,C0468,29-12-2023,2,93485,Installment,Michael Wilcox,,Repeating Customer
S02552,CU1978,C0285,06-06-2023,1,17079,Cash,Ellen Patel,,New Customer
S02553,CU1027,C0106,27-01-2024,1,41803,Credit,Katrina Johnson,,New Customer
S02554,CU1021,C0328,21-01-2024,2,42500,Installment,Brandon Erickson,,Repeating Customer
S02555,CU1552,C0354,20-12-2023,3,34358,Installment,Amanda Adams,,Loyal Customer
S02556,CU0023,C0201,07-12-2022,1,25014,Credit,Carol Castillo,,New Customer
S02557,CU0144,C0322,13-01-2024,2,16646,Installment,Tyler Contreras,,Repeating Customer
S02558,CU1049,C0492,20-09-2023,3,92600,Credit,Alex Trujillo,,Loyal Customer
S02559,CU1908,C0105,09-11-2023,3,18370,Installment,Jason Mcdaniel,,Loyal Customer
S02560,CU1333,C0193,27-06-2023,1,73237,Credit,Kristen Castillo,,New Customer
S02561,CU1166,C0285,06-05-2023,3,58767,Installment,Jennifer Robertson,,Loyal Customer
S02562,CU1969,C0342,01-08-2025,2,73905,Credit,Dylan Smith,,Repeating Customer
S02563,CU1285,C0062,04-07-2024,1,83726,Credit,Michael Horton,,New Customer
S02564,CU0283,C0378,05-08-2024,3,96664,Credit,Jesse Baker,,Loyal Customer
S02565,CU1847,C0379,30-06-2025,1,56563,Installment,Laura Coleman,,New Customer
S02566,CU0642,C0019,16-03-2024,1,43138,Cash,Lucas Thornton,,New Customer
S02567,CU1952,C0445,11-04-2023,2,52763,Credit,Herbert Taylor,,Repeating Customer
S02568,CU0858,C0111,12-04-2025,3,73931,Cash,Heidi Dixon,,Loyal Customer
S02569,CU0886,C0392,23-12-2022,1,27670,Cash,Trevor Klein,,New Customer
S02570,CU0062,C0030,10-09-2023,3,23423,Installment,Cynthia Davis,,Loyal Customer
S02571,CU1061,C0360,03-04-2023,1,72538,Cash,Miranda Herrera,,New Customer
S02572,CU0782,C0255,07-02-2024,3,76561,Credit,Stephen Navarro,,Loyal Customer
S02573,CU0982,C0081,03-07-2023,1,43381,Cash,Joel Pearson,,New Customer
S02574,CU1844,C0183,12-04-2024,3,17237,Installment,Connor Warner,,Loyal Customer
S02575,CU1794,C0346,23-01-2024,3,88688,Cash,Frank Phillips,,Loyal Customer
S02576,CU0332,C0233,03-01-2024,1,69449,Cash,Christina Zimmerman,,New Customer
S02577,CU0577,C0490,24-02-2024,3,86491,Cash,Michelle Thompson,,Loyal Customer
S02578,CU1084,C0399,23-07-2023,3,23441,Cash,Mark Blackwell,,Loyal Customer
S02579,CU1492,C0102,23-06-2023,3,69671,Cash,Jeffery Sullivan,,Loyal Customer
S02580,CU0626,C0334,17-12-2022,1,47531,Installment,Kayla Mueller,,New Customer
S02581,CU0556,C0027,16-02-2023,1,82719,Cash,David Alvarez,,New Customer
S02582,CU1870,C0258,30-10-2023,3,16807,Credit,Alexis Wilson,,Loyal Customer
S02583,CU1018,C0001,23-04-2023,2,94308,Cash,Shawn Baker,,Repeating Customer
S02584,CU1131,C0389,31-10-2024,1,64549,Cash,Albert Martinez,,New Customer
S02585,CU0455,C0147,22-08-2023,3,90612,Cash,Shawn Downs,,Loyal Customer
S02586,CU1177,C0459,12-07-2023,2,99657,Installment,Derek Davis,,Repeating Customer
S02587,CU1625,C0267,07-07-2024,1,29456,Cash,Melissa Reed,,New Customer
S02588,CU0506,C0095,08-07-2025,2,19954,Credit,Michelle Hess,,Repeating Customer
S02589,CU0873,C0256,23-06-2025,1,82788,Credit,Katherine Boyd,,New Customer
S02590,CU0334,C0029,29-04-2025,1,43604,Credit,Oscar Hart,,New Customer
S02591,CU1845,C0435,15-01-2023,3,29074,Credit,Angela Warner,,Loyal Customer
S02592,CU0207,C0063,08-06-2025,1,21931,Cash,Andrea Leon,,New Customer
S02593,CU1867,C0068,23-01-2023,3,74383,Credit,James Adams,,Loyal Customer
S02594,CU0806,C0436,16-05-2023,3,41217,Installment,Kathleen Hobbs,,Loyal Customer
S02595,CU1626,C0242,12-08-2023,1,40805,Cash,Jesse Chase,,New Customer
S02596,CU1241,C0488,11-11-2023,1,58026,Credit,David Snyder,,New Customer
S02597,CU1071,C0304,25-09-2024,3,76097,Cash,Misty Russo,,Loyal Customer
S02598,CU0011,C0449,22-10-2024,1,44072,Installment,Jonathan Fisher,,New Customer
S02599,CU1873,C0489,11-11-2024,2,57223,Installment,Linda Weaver,,Repeating Customer
S02600,CU1230,C0447,01-03-2025,2,25004,Installment,Jessica Poole,,Repeating Customer
S02601,CU0577,C0280,03-01-2023,1,50937,Installment,Joshua Brown,,New Customer
S02602,CU1489,C0475,31-07-2023,1,59691,Credit,Joseph Thornton,,New Customer
S02603,CU1204,C0259,12-06-2024,1,92363,Installment,Paula Coleman,,New Customer
S02604,CU0860,C0133,22-07-2024,3,27830,Credit,Jordan Poole,,Loyal Customer
S02605,CU1361,C0094,05-11-2023,1,95109,Credit,Joseph Gonzales,,New Customer
S02606,CU1588,C0041,18-08-2023,1,39218,Installment,Linda English,,New Customer
S02607,CU0043,C0194,17-11-2024,1,91096,Credit,Charles Cisneros,,New Customer
S02608,CU0069,C0126,22-09-2023,1,52441,Credit,Anthony Morales,,New Customer
S02609,CU1934,C0259,04-09-2025,2,82281,Installment,James Rogers,,Repeating Customer
S02610,CU0849,C0213,07-05-2023,2,37229,Credit,Joseph Quinn,,Repeating Customer
S02611,CU0087,C0171,23-05-2025,1,96320,Cash,Matthew Guerrero,,New Customer
S02612,CU0262,C0438,19-04-2023,2,65293,Cash,Matthew Reed,,Repeating Customer
S02613,CU1608,C0101,17-12-2024,2,45637,Credit,Heather Thomas,,Repeating Customer
S02614,CU0563,C0414,02-08-2025,3,91101,Installment,Rachael Sullivan,,Loyal Customer
S02615,CU1494,C0489,25-01-2023,2,68932,Installment,Carolyn Peterson,,Repeating Customer
S02616,CU0856,C0322,15-01-2025,1,62666,Cash,Kevin Clements,,New Customer
S02617,CU0776,C0411,03-12-2022,3,15994,Installment,Alexis Holt,,Loyal Customer
S02618,CU0168,C0007,22-06-2025,3,64986,Credit,Cynthia Parker,,Loyal Customer
S02619,CU1131,C0284,09-11-2023,3,45866,Credit,Margaret Logan,,Loyal Customer
S02620,CU0351,C0292,15-10-2025,1,59805,Cash,Mary Silva,,New Customer
S02621,CU0507,C0425,29-01-2024,1,46001,Credit,Jonathan Garcia,,New Customer
S02622,CU0249,C0406,30-12-2024,1,46053,Installment,Jeremy Barnes,,New Customer
S02623,CU1030,C0375,02-07-2023,1,64430,Cash,Stephanie Gates,,New Customer
S02624,CU0232,C0167,06-09-2024,1,65529,Installment,Robert Ross,,New Customer
S02625,CU0976,C0072,16-04-2025,2,18551,Cash,Edward Dunn,,Repeating Customer
S02626,CU1801,C0455,19-07-2023,2,48204,Cash,Timothy Hughes,,Repeating Customer
S02627,CU0829,C0371,13-09-2024,2,45163,Credit,Jonathan Serrano,,Repeating Customer
S02628,CU0196,C0064,04-03-2024,1,20668,Credit,David Nelson,,New Customer
S02629,CU1060,C0402,25-01-2023,1,77910,Cash,Candace Pitts,,New Customer
S02630,CU1800,C0407,14-02-2023,2,24587,Installment,Raymond Smith,,Repeating Customer
S02631,CU1552,C0405,03-07-2025,1,69324,Cash,Lindsay Hernandez,,New Customer
S02632,CU1255,C0121,02-09-2023,3,40737,Credit,Kyle Arnold,,Loyal Customer
S02633,CU1369,C0497,13-03-2023,1,95260,Cash,Dr. Shelia Barnett,,New Customer
S02634,CU1842,C0417,16-07-2025,3,68824,Cash,Christina Shaw,,Loyal Customer
S02635,CU1452,C0380,22-07-2025,1,61719,Cash,Laura Williams,,New Customer
S02636,CU1308,C0486,15-06-2025,2,63657,Credit,Cassidy Ferguson,,Repeating Customer
S02637,CU0006,C0338,23-05-2025,1,94819,Installment,Robin Reyes,,New Customer
S02638,CU0621,C0147,24-12-2022,2,86997,Cash,Kaitlyn Moore,,Repeating Customer
S02639,CU1693,C0069,17-04-2025,3,99955,Credit,Roy Reed,,Loyal Customer
S02640,CU0014,C0393,11-02-2025,3,34869,Installment,John Mcneil,,Loyal Customer
S02641,CU0389,C0275,20-11-2023,1,19535,Cash,Susan Roberts,,New Customer
S02642,CU1138,C0205,14-08-2024,3,34062,Cash,Patricia Waters,,Loyal Customer
S02643,CU0098,C0500,07-01-2023,3,61407,Credit,Melanie Nguyen,,Loyal Customer
S02644,CU1995,C0438,21-01-2023,1,35800,Installment,Kevin Vaughn,,New Customer
S02645,CU1405,C0290,14-02-2025,1,89047,Installment,Diane Martin,,New Customer
S02646,CU1755,C0265,23-06-2023,3,92781,Installment,Leslie Velasquez,,Loyal Customer
S02647,CU1924,C0294,10-02-2023,3,39862,Cash,Stephanie Wilson,,Loyal Customer
S02648,CU1545,C0158,13-05-2025,2,99207,Cash,Deborah Guzman,,Repeating Customer
S02649,CU0476,C0108,15-11-2022,2,91003,Credit,Miranda Foster,,Repeating Customer
S02650,CU1755,C0268,02-12-2023,2,86377,Credit,James Jones,,Repeating Customer
S02651,CU0912,C0005,11-11-2023,1,33696,Installment,Xavier Silva,,New Customer
S02652,CU0829,C0361,29-07-2023,3,71775,Credit,John Hall,,Loyal Customer
S02653,CU0242,C0307,07-04-2025,3,98662,Installment,Stephanie Nixon,,Loyal Customer
S02654,CU1815,C0465,25-07-2023,1,29389,Cash,Nicholas Russell,,New Customer
S02655,CU0113,C0210,22-05-2023,3,31829,Credit,Richard Miller,,Loyal Customer
S02656,CU1547,C0418,26-05-2023,2,17181,Cash,Nicholas Warren,,Repeating Customer
S02657,CU0984,C0478,13-03-2024,1,22149,Installment,Carl Vasquez,,New Customer
S02658,CU1276,C0446,27-10-2023,3,86440,Installment,Cody Moran,,Loyal Customer
S02659,CU0430,C0247,06-12-2023,2,86065,Credit,Charles Silva,,Repeating Customer
S02660,CU0451,C0249,18-03-2023,3,90708,Credit,Anthony Wilson,,Loyal Customer
S02661,CU1634,C0187,01-04-2025,2,70212,Installment,Diane Smith,,Repeating Customer
S02662,CU0444,C0347,17-03-2023,1,46745,Installment,Thomas Davis,,New Customer
S02663,CU0491,C0005,31-07-2024,3,38812,Installment,Robert Adams,,Loyal Customer
S02664,CU1202,C0258,23-12-2024,2,52052,Cash,John Young,,Repeating Customer
S02665,CU1461,C0246,15-03-2024,1,34400,Credit,James Perkins,,New Customer
S02666,CU1980,C0061,20-05-2025,3,41288,Installment,Jesse Friedman,,Loyal Customer
S02667,CU1921,C0409,27-08-2023,2,85016,Cash,Kevin Gonzales,,Repeating Customer
S02668,CU0409,C0103,12-07-2023,1,75438,Installment,Ryan Wise,,New Customer
S02669,CU1419,C0083,22-05-2024,3,53700,Installment,Paul Nguyen,,Loyal Customer
S02670,CU1462,C0026,25-01-2023,2,61323,Installment,Clinton Aguirre,,Repeating Customer
S02671,CU0738,C0159,23-11-2023,2,47645,Installment,Jill Olson,,Repeating Customer
S02672,CU1384,C0319,16-06-2023,3,22736,Installment,Erica Martinez,,Loyal Customer
S02673,CU0612,C0244,01-08-2024,2,79766,Installment,Daniel Harmon,,Repeating Customer
S02674,CU1637,C0258,21-03-2025,2,91695,Installment,David Brandt,,Repeating Customer
S02675,CU1084,C0068,25-06-2023,3,35016,Installment,Corey Reid DVM,,Loyal Customer
S02676,CU1272,C0421,12-01-2023,1,22088,Credit,Latoya Dodson,,New Customer
S02677,CU0776,C0426,20-05-2023,2,18445,Cash,Luis Campbell,,Repeating Customer
S02678,CU1389,C0410,02-05-2024,2,81618,Credit,Katherine Alvarado,,Repeating Customer
S02679,CU0909,C0385,13-10-2025,1,80060,Installment,Sarah Ortiz,,New Customer
S02680,CU1677,C0012,10-02-2024,2,27139,Installment,William Mclaughlin,,Repeating Customer
S02681,CU0755,C0439,24-04-2024,1,52823,Credit,Jennifer Larsen,,New Customer
S02682,CU1400,C0039,20-01-2024,1,47709,Credit,Amy Long,,New Customer
S02683,CU1428,C0329,10-11-2024,3,85468,Installment,Kathryn Fowler,,Loyal Customer
S02684,CU1499,C0390,13-11-2023,2,37377,Cash,Cameron Anthony,,Repeating Customer
S02685,CU0573,C0347,27-01-2023,3,71211,Cash,Mrs. Emily Wood MD,,Loyal Customer
S02686,CU0532,C0415,19-10-2024,2,68684,Installment,David Tate,,Repeating Customer
S02687,CU1266,C0018,20-04-2023,2,74664,Installment,John Wu,,Repeating Customer
S02688,CU1289,C0469,18-12-2023,2,92425,Credit,Kenneth Hunter,,Repeating Customer
S02689,CU0783,C0227,30-12-2022,2,89439,Installment,Richard Hill,,Repeating Customer
S02690,CU0901,C0441,02-04-2024,1,87295,Installment,Charles Richardson,,New Customer
S02691,CU1687,C0220,29-12-2024,2,54977,Cash,Mark Prince,,Repeating Customer
S02692,CU1822,C0356,13-05-2024,2,71625,Cash,Thomas Turner,,Repeating Customer
S02693,CU1751,C0198,10-02-2024,3,33718,Credit,Anthony Williams,,Loyal Customer
S02694,CU1347,C0226,06-07-2025,1,28216,Cash,Shelly Mclaughlin,,New Customer
S02695,CU1486,C0462,29-02-2024,1,77990,Cash,Derek Jenkins,,New Customer
S02696,CU0801,C0024,06-09-2023,3,75437,Credit,Laura Gomez,,Loyal Customer
S02697,CU0943,C0441,04-09-2023,2,54246,Credit,James Howard,,Repeating Customer
S02698,CU1613,C0047,09-04-2023,2,27677,Installment,Tyler Weaver,,Repeating Customer
S02699,CU1653,C0273,17-02-2025,3,94298,Cash,John Fox,,Loyal Customer
S02700,CU1668,C0368,28-04-2025,3,85983,Cash,Christine Beltran,,Loyal Customer
S02701,CU1831,C0444,09-03-2025,3,30421,Cash,Curtis Porter,,Loyal Customer
S02702,CU0694,C0003,22-02-2025,1,77602,Installment,Terry Jones,,New Customer
S02703,CU1490,C0382,16-06-2023,3,66128,Credit,Denise Meyer,,Loyal Customer
S02704,CU0637,C0192,18-05-2025,1,94871,Cash,Rebecca Gomez,,New Customer
S02705,CU0309,C0391,16-06-2024,2,26033,Installment,James Humphrey,,Repeating Customer
S02706,CU1994,C0482,09-03-2024,1,30963,Cash,Travis Holder,,New Customer
S02707,CU0408,C0258,05-11-2022,3,99684,Cash,Pamela Pace,,Loyal Customer
S02708,CU1276,C0281,07-01-2025,2,73938,Cash,Kevin Kelley,,Repeating Customer
S02709,CU0416,C0013,17-03-2025,2,16684,Installment,Denise Ware,,Repeating Customer
S02710,CU1522,C0473,09-07-2024,3,76020,Cash,Yvette Shelton,,Loyal Customer
S02711,CU1870,C0039,27-07-2023,1,25715,Cash,Alexandria Bush,,New Customer
S02712,CU1465,C0219,19-08-2024,3,46400,Cash,Brooke Hawkins,,Loyal Customer
S02713,CU0438,C0446,03-09-2023,2,86692,Cash,Leslie Owens,,Repeating Customer
S02714,CU0150,C0194,18-10-2024,2,85223,Installment,Ashley Hopkins,,Repeating Customer
S02715,CU0486,C0281,04-03-2025,2,42692,Installment,Alvin Wilson,,Repeating Customer
S02716,CU0649,C0123,06-10-2025,1,56886,Cash,Mary Chambers,,New Customer
S02717,CU1087,C0108,07-04-2025,2,72496,Cash,Glenn Robinson Jr.,,Repeating Customer
S02718,CU0676,C0250,30-12-2023,3,92518,Installment,Lee Turner,,Loyal Customer
S02719,CU1473,C0145,14-09-2023,2,20853,Credit,Michael Powers,,Repeating Customer
S02720,CU0227,C0491,26-03-2025,2,38293,Credit,David Solis,,Repeating Customer
S02721,CU0869,C0177,10-10-2024,1,78858,Cash,Natalie Smith,,New Customer
S02722,CU0488,C0253,23-06-2024,3,35575,Installment,Hannah Frank,,Loyal Customer
S02723,CU0104,C0226,16-03-2024,1,25700,Installment,Ryan Haas,,New Customer
S02724,CU1680,C0384,04-09-2024,1,42675,Installment,Jason Montgomery,,New Customer
S02725,CU1820,C0496,10-12-2022,2,50243,Cash,Jennifer May,,Repeating Customer
S02726,CU1068,C0365,25-03-2023,2,70149,Installment,Jackie Mcdonald,,Repeating Customer
S02727,CU1688,C0432,29-05-2024,3,32916,Installment,Patrick Murillo,,Loyal Customer
S02728,CU1731,C0033,14-07-2024,1,25922,Installment,Andrew Phillips,,New Customer
S02729,CU0920,C0195,21-06-2024,3,66411,Credit,Crystal Hernandez,,Loyal Customer
S02730,CU0931,C0330,10-06-2025,3,75922,Credit,Kendra Cook,,Loyal Customer
S02731,CU0208,C0287,18-02-2025,1,41418,Credit,Casey Evans,,New Customer
S02732,CU0449,C0030,13-09-2024,3,18971,Installment,Matthew Hoffman,,Loyal Customer
S02733,CU1198,C0435,26-12-2022,1,94979,Credit,Mark Clarke,,New Customer
S02734,CU1872,C0435,13-05-2023,3,52448,Credit,Robert Johnson,,Loyal Customer
S02735,CU1769,C0460,04-07-2024,3,92971,Cash,Mark Wise,,Loyal Customer
S02736,CU1842,C0006,23-09-2023,2,56156,Installment,Mathew Love,,Repeating Customer
S02737,CU1496,C0136,05-08-2023,3,25157,Credit,Marie Wilson,,Loyal Customer
S02738,CU0691,C0319,05-10-2023,3,62875,Installment,Daniel Gilbert,,Loyal Customer
S02739,CU1675,C0388,24-10-2024,1,85290,Installment,Walter Lee,,New Customer
S02740,CU0473,C0036,09-05-2024,3,21094,Installment,Brittney Wagner,,Loyal Customer
S02741,CU1469,C0127,08-05-2024,3,48973,Credit,Kyle Valencia,,Loyal Customer
S02742,CU1528,C0071,03-05-2025,1,76390,Credit,Alexander Singh,,New Customer
S02743,CU1452,C0155,28-11-2023,3,57002,Credit,Melissa Briggs,,Loyal Customer
S02744,CU0865,C0388,22-06-2024,2,30574,Credit,Shannon Peck,,Repeating Customer
S02745,CU1539,C0377,26-01-2025,3,58383,Cash,Katie Hawkins,,Loyal Customer
S02746,CU0529,C0331,31-05-2025,2,49592,Cash,James Robinson,,Repeating Customer
S02747,CU1253,C0408,01-11-2022,2,27182,Cash,Donna Barnes,,Repeating Customer
S02748,CU1138,C0128,21-07-2025,1,77407,Installment,Christopher Ballard,,New Customer
S02749,CU1064,C0104,03-07-2024,1,68428,Credit,Richard Wilson,,New Customer
S02750,CU0372,C0064,17-02-2023,3,21036,Cash,Melissa Davis,,Loyal Customer
S02751,CU0975,C0034,08-12-2022,3,53200,Installment,Timothy Dillon,,Loyal Customer
S02752,CU1196,C0118,19-11-2022,2,54984,Installment,Christopher Bryant,,Repeating Customer
S02753,CU0766,C0413,22-01-2025,3,93405,Credit,Keith Myers,,Loyal Customer
S02754,CU1544,C0192,27-07-2025,3,59714,Cash,Ray Meyer,,Loyal Customer
S02755,CU0137,C0406,08-05-2025,3,37113,Cash,Rachel Cummings,,Loyal Customer
S02756,CU1908,C0083,25-08-2025,3,15676,Installment,Anna Reed,,Loyal Customer
S02757,CU1799,C0177,01-04-2023,3,54061,Credit,Tabitha Cantu,,Loyal Customer
S02758,CU0969,C0265,20-08-2025,2,70979,Installment,Barbara Bailey DDS,,Repeating Customer
S02759,CU1216,C0198,23-10-2024,2,64654,Installment,Linda Fernandez,,Repeating Customer
S02760,CU1656,C0083,30-01-2024,2,39144,Cash,Jason Davis,,Repeating Customer
S02761,CU1694,C0454,08-10-2024,2,85051,Installment,Craig Kirk,,Repeating Customer
S02762,CU0557,C0345,07-06-2023,2,41470,Cash,Patricia Garcia,,Repeating Customer
S02763,CU1549,C0486,22-03-2023,1,85722,Cash,Leslie Gross,,New Customer
S02764,CU0928,C0430,22-05-2024,3,29484,Credit,Christine Jones,,Loyal Customer
S02765,CU0811,C0262,27-07-2025,1,43121,Credit,Stephanie Mitchell,,New Customer
S02766,CU1126,C0288,13-03-2024,2,81498,Credit,Nicholas Wilson,,Repeating Customer
S02767,CU1232,C0133,22-03-2024,2,49746,Credit,Angela Higgins,,Repeating Customer
S02768,CU0778,C0236,11-11-2024,1,79631,Credit,Jose Rodriguez,,New Customer
S02769,CU1864,C0431,12-10-2025,1,65618,Installment,Brian Blake,,New Customer
S02770,CU0524,C0304,09-04-2023,2,37929,Installment,Karen Jackson,,Repeating Customer
S02771,CU1650,C0051,03-05-2023,2,41824,Credit,Peter Taylor,,Repeating Customer
S02772,CU1973,C0068,28-11-2022,3,88414,Installment,Kimberly Barber,,Loyal Customer
S02773,CU1007,C0201,08-01-2024,2,56861,Installment,Monica Coffey,,Repeating Customer
S02774,CU0913,C0076,03-07-2025,1,41402,Installment,Linda Wilson,,New Customer
S02775,CU0861,C0261,21-04-2025,2,76673,Cash,Marcus Henry,,Repeating Customer
S02776,CU0675,C0203,16-12-2022,2,49865,Credit,Greg Alvarado,,Repeating Customer
S02777,CU0352,C0132,07-03-2023,1,32576,Installment,Rachel Hamilton,,New Customer
S02778,CU1997,C0188,09-09-2023,1,80235,Credit,Julia Armstrong,,New Customer
S02779,CU1431,C0105,08-09-2023,3,82058,Installment,Gregory Craig,,Loyal Customer
S02780,CU0518,C0232,18-04-2024,1,51690,Installment,Taylor Gibbs,,New Customer
S02781,CU0924,C0346,11-09-2024,2,43462,Installment,Brittany Castillo,,Repeating Customer
S02782,CU0786,C0046,28-12-2023,2,22848,Installment,Melissa Alvarado,,Repeating Customer
S02783,CU1948,C0470,11-01-2025,2,91690,Installment,Gordon Smith,,Repeating Customer
S02784,CU1061,C0208,17-01-2024,3,48971,Cash,Ms. Kayla Ball,,Loyal Customer
S02785,CU1388,C0023,20-05-2025,2,57484,Credit,Nathan Mcbride,,Repeating Customer
S02786,CU0690,C0344,28-01-2025,1,20555,Installment,Jose Gonzalez,,New Customer
S02787,CU0756,C0293,21-10-2025,3,68450,Credit,Renee Schneider,,Loyal Customer
S02788,CU1134,C0320,02-11-2023,3,45105,Credit,Tara Johnson,,Loyal Customer
S02789,CU0778,C0039,13-11-2022,2,49197,Credit,Valerie Tran,,Repeating Customer
S02790,CU1518,C0142,03-11-2024,1,63605,Cash,Daniel Rocha,,New Customer
S02791,CU0610,C0455,25-01-2024,1,93643,Cash,Theresa Richards,,New Customer
S02792,CU0194,C0062,29-02-2024,3,81930,Installment,Kathy Harmon,,Loyal Customer
S02793,CU1994,C0259,18-12-2022,1,66279,Cash,Gabriel Walls,,New Customer
S02794,CU1519,C0117,27-11-2023,3,79290,Credit,Andrew Montgomery,,Loyal Customer
S02795,CU1432,C0408,20-05-2024,3,47526,Installment,Melissa Nunez,,Loyal Customer
S02796,CU0470,C0458,07-11-2024,1,54178,Installment,John Olson,,New Customer
S02797,CU0975,C0121,23-10-2025,2,59604,Installment,Renee Macdonald,,Repeating Customer
S02798,CU0197,C0212,13-03-2025,2,86901,Cash,Victor Tapia,,Repeating Customer
S02799,CU0825,C0241,12-03-2024,1,83531,Installment,Dr. Christopher Kim,,New Customer
S02800,CU1560,C0021,22-07-2025,1,68725,Installment,Haley Simon,,New Customer
S02801,CU1495,C0118,23-08-2023,2,57543,Credit,Jerry Sanchez,,Repeating Customer
S02802,CU1410,C0193,30-12-2024,2,26819,Installment,Donna Estrada,,Repeating Customer
S02803,CU0428,C0482,12-02-2024,2,39626,Installment,Lisa Martin,,Repeating Customer
S02804,CU0620,C0316,09-03-2024,1,56049,Cash,Andrea Bowers,,New Customer
S02805,CU1039,C0476,18-10-2024,3,45702,Credit,Cynthia Newton,,Loyal Customer
S02806,CU0150,C0381,28-11-2024,2,48570,Cash,Tracy Jackson,,Repeating Customer
S02807,CU0728,C0439,04-05-2025,1,90841,Credit,Ann Jones DDS,,New Customer
S02808,CU1037,C0393,03-08-2025,2,79646,Credit,Jorge Nelson,,Repeating Customer
S02809,CU0979,C0207,25-12-2023,1,40674,Cash,Michael Bates,,New Customer
S02810,CU0954,C0102,15-09-2023,3,30492,Cash,Travis Davis,,Loyal Customer
S02811,CU1718,C0369,05-02-2025,3,43715,Credit,Julie King,,Loyal Customer
S02812,CU0659,C0275,20-02-2025,2,36656,Cash,Daniel Murphy,,Repeating Customer
S02813,CU1138,C0113,03-06-2023,2,51831,Installment,Eric Ruiz,,Repeating Customer
S02814,CU0333,C0321,23-03-2024,3,38318,Installment,Christine Mccoy,,Loyal Customer
S02815,CU1508,C0483,01-04-2025,3,87210,Cash,Michelle Hall,,Loyal Customer
S02816,CU1101,C0291,14-08-2025,1,37706,Credit,Debra Brady,,New Customer
S02817,CU1073,C0170,22-10-2024,1,39312,Cash,Lynn Cain,,New Customer
S02818,CU1043,C0115,23-07-2024,1,79634,Installment,Grace Spencer,,New Customer
S02819,CU1384,C0293,22-05-2024,1,73048,Installment,Julie Young,,New Customer
S02820,CU1845,C0302,30-01-2025,2,21020,Cash,Crystal Newman,,Repeating Customer
S02821,CU1063,C0411,09-03-2025,1,86984,Credit,Judy Vaughn,,New Customer
S02822,CU1329,C0086,14-06-2023,2,22593,Credit,Timothy Blankenship,,Repeating Customer
S02823,CU1809,C0217,17-07-2025,2,20407,Cash,Amanda Bauer PhD,,Repeating Customer
S02824,CU1157,C0147,22-01-2024,1,46229,Credit,Nancy Cobb,,New Customer
S02825,CU1550,C0321,05-08-2023,3,46894,Cash,Michael Thompson,,Loyal Customer
S02826,CU1928,C0271,25-06-2023,1,56782,Cash,Rebecca Stevens,,New Customer
S02827,CU1354,C0066,12-07-2025,2,15352,Credit,Victoria Ross,,Repeating Customer
S02828,CU0176,C0269,23-12-2023,1,54082,Installment,Alyssa Gonzalez,,New Customer
S02829,CU0165,C0301,23-09-2025,2,96501,Installment,Aaron Schultz,,Repeating Customer
S02830,CU0228,C0411,21-06-2024,1,75026,Credit,Cory Travis,,New Customer
S02831,CU1046,C0400,15-09-2024,1,28058,Installment,Lee Sanchez,,New Customer
S02832,CU0604,C0306,17-10-2024,1,33625,Cash,Nicholas Miller,,New Customer
S02833,CU0615,C0378,10-07-2024,1,15000,Cash,Samuel Cook,,New Customer
S02834,CU0766,C0167,16-08-2024,3,42438,Cash,Kaitlyn Perez,,Loyal Customer
S02835,CU0052,C0206,02-03-2024,1,54840,Installment,Warren Fisher,,New Customer
S02836,CU0900,C0058,04-05-2025,3,66592,Installment,Kara Floyd,,Loyal Customer
S02837,CU0873,C0326,07-11-2023,2,61400,Cash,Patrick Osborn,,Repeating Customer
S02838,CU1067,C0073,20-07-2024,1,55028,Installment,Andrea Moore,,New Customer
S02839,CU0913,C0490,19-10-2023,1,16882,Installment,Angela Wilson,,New Customer
S02840,CU1845,C0084,26-12-2024,2,68729,Installment,Joshua Pitts,,Repeating Customer
S02841,CU1724,C0057,02-12-2023,1,41177,Installment,Patricia Burns,,New Customer
S02842,CU1978,C0436,05-04-2025,2,38828,Installment,Jordan Chavez,,Repeating Customer
S02843,CU1077,C0302,26-04-2025,1,19581,Cash,Michelle Shaw,,New Customer
S02844,CU1635,C0222,16-08-2025,1,72444,Cash,John Williams,,New Customer
S02845,CU1920,C0190,23-01-2023,3,53100,Credit,Megan Strong,,Loyal Customer
S02846,CU0857,C0360,30-12-2022,2,72308,Credit,Jillian Bauer,,Repeating Customer
S02847,CU1693,C0168,16-03-2023,1,76737,Installment,Erika Burns,,New Customer
S02848,CU1956,C0038,10-07-2023,2,90984,Cash,Brianna Duffy,,Repeating Customer
S02849,CU0780,C0318,03-03-2024,3,93872,Credit,Joanna Butler,,Loyal Customer
S02850,CU1044,C0450,08-01-2023,3,72767,Credit,Christopher Richardson,,Loyal Customer
S02851,CU1513,C0189,03-09-2023,1,81301,Cash,Kristen Hernandez,,New Customer
S02852,CU1267,C0166,06-06-2023,1,93226,Credit,Renee Perez,,New Customer
S02853,CU1329,C0060,30-12-2023,1,39807,Credit,Amanda Duran,,New Customer
S02854,CU1742,C0012,12-06-2025,2,85038,Cash,Nancy Sanchez,,Repeating Customer
S02855,CU1467,C0346,19-04-2023,2,89579,Credit,Stephanie Fuller,,Repeating Customer
S02856,CU0883,C0062,12-04-2024,1,46639,Cash,Stephen Richards,,New Customer
S02857,CU1722,C0125,07-04-2025,3,57758,Cash,Dawn Ford,,Loyal Customer
S02858,CU1155,C0497,15-01-2023,1,55649,Installment,Edward Lopez,,New Customer
S02859,CU1041,C0246,11-06-2023,2,20422,Cash,James Diaz,,Repeating Customer
S02860,CU0586,C0066,29-10-2025,1,38677,Cash,Eric Byrd,,New Customer
S02861,CU0664,C0478,13-03-2023,2,20151,Installment,Stephanie Alexander,,Repeating Customer
S02862,CU0138,C0286,27-05-2024,2,56735,Credit,Walter Jennings,,Repeating Customer
S02863,CU0839,C0491,20-01-2025,2,60277,Credit,Terry Martinez,,Repeating Customer
S02864,CU1784,C0147,11-01-2024,3,91991,Cash,Michael Olson,,Loyal Customer
S02865,CU0039,C0446,02-11-2023,2,84886,Cash,Jason White,,Repeating Customer
S02866,CU0725,C0359,22-02-2023,1,64396,Cash,Anthony Gonzalez,,New Customer
S02867,CU1375,C0012,13-04-2025,1,17221,Credit,Nicole Gonzalez,,New Customer
S02868,CU1219,C0061,11-11-2024,3,59855,Credit,William Bruce,,Loyal Customer
S02869,CU1246,C0029,29-08-2025,1,28905,Credit,Mike Hurley,,New Customer
S02870,CU1398,C0482,09-08-2024,1,75082,Cash,Victoria Combs,,New Customer
S02871,CU0851,C0203,28-08-2025,2,98616,Credit,Danielle Brooks,,Repeating Customer
S02872,CU1711,C0270,02-12-2023,1,41768,Installment,Brandon Rice,,New Customer
S02873,CU1728,C0072,31-12-2023,1,56642,Cash,Leslie Holmes,,New Customer
S02874,CU1422,C0005,13-04-2023,3,25394,Cash,Marie Pineda,,Loyal Customer
S02875,CU1969,C0109,24-11-2022,2,66906,Cash,Amanda Fischer,,Repeating Customer
S02876,CU1093,C0300,07-12-2023,2,63142,Credit,Darren Jackson,,Repeating Customer
S02877,CU1368,C0178,16-09-2023,2,32534,Credit,Mr. Adam Wall,,Repeating Customer
S02878,CU0367,C0257,11-04-2023,2,83793,Cash,Sara Hernandez,,Repeating Customer
S02879,CU0615,C0183,11-05-2024,2,98449,Credit,Jack Fox,,Repeating Customer
S02880,CU1615,C0251,17-03-2023,3,26054,Cash,Kristin Moreno,,Loyal Customer
S02881,CU1833,C0189,25-06-2023,1,76382,Credit,Sandra Lee,,New Customer
S02882,CU1927,C0328,04-08-2023,3,86349,Credit,Jamie Cummings,,Loyal Customer
S02883,CU0972,C0030,29-09-2024,3,94601,Credit,Corey Braun,,Loyal Customer
S02884,CU1371,C0124,21-08-2024,3,99623,Cash,Brooke Herring MD,,Loyal Customer
S02885,CU0134,C0124,01-09-2025,2,67987,Cash,Joshua Davis,,Repeating Customer
S02886,CU0279,C0045,25-08-2023,1,94923,Cash,Amanda Coleman,,New Customer
S02887,CU0072,C0487,09-10-2025,1,34842,Installment,Nicholas Thomas,,New Customer
S02888,CU1225,C0005,05-06-2025,2,44182,Credit,Lindsey Sanchez,,Repeating Customer
S02889,CU0054,C0004,28-04-2025,2,35343,Credit,Keith Torres,,Repeating Customer
S02890,CU0528,C0428,10-03-2023,3,51977,Installment,Barbara Patterson,,Loyal Customer
S02891,CU0161,C0009,05-03-2024,3,75385,Installment,Thomas Clark,,Loyal Customer
S02892,CU1008,C0049,05-12-2024,3,36503,Installment,Monique Barrett,,Loyal Customer
S02893,CU1994,C0157,05-06-2024,1,54322,Installment,Jeanne Hogan,,New Customer
S02894,CU1413,C0081,03-01-2023,1,62547,Installment,Kerri Finley,,New Customer
S02895,CU1211,C0333,12-02-2024,2,68980,Installment,Linda Gardner,,Repeating Customer
S02896,CU0539,C0009,29-01-2023,2,54621,Credit,Mary Rodriguez,,Repeating Customer
S02897,CU0009,C0066,24-04-2024,2,20626,Cash,David Rogers,,Repeating Customer
S02898,CU1775,C0256,05-09-2025,2,50439,Cash,Kyle Hogan,,Repeating Customer
S02899,CU1287,C0243,14-06-2025,1,79273,Cash,John Sullivan,,New Customer
S02900,CU0691,C0259,19-06-2023,2,45661,Cash,Dawn Thomas,,Repeating Customer
S02901,CU0573,C0329,31-10-2022,1,15048,Cash,Patrick Barrett,,New Customer
S02902,CU0228,C0450,18-03-2023,2,98648,Cash,Heather Gardner,,Repeating Customer
S02903,CU1678,C0485,31-10-2024,1,69373,Credit,Aaron Pennington,,New Customer
S02904,CU1005,C0446,06-03-2023,2,40146,Credit,Mark Mcclure,,Repeating Customer
S02905,CU0882,C0015,17-11-2023,2,52980,Credit,Mary Bush,,Repeating Customer
S02906,CU0104,C0125,26-10-2023,3,74792,Credit,Tammy Snyder,,Loyal Customer
S02907,CU1930,C0289,03-07-2025,2,65436,Cash,Sarah Le,,Repeating Customer
S02908,CU1701,C0084,09-06-2024,2,29693,Credit,Darrell Berry,,Repeating Customer
S02909,CU0883,C0460,08-03-2023,1,95772,Installment,Darrell Jackson,,New Customer
S02910,CU1365,C0258,20-10-2023,1,73364,Installment,Ashley Singh,,New Customer
S02911,CU1485,C0445,21-05-2024,3,52659,Cash,Jessica Beasley,,Loyal Customer
S02912,CU1594,C0257,06-02-2023,3,91939,Cash,Raymond Thomas,,Loyal Customer
S02913,CU0755,C0421,12-08-2023,1,37487,Cash,Anthony Miller,,New Customer
S02914,CU1912,C0380,16-11-2022,3,43001,Installment,Sierra Gibson,,Loyal Customer
S02915,CU1030,C0300,10-06-2025,1,41866,Installment,Brandon Haney,,New Customer
S02916,CU0288,C0469,04-05-2023,1,62912,Installment,George Mitchell,,New Customer
S02917,CU1541,C0176,29-04-2024,3,94848,Credit,Patricia Allen,,Loyal Customer
S02918,CU0540,C0257,24-09-2024,2,21300,Installment,David Trevino,,Repeating Customer
S02919,CU1400,C0273,12-12-2023,1,43850,Cash,Hannah Sanchez,,New Customer
S02920,CU1279,C0419,29-08-2024,2,70342,Cash,Thomas Bartlett,,Repeating Customer
S02921,CU1708,C0182,10-01-2025,1,33649,Installment,Frank Willis,,New Customer
S02922,CU0362,C0121,24-09-2023,1,83793,Installment,Andrew Fox,,New Customer
S02923,CU0774,C0274,29-11-2023,1,32005,Cash,Travis Mcdonald,,New Customer
S02924,CU0804,C0252,11-09-2024,1,79170,Cash,Gary Scott,,New Customer
S02925,CU0305,C0391,27-05-2024,1,87670,Installment,David Palmer,,New Customer
S02926,CU1334,C0360,15-10-2023,2,18517,Installment,Nicholas Anderson,,Repeating Customer
S02927,CU0422,C0498,20-09-2025,1,75041,Credit,Aaron Owens,,New Customer
S02928,CU0023,C0201,12-04-2023,3,87417,Installment,Anthony Anderson,,Loyal Customer
S02929,CU0056,C0040,26-01-2023,1,89581,Cash,Brian Marsh,,New Customer
S02930,CU0333,C0328,21-12-2022,3,56193,Cash,Richard Cole,,Loyal Customer
S02931,CU1745,C0308,18-12-2024,3,74431,Cash,Patrick Yang,,Loyal Customer
S02932,CU1020,C0343,06-04-2023,1,89475,Installment,David Wilkins,,New Customer
S02933,CU1359,C0391,31-12-2024,3,15859,Credit,Dr. Jamie Frazier DDS,,Loyal Customer
S02934,CU0558,C0166,27-10-2024,1,19608,Cash,Stacy Barton,,New Customer
S02935,CU1971,C0374,08-05-2023,3,90758,Credit,Michelle Miller,,Loyal Customer
S02936,CU0673,C0430,28-04-2023,2,33523,Installment,Rachael Jones,,Repeating Customer
S02937,CU0558,C0218,27-04-2024,2,55627,Credit,Kelly Rios,,Repeating Customer
S02938,CU0213,C0096,27-01-2023,2,57689,Cash,Dr. Elizabeth Bennett MD,,Repeating Customer
S02939,CU1863,C0223,15-04-2023,3,83897,Cash,Susan Dean,,Loyal Customer
S02940,CU0967,C0497,21-06-2024,2,95983,Cash,Gary Chapman,,Repeating Customer
S02941,CU1176,C0039,03-02-2025,1,18233,Cash,Ashley Weaver,,New Customer
S02942,CU1159,C0371,19-03-2024,1,87054,Installment,Tara Lynch,,New Customer
S02943,CU0469,C0343,31-07-2024,2,38023,Credit,Katherine Harris,,Repeating Customer
S02944,CU0836,C0309,26-01-2023,3,93985,Installment,Tonya Taylor,,Loyal Customer
S02945,CU1199,C0113,20-06-2023,1,77387,Credit,Brianna Mitchell,,New Customer
S02946,CU0668,C0432,06-09-2023,1,20455,Cash,Valerie Hamilton,,New Customer
S02947,CU1594,C0271,14-12-2024,2,92945,Cash,Omar Garcia,,Repeating Customer
S02948,CU1943,C0158,02-07-2023,3,99080,Installment,Jennifer Miller,,Loyal Customer
S02949,CU0086,C0450,09-07-2023,3,53147,Cash,Scott Mack,,Loyal Customer
S02950,CU0897,C0447,11-06-2025,1,78077,Installment,Diane Miller,,New Customer
S02951,CU1519,C0426,07-07-2023,2,63315,Installment,Debra Douglas,,Repeating Customer
S02952,CU1143,C0462,17-11-2022,1,91110,Credit,Darryl Warren,,New Customer
S02953,CU0534,C0066,07-07-2024,2,98033,Cash,Dawn Payne,,Repeating Customer
S02954,CU1795,C0184,04-08-2024,2,85309,Credit,Shelly Fritz,,Repeating Customer
S02955,CU0200,C0478,23-02-2023,3,34728,Cash,Charles Sanchez,,Loyal Customer
S02956,CU1939,C0438,21-12-2022,2,57877,Cash,Austin Rivera,,Repeating Customer
S02957,CU1684,C0134,27-06-2025,1,16838,Cash,Cheryl Roberts,,New Customer
S02958,CU1285,C0077,08-08-2024,2,56370,Cash,Brittney Hicks,,Repeating Customer
S02959,CU0339,C0083,15-11-2022,3,15136,Credit,Jordan White,,Loyal Customer
S02960,CU0959,C0325,15-05-2024,1,78188,Cash,Andrea Perez,,New Customer
S02961,CU0990,C0399,06-01-2025,2,45213,Credit,Eric Sanchez,,Repeating Customer
S02962,CU0065,C0270,05-06-2023,2,57930,Installment,Jeremy Davis,,Repeating Customer
S02963,CU0326,C0255,07-12-2023,2,82177,Cash,Susan Bates,,Repeating Customer
S02964,CU0247,C0490,13-03-2025,2,34427,Credit,Donald Charles,,Repeating Customer
S02965,CU1296,C0017,16-11-2024,1,59607,Cash,Aaron Young,,New Customer
S02966,CU0390,C0239,27-08-2024,2,90975,Cash,Matthew Yates,,Repeating Customer
S02967,CU0333,C0025,19-06-2024,3,57094,Installment,Brian Powell,,Loyal Customer
S02968,CU0068,C0473,09-11-2024,1,97942,Installment,Heidi Harper,,New Customer
S02969,CU1677,C0367,21-10-2025,1,40298,Credit,Clayton Larson,,New Customer
S02970,CU0231,C0314,03-02-2023,1,18323,Cash,Daniel Juarez,,New Customer
S02971,CU1216,C0139,04-05-2025,3,82032,Credit,Gary Chapman,,Loyal Customer
S02972,CU1892,C0397,27-12-2024,3,15506,Cash,Heather Wells,,Loyal Customer
S02973,CU0316,C0461,02-11-2023,3,69546,Credit,Aaron Hamilton,,Loyal Customer
S02974,CU1092,C0039,24-01-2024,3,74275,Credit,Marco Reed,,Loyal Customer
S02975,CU0936,C0189,04-07-2024,2,21509,Installment,Harry Morgan,,Repeating Customer
S02976,CU1358,C0213,29-05-2025,1,58876,Credit,Angel Soto,,New Customer
S02977,CU1178,C0301,12-06-2025,3,67522,Credit,Michael Mullins,,Loyal Customer
S02978,CU1788,C0344,20-01-2025,1,66176,Credit,Carol Hopkins,,New Customer
S02979,CU0789,C0443,24-04-2023,1,31909,Installment,Joshua Moore,,New Customer
S02980,CU0231,C0231,13-06-2024,2,56347,Credit,Laura Rodriguez,,Repeating Customer
S02981,CU0264,C0456,22-04-2023,3,31598,Cash,Jason Mcdonald,,Loyal Customer
S02982,CU1121,C0140,10-01-2023,3,91295,Cash,Wendy George,,Loyal Customer
S02983,CU0761,C0446,24-10-2023,2,80074,Installment,Taylor Zimmerman,,Repeating Customer
S02984,CU0516,C0425,31-08-2024,3,86976,Cash,Kevin Anderson,,Loyal Customer
S02985,CU1186,C0075,01-03-2023,2,73005,Cash,Bernard Lewis,,Repeating Customer
S02986,CU1769,C0327,30-08-2024,2,52710,Cash,Margaret Christian,,Repeating Customer
S02987,CU0501,C0217,14-08-2025,2,54414,Cash,George Carpenter,,Repeating Customer
S02988,CU0812,C0436,18-08-2023,3,99086,Installment,Jacob Hamilton,,Loyal Customer
S02989,CU1155,C0334,09-12-2024,1,77730,Credit,Diana Bowman,,New Customer
S02990,CU1209,C0026,01-11-2023,3,87341,Credit,Nicholas Spencer,,Loyal Customer
S02991,CU1609,C0168,16-05-2024,3,89701,Cash,Diana Rasmussen,,Loyal Customer
S02992,CU0397,C0088,30-06-2024,2,22440,Credit,Brian Nichols,,Repeating Customer
S02993,CU0480,C0360,23-04-2024,2,73795,Installment,Lindsey Adkins,,Repeating Customer
S02994,CU0971,C0425,04-08-2025,1,77310,Cash,Manuel Mcgee,,New Customer
S02995,CU1874,C0439,01-02-2023,2,65808,Cash,Marie Garcia,,Repeating Customer
S02996,CU0471,C0309,15-10-2024,1,82539,Installment,Katherine Bell,,New Customer
S02997,CU0668,C0171,23-07-2024,1,59930,Cash,Frank Miller,,New Customer
S02998,CU1289,C0291,11-06-2023,3,29047,Cash,Angela Moore,,Loyal Customer
S02999,CU0097,C0381,23-02-2023,3,85916,Installment,Shane Ewing,,Loyal Customer
S03000,CU1881,C0263,15-11-2024,1,99004,Credit,Ricardo Riley,,New Customer
S03001,CU0946,C0298,05-10-2023,1,66523,Installment,Shawn Parker,,New Customer
S03002,CU1120,C0266,27-08-2024,1,47017,Installment,Andrew Wilson,,New Customer
S03003,CU0487,C0487,27-04-2025,3,19352,Installment,Sara Lambert DDS,,Loyal Customer
S03004,CU0704,C0378,07-05-2025,3,83723,Credit,Jeremiah Barber,,Loyal Customer
S03005,CU0781,C0329,19-01-2025,2,75876,Installment,Michelle Young,,Repeating Customer
S03006,CU0512,C0177,21-10-2024,2,73602,Credit,Andrew Reed,,Repeating Customer
S03007,CU0731,C0006,10-07-2023,2,65574,Cash,Joseph Flores,,Repeating Customer
S03008,CU0638,C0317,02-12-2024,3,94404,Credit,Taylor Wilcox,,Loyal Customer
S03009,CU0843,C0187,26-04-2024,3,41604,Credit,Jeffery Wilson,,Loyal Customer
S03010,CU1706,C0451,04-10-2025,3,42518,Credit,Jesse Sawyer,,Loyal Customer
S03011,CU0596,C0363,13-04-2025,1,34608,Installment,Justin Harris,,New Customer
S03012,CU0777,C0386,08-10-2023,2,54270,Cash,Scott Holland,,Repeating Customer
S03013,CU1120,C0371,23-07-2023,1,42058,Installment,Shawn Garcia,,New Customer
S03014,CU0306,C0497,30-05-2023,3,29117,Cash,Mrs. Sharon Freeman DDS,,Loyal Customer
S03015,CU1762,C0054,22-05-2024,2,23159,Cash,Deborah Sullivan,,Repeating Customer
S03016,CU0061,C0304,01-07-2023,1,78432,Installment,Jacob Cunningham,,New Customer
S03017,CU0574,C0102,24-04-2025,3,45945,Installment,Patrick Hubbard,,Loyal Customer
S03018,CU0550,C0060,23-09-2024,3,65913,Cash,Nancy Woods,,Loyal Customer
S03019,CU0322,C0045,10-12-2022,2,85812,Installment,Anna Henderson,,Repeating Customer
S03020,CU0665,C0359,19-04-2024,2,88014,Credit,Brett Hopkins,,Repeating Customer
S03021,CU1763,C0291,04-05-2023,3,85641,Installment,Nicholas Jones,,Loyal Customer
S03022,CU0074,C0266,07-03-2025,3,91650,Credit,Joseph Garza,,Loyal Customer
S03023,CU0775,C0030,06-04-2025,3,70003,Installment,Kayla Bryant,,Loyal Customer
S03024,CU1990,C0207,19-10-2025,3,87211,Credit,Michael Banks,,Loyal Customer
S03025,CU0720,C0231,15-08-2024,3,91181,Cash,Carrie Weber,,Loyal Customer
S03026,CU0277,C0462,30-01-2024,3,87454,Cash,Austin Lewis,,Loyal Customer
S03027,CU0205,C0073,31-07-2024,1,94236,Credit,Walter Freeman,,New Customer
S03028,CU1241,C0109,06-11-2024,2,42773,Cash,Anna Meyer,,Repeating Customer
S03029,CU0390,C0262,12-07-2025,1,80250,Installment,Mrs. Jeanette Mason,,New Customer
S03030,CU0222,C0269,13-04-2024,2,23345,Cash,Mikayla Hunter,,Repeating Customer
S03031,CU0349,C0293,23-03-2025,2,50469,Cash,Rebecca Bridges,,Repeating Customer
S03032,CU0131,C0120,07-04-2023,3,97507,Installment,Cindy Dixon,,Loyal Customer
S03033,CU1479,C0399,20-06-2025,2,87129,Credit,Katrina Smith,,Repeating Customer
S03034,CU1803,C0495,24-04-2024,1,41383,Installment,Christopher Parks,,New Customer
S03035,CU0260,C0235,21-12-2024,1,70562,Cash,James Elliott,,New Customer
S03036,CU0734,C0238,20-11-2023,1,38956,Cash,Erica Levine DVM,,New Customer
S03037,CU1391,C0070,20-05-2024,1,36087,Credit,Melissa Blanchard,,New Customer
S03038,CU0014,C0101,04-04-2025,1,24321,Cash,Anthony Jones,,New Customer
S03039,CU0451,C0453,27-07-2024,1,92207,Credit,Christine Adkins,,New Customer
S03040,CU0201,C0183,22-10-2024,3,93528,Installment,Paul Lewis,,Loyal Customer
S03041,CU0432,C0431,14-03-2025,3,75708,Credit,Natalie Jenkins,,Loyal Customer
S03042,CU1201,C0064,04-05-2023,3,93549,Cash,Victoria Lopez,,Loyal Customer
S03043,CU1147,C0423,24-05-2023,3,38684,Installment,Linda Martin,,Loyal Customer
S03044,CU0677,C0182,08-05-2025,2,46647,Cash,Diana Kim,,Repeating Customer
S03045,CU1314,C0319,19-01-2025,1,47347,Installment,Benjamin Jones,,New Customer
S03046,CU0865,C0231,05-08-2023,1,88206,Credit,John Kelley,,New Customer
S03047,CU1397,C0020,12-05-2023,1,64613,Cash,Chris Taylor,,New Customer
S03048,CU0374,C0338,15-01-2023,1,98684,Cash,Jose Simmons,,New Customer
S03049,CU0422,C0496,18-04-2024,1,98468,Installment,Cole Miller,,New Customer
S03050,CU0947,C0350,07-10-2024,2,47598,Credit,Alan Clark,,Repeating Customer
S03051,CU1873,C0460,03-09-2025,2,50638,Cash,Justin Thomas,,Repeating Customer
S03052,CU1274,C0412,24-12-2024,1,41383,Credit,Amy Cantrell,,New Customer
S03053,CU0166,C0424,23-10-2024,1,37433,Credit,Jean Lee,,New Customer
S03054,CU1982,C0382,01-02-2024,1,57337,Credit,Anthony Lee,,New Customer
S03055,CU1966,C0207,25-10-2024,1,63447,Credit,Jamie Johnson,,New Customer
S03056,CU0181,C0022,15-02-2023,1,94765,Credit,Jeremy Riley,,New Customer
S03057,CU0812,C0332,20-03-2024,1,21143,Credit,Terry Andrade,,New Customer
S03058,CU1439,C0032,03-05-2024,2,55336,Installment,Jacqueline Grimes,,Repeating Customer
S03059,CU0447,C0089,14-07-2024,1,46155,Cash,Jerry Padilla,,New Customer
S03060,CU1777,C0184,22-08-2024,1,45456,Credit,Vanessa Meyer,,New Customer
S03061,CU1783,C0090,15-12-2022,1,15700,Credit,Daniel Hernandez,,New Customer
S03062,CU0096,C0415,17-07-2025,3,90075,Cash,Lisa Thomas,,Loyal Customer
S03063,CU1303,C0212,07-05-2025,2,29135,Credit,Karen Ford,,Repeating Customer
S03064,CU0275,C0484,18-02-2024,3,77687,Credit,Jeffrey Greer,,Loyal Customer
S03065,CU1397,C0170,15-04-2025,3,19699,Credit,Brendan Leonard,,Loyal Customer
S03066,CU0626,C0227,18-10-2025,3,86360,Installment,Brooke Jackson,,Loyal Customer
S03067,CU1614,C0040,12-07-2023,3,53383,Cash,Kristy Palmer,,Loyal Customer
S03068,CU1822,C0169,22-11-2023,1,27779,Credit,Joshua Welch,,New Customer
S03069,CU1054,C0301,24-08-2024,1,17902,Credit,Mr. Jason Bishop,,New Customer
S03070,CU0582,C0322,26-07-2024,3,73445,Installment,Jo Stewart,,Loyal Customer
S03071,CU0485,C0008,11-11-2022,1,73199,Cash,David Friedman,,New Customer
S03072,CU0111,C0361,15-11-2022,1,55160,Installment,Casey Huff,,New Customer
S03073,CU1351,C0014,23-03-2024,3,90153,Installment,Randy Hill,,Loyal Customer
S03074,CU1101,C0007,16-11-2023,2,73743,Cash,Luis Graham,,Repeating Customer
S03075,CU1465,C0326,21-05-2024,1,97553,Cash,Erin Gardner,,New Customer
S03076,CU0765,C0124,18-08-2024,1,43201,Installment,Christy White,,New Customer
S03077,CU0341,C0408,07-06-2023,3,33816,Credit,Kevin Wilkinson,,Loyal Customer
S03078,CU1109,C0244,13-06-2023,1,41338,Cash,William Bowers,,New Customer
S03079,CU1985,C0391,19-07-2025,2,58181,Credit,Donald Johnson,,Repeating Customer
S03080,CU0728,C0411,01-04-2024,2,69220,Installment,Karen Harris,,Repeating Customer
S03081,CU1230,C0131,28-08-2023,1,38978,Credit,Courtney Alvarado,,New Customer
S03082,CU0579,C0053,09-07-2024,3,54819,Cash,Patricia Harris,,Loyal Customer
S03083,CU1320,C0205,06-01-2024,3,42577,Cash,Michael Williams,,Loyal Customer
S03084,CU1641,C0241,11-05-2023,3,75544,Credit,Jonathan Elliott,,Loyal Customer
S03085,CU1211,C0199,24-09-2024,2,74024,Cash,Denise Hansen,,Repeating Customer
S03086,CU0162,C0231,28-10-2025,2,70053,Credit,Michael Gordon,,Repeating Customer
S03087,CU1869,C0198,29-06-2024,3,86755,Cash,Rebecca Blake,,Loyal Customer
S03088,CU0194,C0254,14-07-2023,1,77573,Cash,Kari Davidson,,New Customer
S03089,CU1769,C0290,24-09-2025,1,79227,Installment,Rhonda Murphy,,New Customer
S03090,CU1122,C0346,09-12-2022,1,26684,Installment,Jenna Kemp DDS,,New Customer
S03091,CU1516,C0117,21-12-2023,3,26651,Cash,Paul Villanueva,,Loyal Customer
S03092,CU1691,C0150,04-01-2025,2,69443,Credit,Karen Scott,,Repeating Customer
S03093,CU0648,C0134,24-04-2024,1,99643,Cash,Christian Estrada,,New Customer
S03094,CU0674,C0279,30-05-2024,2,37461,Credit,Dawn Vang,,Repeating Customer
S03095,CU1175,C0379,16-10-2025,1,20835,Credit,Gary Kirby,,New Customer
S03096,CU1780,C0374,26-09-2024,1,79671,Cash,Deborah Velasquez,,New Customer
S03097,CU1025,C0171,30-06-2024,2,32336,Credit,Justin Price,,Repeating Customer
S03098,CU1849,C0495,25-08-2023,2,42006,Installment,Christopher Edwards,,Repeating Customer
S03099,CU1604,C0389,23-05-2023,1,49456,Cash,John Boyer,,New Customer
S03100,CU0188,C0253,14-07-2023,3,80512,Cash,Brittney Guzman,,Loyal Customer
S03101,CU0995,C0054,27-07-2023,2,92640,Cash,Jeffery Richardson,,Repeating Customer
S03102,CU0478,C0264,07-08-2024,2,59311,Installment,Linda Meyers,,Repeating Customer
S03103,CU0465,C0319,20-02-2024,3,88870,Cash,Angel Baker,,Loyal Customer
S03104,CU1350,C0417,29-08-2024,1,46582,Cash,Amy Manning,,New Customer
S03105,CU1316,C0195,27-10-2024,1,37796,Cash,Ryan Farley,,New Customer
S03106,CU1627,C0075,12-09-2024,3,22605,Credit,Ronnie Simon,,Loyal Customer
S03107,CU1617,C0459,12-12-2023,2,79603,Cash,Christian Cohen,,Repeating Customer
S03108,CU0998,C0061,14-05-2024,3,97027,Installment,Brandon Hernandez,,Loyal Customer
S03109,CU0343,C0306,21-08-2023,1,35270,Credit,Susan Hernandez,,New Customer
S03110,CU0151,C0134,15-08-2023,1,77144,Credit,Susan Hall,,New Customer
S03111,CU1260,C0097,26-03-2025,2,68085,Cash,Eugene Peterson,,Repeating Customer
S03112,CU0584,C0193,07-01-2025,2,96851,Installment,Melissa Ibarra,,Repeating Customer
S03113,CU1343,C0458,31-12-2022,3,79331,Credit,Krystal Kim,,Loyal Customer
S03114,CU0903,C0293,03-03-2023,1,82171,Cash,Christine Cervantes,,New Customer
S03115,CU0308,C0016,22-03-2024,1,16558,Installment,Jill Tyler,,New Customer
S03116,CU0495,C0498,21-11-2023,1,51985,Installment,Joseph Padilla,,New Customer
S03117,CU0188,C0042,06-03-2025,3,43816,Cash,Courtney Hernandez,,Loyal Customer
S03118,CU0343,C0152,15-06-2025,2,51058,Credit,Brian Solis,,Repeating Customer
S03119,CU1986,C0339,25-06-2024,1,96081,Credit,Alyssa Frazier,,New Customer
S03120,CU1025,C0423,02-06-2023,1,64121,Cash,Larry Garcia,,New Customer
S03121,CU1475,C0163,07-10-2023,3,98207,Cash,George Phillips,,Loyal Customer
S03122,CU1321,C0084,09-03-2024,2,52829,Cash,Jeffrey Williams,,Repeating Customer
S03123,CU1202,C0122,05-04-2024,2,35424,Cash,Joseph Walker,,Repeating Customer
S03124,CU0475,C0347,05-04-2025,3,94422,Installment,Austin Martin,,Loyal Customer
S03125,CU1081,C0089,08-04-2023,3,99882,Installment,Brandon Guerra,,Loyal Customer
S03126,CU0225,C0181,08-02-2025,3,66360,Cash,Craig Miller,,Loyal Customer
S03127,CU1287,C0353,21-06-2024,3,72052,Credit,Gregory Perez,,Loyal Customer
S03128,CU1935,C0324,08-02-2023,1,47341,Credit,Natalie Webb,,New Customer
S03129,CU1611,C0294,16-08-2025,2,82221,Installment,Tamara Avery,,Repeating Customer
S03130,CU1227,C0215,28-01-2024,1,26824,Credit,Alexa Hardy,,New Customer
S03131,CU1438,C0024,18-04-2025,3,45670,Cash,Anthony Duncan,,Loyal Customer
S03132,CU0277,C0306,08-10-2025,1,95877,Cash,Joy Lewis,,New Customer
S03133,CU0343,C0222,02-05-2024,2,26227,Cash,Ethan Smith,,Repeating Customer
S03134,CU0069,C0087,24-04-2024,1,63794,Cash,Jonathan Dixon,,New Customer
S03135,CU1763,C0362,01-10-2024,2,61566,Credit,Amy Green,,Repeating Customer
S03136,CU0977,C0019,09-07-2023,3,75526,Credit,Benjamin Obrien,,Loyal Customer
S03137,CU1182,C0256,27-03-2024,2,97909,Cash,Ashley Butler,,Repeating Customer
S03138,CU1982,C0269,23-10-2023,2,64114,Installment,Edward Sparks,,Repeating Customer
S03139,CU0258,C0240,23-10-2025,3,61342,Credit,Wendy Frye,,Loyal Customer
S03140,CU0056,C0388,12-09-2023,3,57833,Installment,Alexandra Marshall,,Loyal Customer
S03141,CU1102,C0458,18-01-2023,3,54076,Credit,Kimberly Beard,,Loyal Customer
S03142,CU1770,C0360,14-04-2025,1,87208,Credit,Jillian Smith,,New Customer
S03143,CU1337,C0379,25-01-2025,3,47905,Credit,Richard Simmons,,Loyal Customer
S03144,CU1985,C0378,08-06-2023,2,63487,Installment,Yolanda Davis,,Repeating Customer
S03145,CU0398,C0282,11-01-2023,2,39409,Installment,James Lopez,,Repeating Customer
S03146,CU0705,C0244,09-11-2022,3,66361,Credit,Kaitlyn Anderson,,Loyal Customer
S03147,CU1302,C0096,26-09-2025,3,98546,Cash,Leslie Haley,,Loyal Customer
S03148,CU0690,C0054,30-03-2023,1,97632,Installment,Kristen Rogers,,New Customer
S03149,CU1076,C0067,06-07-2025,2,71626,Installment,Joseph Russell,,Repeating Customer
S03150,CU1370,C0176,05-08-2023,1,84743,Installment,Frank Blake,,New Customer
S03151,CU1070,C0482,09-12-2024,3,49644,Credit,Erica Allen,,Loyal Customer
S03152,CU1901,C0060,26-03-2023,3,42958,Cash,Kent Patterson,,Loyal Customer
S03153,CU0060,C0021,02-06-2023,1,99504,Credit,Joseph Torres,,New Customer
S03154,CU1653,C0241,05-11-2023,1,60226,Cash,Julia Johnson,,New Customer
S03155,CU1527,C0201,27-04-2024,3,19747,Installment,Margaret Tucker,,Loyal Customer
S03156,CU0404,C0186,06-11-2022,3,78861,Credit,Jennifer Kim,,Loyal Customer
S03157,CU1076,C0226,18-03-2025,3,83026,Cash,Jonathon Brennan,,Loyal Customer
S03158,CU1951,C0309,28-11-2022,2,23983,Credit,Dalton Pratt,,Repeating Customer
S03159,CU1288,C0065,04-06-2023,1,28265,Installment,Monique Dyer,,New Customer
S03160,CU1899,C0204,18-03-2025,1,91563,Installment,Marilyn Marsh,,New Customer
S03161,CU0500,C0219,18-04-2023,3,45541,Installment,Linda Bailey,,Loyal Customer
S03162,CU0314,C0110,22-01-2025,3,39784,Installment,Christopher Mcpherson DDS,,Loyal Customer
S03163,CU0278,C0204,11-09-2024,1,73219,Credit,David Thomas,,New Customer
S03164,CU1752,C0469,22-03-2025,1,24051,Credit,Jeremy Kidd,,New Customer
S03165,CU0922,C0193,18-08-2025,2,31760,Cash,Abigail Miller,,Repeating Customer
S03166,CU1188,C0262,01-11-2024,1,80054,Installment,Jessica Robinson DDS,,New Customer
S03167,CU1419,C0070,10-06-2025,3,62495,Installment,Daniel Church,,Loyal Customer
S03168,CU0297,C0014,25-10-2023,3,62278,Installment,Zachary Rodriguez,,Loyal Customer
S03169,CU0770,C0145,23-11-2024,2,77060,Installment,James Berry,,Repeating Customer
S03170,CU1277,C0062,02-12-2022,2,60954,Installment,Adam Williams,,Repeating Customer
S03171,CU0552,C0257,08-07-2025,3,59443,Cash,Robert Davis,,Loyal Customer
S03172,CU1240,C0311,16-08-2023,2,45751,Credit,Roberta Rogers,,Repeating Customer
S03173,CU0814,C0074,27-09-2023,2,87229,Installment,Melissa Warner,,Repeating Customer
S03174,CU0823,C0159,26-04-2024,2,30082,Credit,Eric Cardenas,,Repeating Customer
S03175,CU1929,C0020,05-08-2025,2,40672,Credit,Danielle Stone,,Repeating Customer
S03176,CU0780,C0179,30-01-2024,2,78095,Credit,Daniel Johnson,,Repeating Customer
S03177,CU1026,C0491,12-08-2025,3,44596,Installment,Joshua Hanson,,Loyal Customer
S03178,CU1010,C0197,26-07-2023,1,46346,Installment,Martin Stevenson,,New Customer
S03179,CU0169,C0343,07-11-2023,1,36105,Installment,Steven Luna,,New Customer
S03180,CU1639,C0158,09-01-2025,2,65773,Installment,Kathy Carlson,,Repeating Customer
S03181,CU1120,C0440,10-12-2023,2,29993,Installment,Kelly Wright,,Repeating Customer
S03182,CU0469,C0412,14-10-2023,2,95255,Installment,Dr. Chad Salinas,,Repeating Customer
S03183,CU0943,C0003,11-10-2025,3,77158,Installment,Carolyn Brown,,Loyal Customer
S03184,CU0425,C0415,03-11-2022,2,36645,Cash,Martin Roberts,,Repeating Customer
S03185,CU0475,C0326,19-07-2023,3,62672,Installment,Jacqueline Watts,,Loyal Customer
S03186,CU1788,C0343,02-06-2024,1,55292,Credit,Jacob Malone,,New Customer
S03187,CU0299,C0030,21-03-2023,2,94797,Cash,Susan Brown,,Repeating Customer
S03188,CU0546,C0067,22-12-2023,1,70209,Installment,Angela Delacruz,,New Customer
S03189,CU1340,C0175,21-06-2024,2,91400,Credit,Derek Morris,,Repeating Customer
S03190,CU1121,C0198,15-12-2022,3,78167,Installment,Mark Wilson,,Loyal Customer
S03191,CU0099,C0476,23-06-2023,3,31097,Cash,Richard Gonzales,,Loyal Customer
S03192,CU0330,C0061,17-11-2023,3,32338,Credit,Lisa Moore,,Loyal Customer
S03193,CU1502,C0209,20-10-2025,2,18322,Installment,Joseph Ortiz,,Repeating Customer
S03194,CU0754,C0333,27-02-2023,2,50115,Installment,Keith Thompson,,Repeating Customer
S03195,CU1739,C0233,08-12-2022,3,91735,Credit,Yvonne Doyle,,Loyal Customer
S03196,CU0363,C0164,20-02-2023,1,55745,Cash,Raymond Pierce,,New Customer
S03197,CU0405,C0037,22-09-2025,2,92372,Credit,Mercedes Weaver,,Repeating Customer
S03198,CU1294,C0366,26-06-2025,2,27205,Credit,Daniel Moore,,Repeating Customer
S03199,CU0640,C0439,08-12-2024,3,45509,Cash,Jennifer Ochoa,,Loyal Customer
S03200,CU1626,C0255,27-08-2023,2,19330,Credit,David Webb,,Repeating Customer
S03201,CU1680,C0325,07-06-2023,2,81711,Installment,David Nichols,,Repeating Customer
S03202,CU0525,C0217,15-03-2025,2,28416,Installment,Steven Carlson,,Repeating Customer
S03203,CU0113,C0052,06-11-2024,1,53722,Cash,Angela Miller,,New Customer
S03204,CU1136,C0158,02-01-2024,2,81766,Installment,Benjamin Lambert,,Repeating Customer
S03205,CU1296,C0264,21-05-2024,3,57809,Credit,Robert Caldwell,,Loyal Customer
S03206,CU0735,C0280,06-10-2024,2,31438,Cash,Janet Adams,,Repeating Customer
S03207,CU0787,C0272,16-05-2025,3,83814,Cash,Luke Romero,,Loyal Customer
S03208,CU1938,C0061,15-03-2024,3,42198,Credit,Nicholas Mullins,,Loyal Customer
S03209,CU1228,C0061,10-06-2024,3,46203,Credit,Cody Hill,,Loyal Customer
S03210,CU1064,C0011,13-03-2023,1,20649,Credit,Kelly Gould,,New Customer
S03211,CU1622,C0021,19-06-2025,2,41061,Credit,Cynthia Mckay,,Repeating Customer
S03212,CU0342,C0383,21-10-2025,2,39213,Cash,Shawn Mills,,Repeating Customer
S03213,CU1353,C0081,14-06-2025,1,45046,Credit,Priscilla Strickland,,New Customer
S03214,CU0610,C0397,09-11-2022,3,81014,Installment,Mary English,,Loyal Customer
S03215,CU0453,C0465,20-02-2023,1,27933,Credit,Amy Fleming,,New Customer
S03216,CU1657,C0184,16-09-2024,1,20835,Cash,James Tran,,New Customer
S03217,CU1021,C0109,09-12-2023,3,22551,Credit,William Smith,,Loyal Customer
S03218,CU0243,C0440,09-02-2024,1,98721,Installment,Melvin Gray,,New Customer
S03219,CU0337,C0366,13-03-2023,1,79649,Cash,Andrew Gilmore,,New Customer
S03220,CU0038,C0284,18-06-2025,1,39861,Installment,James Wilson,,New Customer
S03221,CU0634,C0375,28-10-2023,1,99019,Cash,Seth Jennings DDS,,New Customer
S03222,CU0895,C0116,08-08-2023,1,15485,Cash,David Ryan,,New Customer
S03223,CU0774,C0127,28-06-2025,1,23110,Credit,Jennifer Ball,,New Customer
S03224,CU0050,C0147,27-12-2023,1,69157,Installment,Elizabeth Smith,,New Customer
S03225,CU1632,C0015,28-09-2024,2,37920,Installment,Robert Campbell,,Repeating Customer
S03226,CU0874,C0409,27-03-2023,3,95069,Credit,John Roberts,,Loyal Customer
S03227,CU1417,C0331,20-12-2024,2,42291,Cash,Susan Hubbard,,Repeating Customer
S03228,CU1659,C0051,28-12-2022,2,35250,Credit,Kimberly Thomas,,Repeating Customer
S03229,CU0072,C0457,27-07-2025,2,53986,Installment,Mark Roberts,,Repeating Customer
S03230,CU0928,C0352,25-01-2023,1,91237,Cash,Billy Holmes,,New Customer
S03231,CU1549,C0420,06-04-2023,3,28530,Credit,Jennifer Nelson,,Loyal Customer
S03232,CU0652,C0477,01-07-2025,2,17657,Credit,Travis Anderson,,Repeating Customer
S03233,CU1638,C0316,26-08-2023,3,59640,Cash,Marilyn Wright,,Loyal Customer
S03234,CU0414,C0498,02-05-2025,3,75645,Cash,Julie Greene,,Loyal Customer
S03235,CU0739,C0353,24-11-2024,1,34850,Credit,Lisa Smith,,New Customer
S03236,CU0942,C0381,22-11-2024,3,92560,Installment,Julie Jackson,,Loyal Customer
S03237,CU1889,C0426,29-11-2023,3,52968,Credit,Kristen King,,Loyal Customer
S03238,CU0659,C0073,29-04-2023,2,25990,Credit,Jeffrey Munoz,,Repeating Customer
S03239,CU1485,C0006,17-12-2023,2,70681,Cash,Antonio Zimmerman,,Repeating Customer
S03240,CU0382,C0396,21-09-2023,2,84804,Credit,Joe Kim,,Repeating Customer
S03241,CU1777,C0381,27-12-2024,2,59789,Installment,Molly Adams,,Repeating Customer
S03242,CU1777,C0337,04-07-2025,2,90803,Installment,John Bradley,,Repeating Customer
S03243,CU0484,C0373,06-06-2024,3,17259,Credit,James Wright,,Loyal Customer
S03244,CU0847,C0399,24-02-2023,3,35168,Installment,Paul Phillips,,Loyal Customer
S03245,CU0779,C0002,15-12-2022,1,31375,Installment,Cindy Rodriguez,,New Customer
S03246,CU1020,C0363,15-08-2025,2,19906,Cash,Holly Foster,,Repeating Customer
S03247,CU0223,C0214,23-08-2024,3,77399,Credit,Jennifer Brown,,Loyal Customer
S03248,CU1945,C0309,03-04-2023,3,52779,Cash,Catherine Ramirez,,Loyal Customer
S03249,CU1323,C0246,22-02-2025,3,99455,Cash,Christina Weiss,,Loyal Customer
S03250,CU0002,C0022,02-08-2025,1,91702,Credit,Rebecca Ross,,New Customer
S03251,CU0594,C0169,17-08-2024,3,46981,Installment,Suzanne Williams,,Loyal Customer
S03252,CU1600,C0483,11-01-2024,2,65962,Cash,Brian Rivera,,Repeating Customer
S03253,CU0350,C0450,16-09-2025,3,92937,Credit,Keith Green,,Loyal Customer
S03254,CU0252,C0321,07-02-2023,2,16958,Installment,Cody Wilson,,Repeating Customer
S03255,CU1876,C0070,11-05-2024,3,76464,Cash,Emily Miller,,Loyal Customer
S03256,CU1631,C0089,30-10-2023,3,48357,Credit,Lisa Clark,,Loyal Customer
S03257,CU1820,C0074,06-06-2023,1,67235,Cash,Christopher Castillo,,New Customer
S03258,CU0425,C0085,08-08-2024,3,69161,Credit,Miss Janice Carson,,Loyal Customer
S03259,CU0053,C0131,21-09-2025,3,47544,Credit,Maureen Williams,,Loyal Customer
S03260,CU0221,C0119,30-07-2024,2,68267,Installment,Michael Baldwin,,Repeating Customer
S03261,CU1523,C0437,11-02-2023,2,15263,Credit,Rebekah Price,,Repeating Customer
S03262,CU1346,C0290,11-10-2024,3,30146,Installment,Taylor Clark,,Loyal Customer
S03263,CU1171,C0420,17-02-2023,3,92041,Cash,Albert Cardenas,,Loyal Customer
S03264,CU1730,C0370,05-11-2022,2,21236,Cash,Joshua Hayes,,Repeating Customer
S03265,CU1264,C0144,15-03-2025,3,28516,Installment,Patrick Baker,,Loyal Customer
S03266,CU0661,C0012,06-02-2023,1,15676,Installment,Andrea Foster,,New Customer
S03267,CU0441,C0179,19-02-2024,1,44575,Credit,Sophia Smith,,New Customer
S03268,CU0367,C0461,18-03-2023,1,86560,Credit,Todd Douglas,,New Customer
S03269,CU0922,C0050,23-03-2025,1,53526,Cash,Crystal Lee,,New Customer
S03270,CU0944,C0277,06-07-2023,3,86183,Credit,Janet Smith,,Loyal Customer
S03271,CU0119,C0404,02-10-2023,3,66309,Cash,Stephanie Taylor,,Loyal Customer
S03272,CU1739,C0342,15-12-2024,3,15493,Installment,Angela Brown,,Loyal Customer
S03273,CU0377,C0099,01-09-2023,2,71367,Credit,Seth Jones,,Repeating Customer
S03274,CU0232,C0066,22-08-2023,3,15509,Installment,Bryan Johnson,,Loyal Customer
S03275,CU1100,C0159,28-09-2025,1,44506,Credit,James Walker,,New Customer
S03276,CU0211,C0161,15-09-2024,3,44601,Credit,Jerome Rice,,Loyal Customer
S03277,CU1304,C0356,08-11-2023,2,41246,Credit,Kimberly Curtis,,Repeating Customer
S03278,CU1316,C0299,17-12-2023,1,73796,Installment,Ryan Coleman,,New Customer
S03279,CU1875,C0175,04-06-2024,1,18257,Installment,Kelly Riggs,,New Customer
S03280,CU1332,C0262,27-02-2025,2,57861,Installment,Brad Swanson,,Repeating Customer
S03281,CU0716,C0119,10-04-2023,3,15512,Installment,Rachel Frazier,,Loyal Customer
S03282,CU0748,C0426,13-04-2025,3,68364,Cash,Jennifer Bailey,,Loyal Customer
S03283,CU1557,C0189,21-08-2024,1,55671,Credit,Michael Phillips,,New Customer
S03284,CU0853,C0230,21-09-2024,3,29675,Cash,Gary Mccarty II,,Loyal Customer
S03285,CU0219,C0313,16-07-2023,2,36079,Installment,Terrence Hudson,,Repeating Customer
S03286,CU0556,C0454,02-04-2024,3,89766,Cash,Daniel Summers,,Loyal Customer
S03287,CU1330,C0002,13-02-2025,2,51305,Cash,Peter Lewis,,Repeating Customer
S03288,CU0144,C0125,13-07-2023,3,75861,Credit,Nicole Mejia,,Loyal Customer
S03289,CU1024,C0071,05-04-2023,2,21610,Installment,Tim Pierce,,Repeating Customer
S03290,CU0584,C0270,25-10-2023,3,91010,Cash,Renee Medina,,Loyal Customer
S03291,CU0060,C0133,04-02-2024,1,70959,Credit,Sophia Molina,,New Customer
S03292,CU1063,C0298,07-07-2025,1,21389,Credit,Holly Gardner,,New Customer
S03293,CU0079,C0196,14-10-2023,2,80967,Installment,Dr. Jennifer Taylor,,Repeating Customer
S03294,CU0435,C0093,19-10-2024,2,37570,Credit,Tracy Williams,,Repeating Customer
S03295,CU1031,C0128,23-01-2023,1,72738,Cash,Ryan Williams,,New Customer
S03296,CU1405,C0035,03-12-2023,3,69317,Installment,Ronnie Spence,,Loyal Customer
S03297,CU0456,C0424,30-10-2025,2,33987,Cash,Andrea Hall,,Repeating Customer
S03298,CU1206,C0304,29-09-2023,3,15979,Installment,Emily Herring,,Loyal Customer
S03299,CU1661,C0272,16-06-2024,2,41936,Credit,Sue Phillips,,Repeating Customer
S03300,CU1637,C0337,13-03-2025,3,22195,Cash,Patricia Andrews,,Loyal Customer
S03301,CU1790,C0492,13-04-2025,1,23984,Installment,Christy Carson,,New Customer
S03302,CU1532,C0350,06-01-2023,3,86239,Credit,Steve Alexander,,Loyal Customer
S03303,CU1607,C0028,11-05-2023,1,81991,Installment,Danny Olson,,New Customer
S03304,CU1019,C0213,12-05-2024,2,22510,Installment,Linda Kim,,Repeating Customer
S03305,CU0670,C0480,12-04-2024,2,57601,Credit,Melinda Chambers,,Repeating Customer
S03306,CU0367,C0078,20-11-2023,3,57099,Installment,Valerie Harper,,Loyal Customer
S03307,CU1716,C0187,21-04-2025,1,17647,Cash,Amber Booth,,New Customer
S03308,CU0307,C0218,15-05-2023,2,19376,Cash,Kaitlin Stafford,,Repeating Customer
S03309,CU0723,C0311,14-01-2025,2,35079,Cash,Austin Young,,Repeating Customer
S03310,CU0532,C0491,29-01-2024,1,30915,Installment,William Haas,,New Customer
S03311,CU1310,C0119,10-10-2025,1,51346,Cash,Michelle Thompson,,New Customer
S03312,CU1144,C0214,21-07-2023,2,88490,Credit,Nathan Fisher,,Repeating Customer
S03313,CU0324,C0031,10-08-2024,2,91277,Credit,Dylan Espinoza,,Repeating Customer
S03314,CU0383,C0246,27-03-2024,2,42471,Cash,Andrew Griffith,,Repeating Customer
S03315,CU1950,C0133,01-07-2025,3,97949,Cash,Ryan Washington,,Loyal Customer
S03316,CU0122,C0482,16-02-2023,3,53066,Credit,Abigail Lee,,Loyal Customer
S03317,CU1248,C0378,28-11-2023,2,39486,Credit,Scott Clark,,Repeating Customer
S03318,CU1695,C0412,20-04-2025,3,42956,Installment,James Ware,,Loyal Customer
S03319,CU0508,C0231,21-04-2024,2,58215,Installment,Melissa Hickman,,Repeating Customer
S03320,CU0678,C0014,22-09-2025,3,51116,Cash,Eric Simmons,,Loyal Customer
S03321,CU1525,C0105,04-04-2025,1,79015,Cash,Heather Simmons,,New Customer
S03322,CU1784,C0498,29-07-2025,2,66708,Installment,Emily Smith,,Repeating Customer
S03323,CU1725,C0177,16-03-2023,1,81578,Credit,Laura Ferrell,,New Customer
S03324,CU0123,C0160,13-06-2023,2,84857,Credit,Lawrence Wallace,,Repeating Customer
S03325,CU0116,C0100,27-11-2023,3,96090,Installment,Ronnie Lopez,,Loyal Customer
S03326,CU1690,C0442,29-05-2025,2,65701,Installment,Ms. Kimberly Rivera,,Repeating Customer
S03327,CU1325,C0077,10-05-2024,1,92303,Cash,Sergio Chan,,New Customer
S03328,CU1132,C0267,15-04-2024,3,85285,Installment,Katherine Jones,,Loyal Customer
S03329,CU1229,C0352,27-05-2023,2,71946,Cash,Mark Mitchell,,Repeating Customer
S03330,CU1948,C0177,04-06-2024,2,90928,Credit,Omar Li,,Repeating Customer
S03331,CU1052,C0167,22-07-2025,3,98880,Installment,Bobby Castro,,Loyal Customer
S03332,CU1875,C0085,01-06-2025,3,64244,Credit,James Bradley,,Loyal Customer
S03333,CU0970,C0488,25-02-2023,2,71000,Cash,Jason Delgado,,Repeating Customer
S03334,CU0053,C0347,28-12-2023,2,16868,Cash,Amanda Mitchell,,Repeating Customer
S03335,CU1194,C0064,26-05-2025,3,72897,Credit,Lawrence Kirk,,Loyal Customer
S03336,CU1303,C0480,30-01-2024,2,75827,Installment,Evan Pineda,,Repeating Customer
S03337,CU0970,C0232,09-05-2024,2,81758,Credit,David Cortez,,Repeating Customer
S03338,CU1340,C0310,01-09-2024,2,85576,Cash,Blake Martin,,Repeating Customer
S03339,CU1672,C0458,30-04-2024,2,30477,Installment,Christopher Vaughn,,Repeating Customer
S03340,CU0171,C0343,14-03-2024,2,18040,Installment,Jessica Shields,,Repeating Customer
S03341,CU1068,C0222,22-02-2024,3,24038,Credit,David Tran,,Loyal Customer
S03342,CU1074,C0336,21-06-2023,1,59665,Cash,Daniel Black,,New Customer
S03343,CU1218,C0144,24-03-2024,3,84834,Cash,Jacob Mccarthy,,Loyal Customer
S03344,CU1539,C0058,05-01-2024,1,91972,Installment,Mia Serrano,,New Customer
S03345,CU1967,C0479,07-01-2023,3,98532,Credit,Joseph Brooks,,Loyal Customer
S03346,CU1360,C0327,12-05-2024,1,19619,Credit,Mitchell Scott,,New Customer
S03347,CU0691,C0474,08-05-2025,3,38414,Credit,Sarah Reyes,,Loyal Customer
S03348,CU1476,C0098,07-02-2023,3,55197,Installment,Gabriel Thomas,,Loyal Customer
S03349,CU1925,C0453,19-06-2023,3,35731,Installment,Debbie Spence,,Loyal Customer
S03350,CU1343,C0129,05-11-2024,1,96548,Credit,Kimberly Wagner,,New Customer
S03351,CU0757,C0147,31-12-2024,2,98496,Installment,Danny Flynn,,Repeating Customer
S03352,CU1681,C0115,06-10-2025,2,40299,Cash,Jessica Jones,,Repeating Customer
S03353,CU0354,C0253,24-04-2025,2,62151,Credit,George Mitchell,,Repeating Customer
S03354,CU0098,C0424,17-02-2024,3,27641,Cash,Jacob Pacheco,,Loyal Customer
S03355,CU0366,C0042,12-10-2024,2,34189,Cash,Alexandria Stout,,Repeating Customer
S03356,CU1265,C0489,06-01-2023,2,89006,Installment,Mark Stone,,Repeating Customer
S03357,CU0739,C0138,18-12-2023,1,44946,Installment,Peter Wilson,,New Customer
S03358,CU1188,C0268,30-01-2024,1,72077,Cash,Amanda Stevens,,New Customer
S03359,CU0095,C0031,15-09-2024,1,93383,Credit,William Stewart,,New Customer
S03360,CU0159,C0170,20-06-2024,1,49572,Credit,Jacqueline Lee,,New Customer
S03361,CU1007,C0074,27-12-2023,3,82027,Cash,Eric Fuller,,Loyal Customer
S03362,CU1670,C0304,09-11-2022,1,33223,Cash,Katie Wells,,New Customer
S03363,CU0054,C0210,06-05-2023,2,99450,Installment,Andrew Stewart,,Repeating Customer
S03364,CU0481,C0447,30-01-2024,3,60963,Cash,Emily Shepard,,Loyal Customer
S03365,CU1034,C0434,28-01-2023,1,36633,Installment,Paul Rice,,New Customer
S03366,CU0028,C0301,08-09-2024,2,71732,Installment,Michael Thompson,,Repeating Customer
S03367,CU0268,C0138,04-08-2024,1,51899,Credit,Jacqueline Barrera,,New Customer
S03368,CU1181,C0471,11-11-2023,1,16188,Cash,Riley Williams,,New Customer
S03369,CU0849,C0386,13-04-2024,1,27122,Installment,Chad Gomez,,New Customer
S03370,CU0191,C0060,21-10-2024,1,76104,Credit,James Miller,,New Customer
S03371,CU0770,C0021,17-09-2023,2,28190,Installment,William Goodman,,Repeating Customer
S03372,CU1290,C0372,23-04-2024,1,34449,Installment,Eric Conway,,New Customer
S03373,CU1003,C0372,21-04-2025,1,90585,Installment,Bryan Gardner,,New Customer
S03374,CU1063,C0413,20-03-2023,2,69962,Cash,Ann Estrada,,Repeating Customer
S03375,CU0561,C0144,20-04-2025,2,17896,Credit,Craig Baker,,Repeating Customer
S03376,CU1508,C0318,22-08-2023,1,87556,Installment,Chad Ryan,,New Customer
S03377,CU0976,C0053,24-08-2023,1,99843,Installment,John Hunter,,New Customer
S03378,CU1655,C0198,06-08-2025,3,19761,Cash,Elizabeth Smith,,Loyal Customer
S03379,CU1036,C0419,25-05-2023,3,54482,Credit,Bobby Banks,,Loyal Customer
S03380,CU1038,C0116,16-04-2024,1,52401,Credit,Jessica Chang,,New Customer
S03381,CU1946,C0013,19-11-2023,1,39240,Installment,Brian Cannon,,New Customer
S03382,CU1515,C0178,24-06-2023,2,79581,Cash,Jonathan Cruz,,Repeating Customer
S03383,CU0781,C0125,06-06-2025,3,60351,Cash,Shannon Barr,,Loyal Customer
S03384,CU1929,C0276,19-10-2025,1,84142,Cash,Bradley Stevenson,,New Customer
S03385,CU1530,C0463,29-09-2025,3,29830,Credit,Patricia Christensen,,Loyal Customer
S03386,CU0411,C0244,09-11-2023,1,97392,Cash,Roy Little,,New Customer
S03387,CU0496,C0197,10-07-2023,2,17244,Cash,Julie Hughes,,Repeating Customer
S03388,CU1816,C0178,07-06-2023,3,78597,Cash,April Lewis,,Loyal Customer
S03389,CU1335,C0215,21-11-2024,1,53971,Installment,Diana Donaldson,,New Customer
S03390,CU0580,C0295,07-08-2025,3,88538,Credit,Sylvia Steele,,Loyal Customer
S03391,CU0741,C0063,22-12-2024,2,24004,Installment,Linda Moore,,Repeating Customer
S03392,CU1862,C0075,01-02-2024,2,80296,Installment,Stephen Bolton,,Repeating Customer
S03393,CU0561,C0226,21-10-2023,2,21792,Installment,Donald Hall,,Repeating Customer
S03394,CU0714,C0071,05-07-2025,1,94207,Credit,Randy Williams,,New Customer
S03395,CU0358,C0276,06-10-2024,3,91262,Cash,Rhonda Atkinson,,Loyal Customer
S03396,CU1748,C0195,07-02-2024,2,36257,Cash,Kyle White,,Repeating Customer
S03397,CU0327,C0459,22-08-2025,2,38414,Installment,Adrian Malone,,Repeating Customer
S03398,CU1036,C0283,30-05-2023,2,94468,Credit,Nicole Ramsey,,Repeating Customer
S03399,CU1503,C0370,09-07-2023,3,15790,Credit,Michael Brown,,Loyal Customer
S03400,CU1334,C0367,22-03-2025,3,89844,Cash,Joyce Pena,,Loyal Customer
S03401,CU0540,C0337,30-05-2025,3,74817,Credit,Matthew Hernandez,,Loyal Customer
S03402,CU1232,C0359,11-10-2025,3,40487,Credit,Natasha Alvarez,,Loyal Customer
S03403,CU1932,C0375,08-11-2022,1,27802,Cash,Melissa Lyons,,New Customer
S03404,CU1111,C0199,22-03-2023,3,89070,Installment,Aaron Gill,,Loyal Customer
S03405,CU1810,C0438,26-05-2023,1,99948,Credit,Martin Kirby,,New Customer
S03406,CU0551,C0370,13-09-2025,3,62443,Credit,Debra Lewis,,Loyal Customer
S03407,CU1197,C0003,15-02-2023,3,47277,Credit,Daniel Bond,,Loyal Customer
S03408,CU1014,C0042,17-02-2024,2,19599,Credit,Curtis Sharp,,Repeating Customer
S03409,CU0317,C0314,28-04-2025,1,87836,Credit,Shawn Osborne,,New Customer
S03410,CU1914,C0166,02-03-2023,1,43190,Installment,Allen Reyes,,New Customer
S03411,CU0145,C0226,14-04-2024,2,63621,Credit,Sherry Rodriguez,,Repeating Customer
S03412,CU1958,C0402,28-06-2025,3,55541,Installment,Kevin Poole,,Loyal Customer
S03413,CU1205,C0122,28-05-2023,1,36156,Cash,Erik Andrews,,New Customer
S03414,CU1824,C0284,07-07-2025,2,15664,Credit,John Hunter,,Repeating Customer
S03415,CU0602,C0257,15-03-2024,3,95462,Credit,Alyssa Wilson,,Loyal Customer
S03416,CU0401,C0432,04-12-2022,3,28875,Credit,Sharon Taylor,,Loyal Customer
S03417,CU1399,C0193,23-11-2022,3,81699,Installment,Betty Alvarez DDS,,Loyal Customer
S03418,CU0932,C0483,25-03-2023,2,95501,Installment,Bryan Gomez,,Repeating Customer
S03419,CU0155,C0257,14-09-2025,3,64091,Credit,Timothy Price,,Loyal Customer
S03420,CU1575,C0467,17-08-2025,2,49888,Installment,Sophia Gross,,Repeating Customer
S03421,CU0397,C0403,22-03-2023,2,68872,Cash,Jasmine Patterson,,Repeating Customer
S03422,CU1322,C0478,24-11-2023,3,48325,Cash,Jeffrey Harris,,Loyal Customer
S03423,CU1689,C0235,23-12-2022,1,85233,Installment,Douglas Evans,,New Customer
S03424,CU0127,C0418,31-01-2024,3,22479,Credit,Lisa Mcintosh,,Loyal Customer
S03425,CU1725,C0044,16-03-2023,2,97335,Installment,Adrienne Jones,,Repeating Customer
S03426,CU1672,C0278,05-11-2022,1,27925,Installment,Bonnie Allen,,New Customer
S03427,CU0786,C0109,29-11-2023,2,42213,Cash,Adam Gibson,,Repeating Customer
S03428,CU1643,C0395,30-11-2023,1,71180,Credit,Joshua Ruiz,,New Customer
S03429,CU0404,C0173,02-03-2025,1,90467,Installment,Sarah Edwards,,New Customer
S03430,CU1193,C0407,22-03-2025,1,19058,Credit,Patrick Wang,,New Customer
S03431,CU0988,C0493,07-09-2025,2,69344,Credit,Victoria Wolfe,,Repeating Customer
S03432,CU0835,C0237,13-08-2024,2,54588,Installment,Christopher Cunningham,,Repeating Customer
S03433,CU0946,C0003,25-03-2024,3,68107,Cash,Nathaniel Andrade,,Loyal Customer
S03434,CU0774,C0109,19-12-2024,2,85815,Installment,John Bailey,,Repeating Customer
S03435,CU0117,C0205,28-10-2025,2,39931,Credit,Kayla Pacheco,,Repeating Customer
S03436,CU1643,C0343,22-01-2023,1,49806,Credit,Linda Davis,,New Customer
S03437,CU1846,C0161,29-10-2023,1,15275,Cash,Linda Bird,,New Customer
S03438,CU0837,C0388,05-09-2024,3,62686,Installment,Alexa Murillo,,Loyal Customer
S03439,CU0113,C0061,12-07-2025,2,53174,Credit,Derrick Beck,,Repeating Customer
S03440,CU0848,C0001,15-04-2024,1,27224,Installment,Jose Fernandez,,New Customer
S03441,CU1255,C0364,21-06-2023,1,87432,Cash,Elizabeth Clements,,New Customer
S03442,CU1346,C0344,22-05-2023,3,44106,Credit,Peter Brown,,Loyal Customer
S03443,CU1379,C0194,04-08-2023,1,94441,Credit,Marc Johnson,,New Customer
S03444,CU0822,C0414,04-07-2023,3,67037,Installment,Shannon Krueger,,Loyal Customer
S03445,CU0259,C0194,07-04-2025,1,22644,Cash,William Gallagher,,New Customer
S03446,CU1495,C0431,12-08-2025,3,49230,Cash,James Mcbride,,Loyal Customer
S03447,CU1269,C0054,19-07-2024,2,91191,Installment,Colleen Lopez,,Repeating Customer
S03448,CU0222,C0080,17-12-2023,1,92614,Credit,Amy West,,New Customer
S03449,CU1671,C0054,20-05-2023,1,19545,Credit,Maria Meadows,,New Customer
S03450,CU1417,C0406,22-01-2025,1,71029,Installment,Keith Lewis,,New Customer
S03451,CU0592,C0226,08-12-2022,2,23425,Cash,Emily Huber,,Repeating Customer
S03452,CU0933,C0116,01-06-2024,1,42563,Credit,Jacob Jones,,New Customer
S03453,CU0671,C0499,05-10-2024,1,95077,Credit,Stephanie Burns,,New Customer
S03454,CU1166,C0041,14-01-2025,1,54982,Installment,Christopher Robertson,,New Customer
S03455,CU0069,C0221,19-11-2023,1,82278,Credit,Sara Duncan,,New Customer
S03456,CU1014,C0397,05-05-2025,3,92012,Installment,Hannah Rowe,,Loyal Customer
S03457,CU0879,C0091,17-02-2025,3,27528,Installment,Donna Ramirez MD,,Loyal Customer
S03458,CU1386,C0158,25-04-2023,2,50799,Credit,Brad Parks,,Repeating Customer
S03459,CU0329,C0189,27-06-2023,3,41318,Cash,Joseph Wade,,Loyal Customer
S03460,CU0848,C0102,02-05-2023,1,82158,Cash,John Jackson,,New Customer
S03461,CU1560,C0494,26-11-2022,3,28712,Cash,Michael Jackson,,Loyal Customer
S03462,CU1678,C0364,31-08-2023,1,96792,Cash,Donald Ochoa,,New Customer
S03463,CU0344,C0012,10-08-2024,3,17235,Credit,Anthony Cortez,,Loyal Customer
S03464,CU0956,C0017,10-01-2023,3,78156,Installment,Collin Lowery,,Loyal Customer
S03465,CU1226,C0159,12-02-2025,1,43475,Credit,Brian Holder,,New Customer
S03466,CU0157,C0483,31-07-2025,3,61640,Installment,Sheri Williams,,Loyal Customer
S03467,CU1316,C0066,13-02-2023,3,16169,Installment,Barbara Jackson,,Loyal Customer
S03468,CU1151,C0124,18-12-2023,3,44857,Credit,Allison Lamb,,Loyal Customer
S03469,CU1241,C0200,13-08-2023,2,45758,Installment,Paul Watkins,,Repeating Customer
S03470,CU1361,C0275,19-08-2025,3,30395,Cash,Erin Shah,,Loyal Customer
S03471,CU0325,C0316,26-12-2022,2,40196,Installment,Michelle Hernandez,,Repeating Customer
S03472,CU0280,C0353,03-11-2024,1,78424,Cash,James Sullivan,,New Customer
S03473,CU0353,C0386,28-01-2025,3,71133,Installment,Jaclyn Lee,,Loyal Customer
S03474,CU0592,C0251,09-03-2025,3,48887,Installment,Victor Lee,,Loyal Customer
S03475,CU1639,C0091,14-12-2022,2,92191,Credit,Rachel Green,,Repeating Customer
S03476,CU1185,C0284,06-06-2024,1,58656,Credit,Jennifer Johnson,,New Customer
S03477,CU1935,C0094,28-08-2025,3,83962,Cash,Erica Carroll,,Loyal Customer
S03478,CU1648,C0059,06-05-2024,2,35256,Installment,Jamie Smith,,Repeating Customer
S03479,CU1664,C0405,25-04-2024,3,22865,Installment,Kelly Smith,,Loyal Customer
S03480,CU1737,C0426,28-09-2024,3,68541,Credit,Samantha Rivera,,Loyal Customer
S03481,CU0122,C0487,30-12-2024,2,34725,Cash,Erin Shannon,,Repeating Customer
S03482,CU1103,C0158,19-05-2023,1,15086,Credit,James Jones,,New Customer
S03483,CU0536,C0420,02-02-2024,1,91395,Cash,Brian Hunt,,New Customer
S03484,CU0353,C0110,28-10-2023,2,18919,Cash,Jessica Pierce,,Repeating Customer
S03485,CU0096,C0399,26-07-2023,3,52459,Installment,Adrian Hansen,,Loyal Customer
S03486,CU1779,C0413,29-05-2025,2,24426,Installment,Michael Garrison,,Repeating Customer
S03487,CU0422,C0407,13-05-2024,2,55348,Cash,Keith Mills,,Repeating Customer
S03488,CU1402,C0222,12-07-2024,1,66053,Cash,James Wheeler,,New Customer
S03489,CU0657,C0434,30-08-2025,3,40040,Credit,Justin Torres,,Loyal Customer
S03490,CU1481,C0475,23-10-2024,1,89586,Credit,Richard Reynolds,,New Customer
S03491,CU1024,C0435,14-12-2022,3,89723,Installment,Brandy Reynolds,,Loyal Customer
S03492,CU0196,C0145,09-06-2025,3,22433,Cash,Ryan Wilson,,Loyal Customer
S03493,CU1185,C0307,23-03-2025,3,58470,Installment,Tristan Payne,,Loyal Customer
S03494,CU0497,C0487,11-05-2023,3,54879,Cash,Gloria Hernandez,,Loyal Customer
S03495,CU1882,C0370,04-12-2023,3,41978,Cash,Donna Cruz,,Loyal Customer
S03496,CU1952,C0024,20-12-2024,2,96392,Cash,Daniel Carlson,,Repeating Customer
S03497,CU0329,C0259,17-01-2025,3,45933,Installment,Joseph Thompson,,Loyal Customer
S03498,CU0322,C0412,11-12-2022,1,94509,Cash,Susan Anderson,,New Customer
S03499,CU1644,C0013,31-01-2024,3,23725,Credit,Diana Welch,,Loyal Customer
S03500,CU0621,C0062,14-10-2025,3,69276,Credit,James Hoover,,Loyal Customer
S03501,CU1435,C0135,28-12-2023,3,42212,Cash,Cory Montes,,Loyal Customer
S03502,CU0391,C0493,23-05-2024,1,36385,Credit,Douglas Hernandez,,New Customer
S03503,CU0278,C0368,03-02-2023,3,88921,Installment,Cynthia Parker,,Loyal Customer
S03504,CU0710,C0351,15-10-2024,2,61955,Credit,Crystal Dennis,,Repeating Customer
S03505,CU0046,C0458,11-12-2024,1,80749,Installment,Alicia Carpenter,,New Customer
S03506,CU0612,C0341,18-09-2024,2,76242,Cash,Emma Brooks,,Repeating Customer
S03507,CU0289,C0262,11-06-2024,1,27104,Credit,Benjamin Jackson,,New Customer
S03508,CU1519,C0433,13-06-2023,2,29736,Credit,Mrs. Shelly Cook,,Repeating Customer
S03509,CU1486,C0385,29-08-2023,2,48659,Cash,Barbara Riggs,,Repeating Customer
S03510,CU0671,C0203,13-06-2023,2,40139,Credit,Thomas Wells,,Repeating Customer
S03511,CU1504,C0132,08-02-2023,3,69919,Cash,Richard Gallagher,,Loyal Customer
S03512,CU0715,C0036,05-11-2024,2,81848,Cash,Elizabeth Bailey,,Repeating Customer
S03513,CU1249,C0322,03-09-2025,3,73515,Cash,Mario Brown,,Loyal Customer
S03514,CU0221,C0027,01-11-2023,1,48468,Credit,Morgan Ellis,,New Customer
S03515,CU1994,C0343,07-06-2024,1,83267,Credit,Desiree Davis,,New Customer
S03516,CU0513,C0046,16-06-2024,1,95779,Cash,Miguel Conley,,New Customer
S03517,CU0957,C0023,14-10-2024,1,90520,Installment,Brad Jones,,New Customer
S03518,CU0331,C0429,11-12-2023,1,18703,Installment,Jason Price,,New Customer
S03519,CU1170,C0436,03-10-2023,2,69879,Credit,Bridget Oliver,,Repeating Customer
S03520,CU1352,C0338,12-05-2023,1,34357,Installment,Jack Lopez,,New Customer
S03521,CU1688,C0255,22-01-2024,3,24301,Installment,Jennifer Golden,,Loyal Customer
S03522,CU1119,C0178,19-09-2024,1,39964,Installment,Craig Robinson,,New Customer
S03523,CU1779,C0311,02-10-2023,2,99754,Cash,Eric Hill,,Repeating Customer
S03524,CU1587,C0340,29-12-2024,1,98112,Cash,Mitchell Watson,,New Customer
S03525,CU0895,C0265,12-04-2024,2,37089,Cash,David Aguilar,,Repeating Customer
S03526,CU0175,C0052,18-02-2023,3,73457,Cash,Amanda Thompson,,Loyal Customer
S03527,CU0822,C0156,01-02-2024,2,88937,Cash,Nancy Richmond,,Repeating Customer
S03528,CU0556,C0118,11-03-2024,2,31725,Credit,Victoria Walls,,Repeating Customer
S03529,CU0404,C0004,27-04-2023,2,59245,Cash,Danielle Holland,,Repeating Customer
S03530,CU0411,C0057,21-07-2023,3,76468,Installment,Ian Payne,,Loyal Customer
S03531,CU1755,C0268,09-09-2024,3,98179,Cash,Katherine Dillon,,Loyal Customer
S03532,CU0376,C0051,15-09-2024,1,24180,Cash,John Dorsey,,New Customer
S03533,CU0026,C0475,09-02-2024,3,25705,Cash,Patricia Newman,,Loyal Customer
S03534,CU0575,C0178,18-12-2023,3,35387,Credit,Mark Smith,,Loyal Customer
S03535,CU0821,C0235,22-11-2023,3,49374,Credit,Janice Williams,,Loyal Customer
S03536,CU0529,C0138,17-09-2024,1,63889,Cash,Elizabeth Leon,,New Customer
S03537,CU1651,C0197,14-04-2023,1,55891,Installment,William Williams,,New Customer
S03538,CU0216,C0438,06-07-2023,2,55654,Cash,Christopher Gonzalez,,Repeating Customer
S03539,CU0680,C0005,11-06-2023,2,46964,Installment,Victor Campbell,,Repeating Customer
S03540,CU0258,C0325,29-04-2025,1,26852,Cash,Sonya Anderson,,New Customer
S03541,CU0756,C0499,30-06-2023,3,29069,Credit,Helen Wilkinson,,Loyal Customer
S03542,CU1902,C0224,15-04-2024,1,31561,Credit,Stephen Torres MD,,New Customer
S03543,CU0306,C0287,01-06-2024,2,42856,Credit,Joshua Porter,,Repeating Customer
S03544,CU1324,C0430,03-09-2025,2,49041,Credit,Daniel Matthews,,Repeating Customer
S03545,CU0111,C0396,06-11-2024,1,56122,Credit,Jonathon Barron,,New Customer
S03546,CU1313,C0174,04-03-2024,3,97095,Installment,William Wu,,Loyal Customer
S03547,CU1654,C0175,27-06-2024,1,43169,Cash,Melissa Turner,,New Customer
S03548,CU1938,C0150,12-11-2023,1,51488,Installment,Jonathan Jones,,New Customer
S03549,CU1723,C0134,25-09-2024,2,89782,Credit,William White,,Repeating Customer
S03550,CU1565,C0471,05-11-2024,2,65544,Cash,April Moore,,Repeating Customer
S03551,CU1807,C0254,26-10-2025,3,34894,Cash,Kevin Lutz,,Loyal Customer
S03552,CU1991,C0063,01-11-2024,2,34851,Credit,Janice Wells,,Repeating Customer
S03553,CU0991,C0128,01-09-2024,3,58084,Installment,Kevin Clark,,Loyal Customer
S03554,CU0373,C0371,19-08-2023,1,36371,Installment,David Velazquez,,New Customer
S03555,CU1890,C0148,15-09-2025,3,52033,Cash,Veronica Warren,,Loyal Customer
S03556,CU1005,C0052,14-12-2024,1,42423,Credit,David Jones,,New Customer
S03557,CU0442,C0178,11-10-2024,3,96351,Credit,Michael Barnett,,Loyal Customer
S03558,CU0198,C0245,13-05-2023,1,97988,Cash,Ryan King,,New Customer
S03559,CU1143,C0052,30-05-2023,1,27062,Credit,Natasha Flores,,New Customer
S03560,CU0223,C0449,19-02-2025,1,54773,Cash,Mr. Tanner Wade,,New Customer
S03561,CU1678,C0002,23-06-2023,1,75734,Cash,Justin Davis,,New Customer
S03562,CU1131,C0419,14-02-2023,1,90501,Installment,Crystal Hanna,,New Customer
S03563,CU0919,C0068,22-08-2024,1,30069,Credit,Michael Lopez,,New Customer
S03564,CU0445,C0042,26-10-2023,1,94161,Cash,Bryan Hudson,,New Customer
S03565,CU1274,C0007,27-02-2023,3,30522,Installment,Tracy Morrison,,Loyal Customer
S03566,CU1443,C0466,20-09-2025,2,18476,Credit,Jonathan Bryant,,Repeating Customer
S03567,CU0967,C0431,01-04-2023,2,97372,Credit,Christopher Jacobs,,Repeating Customer
S03568,CU1667,C0181,14-03-2024,2,31169,Installment,Marcus Woods,,Repeating Customer
S03569,CU0067,C0359,08-06-2025,1,53859,Credit,Kimberly Hatfield,,New Customer
S03570,CU0393,C0229,14-01-2024,2,44748,Credit,Mr. Matthew Miller,,Repeating Customer
S03571,CU0418,C0042,29-07-2024,3,79015,Installment,Andrea Smith,,Loyal Customer
S03572,CU1403,C0208,16-08-2024,2,56501,Installment,James Gomez,,Repeating Customer
S03573,CU1119,C0420,16-06-2025,2,96182,Installment,Kathleen Bush DVM,,Repeating Customer
S03574,CU1439,C0137,10-12-2022,3,29317,Cash,Samantha Rasmussen,,Loyal Customer
S03575,CU0983,C0331,01-11-2024,1,92082,Cash,Francisco Martin,,New Customer
S03576,CU0577,C0303,12-08-2025,3,25751,Credit,Jennifer Baker,,Loyal Customer
S03577,CU0406,C0389,14-03-2023,3,86259,Credit,Matthew Jimenez,,Loyal Customer
S03578,CU0005,C0106,12-01-2023,3,65048,Cash,Robert Moore,,Loyal Customer
S03579,CU0306,C0091,01-06-2023,2,83946,Cash,Robert Randolph,,Repeating Customer
S03580,CU1538,C0402,03-12-2023,3,95457,Credit,Thomas Johnson,,Loyal Customer
S03581,CU1230,C0135,20-08-2025,3,54299,Installment,Grace Jimenez,,Loyal Customer
S03582,CU1177,C0236,13-10-2024,2,35717,Cash,Anthony Shaw,,Repeating Customer
S03583,CU0860,C0035,19-03-2024,2,93173,Installment,Wendy Jones,,Repeating Customer
S03584,CU0005,C0021,23-06-2025,2,36290,Credit,Jason Kidd,,Repeating Customer
S03585,CU1132,C0193,24-03-2025,2,70357,Credit,Monica Yang,,Repeating Customer
S03586,CU0601,C0332,15-11-2023,1,87782,Credit,Jennifer Morales,,New Customer
S03587,CU1284,C0119,27-05-2024,3,51724,Cash,Lisa Bowman,,Loyal Customer
S03588,CU1719,C0445,24-05-2025,2,64721,Credit,Mike Walters,,Repeating Customer
S03589,CU1659,C0028,11-09-2024,1,51552,Cash,Anthony Reid,,New Customer
S03590,CU0610,C0418,18-09-2025,2,53608,Credit,Dominique Washington,,Repeating Customer
S03591,CU0024,C0257,11-11-2022,1,86573,Credit,Raymond Wagner,,New Customer
S03592,CU0086,C0332,06-05-2025,3,56570,Installment,Cindy Aguilar,,Loyal Customer
S03593,CU0354,C0033,06-07-2024,3,38474,Credit,James Anderson,,Loyal Customer
S03594,CU1632,C0253,06-04-2024,3,58503,Cash,Jeffery Middleton,,Loyal Customer
S03595,CU0006,C0012,21-02-2025,3,71733,Credit,Alicia Montgomery,,Loyal Customer
S03596,CU1272,C0444,18-08-2023,2,83806,Installment,Emily Mcclain,,Repeating Customer
S03597,CU1093,C0224,05-10-2023,1,55517,Credit,Cameron Austin,,New Customer
S03598,CU1537,C0311,10-05-2025,3,88584,Installment,Thomas Jennings,,Loyal Customer
S03599,CU1024,C0478,03-03-2024,3,73571,Cash,Nicole Owen,,Loyal Customer
S03600,CU1507,C0163,04-11-2023,1,63837,Cash,Jennifer Martin,,New Customer
S03601,CU1973,C0249,11-10-2024,2,22487,Cash,Craig Santana,,Repeating Customer
S03602,CU1651,C0424,17-05-2023,2,55182,Cash,Victoria Johnson,,Repeating Customer
S03603,CU0726,C0309,15-08-2023,3,92148,Installment,Jonathan Thornton,,Loyal Customer
S03604,CU0133,C0022,06-03-2024,3,56343,Installment,Christopher Griffin DVM,,Loyal Customer
S03605,CU0273,C0496,26-07-2024,2,99710,Credit,Gregory Dunn DDS,,Repeating Customer
S03606,CU1985,C0113,27-04-2024,3,53403,Cash,Jerry Garza,,Loyal Customer
S03607,CU0712,C0146,01-06-2023,3,94088,Cash,Kelly Melton,,Loyal Customer
S03608,CU0382,C0131,05-07-2025,3,35381,Installment,Carlos Butler,,Loyal Customer
S03609,CU0730,C0210,10-04-2023,3,66917,Credit,Erika Lopez,,Loyal Customer
S03610,CU0582,C0244,09-07-2023,2,54344,Credit,Sandy Schmitt,,Repeating Customer
S03611,CU1923,C0352,17-10-2024,3,61911,Credit,Anthony West,,Loyal Customer
S03612,CU1955,C0026,08-07-2023,1,55932,Credit,Anthony Johnson,,New Customer
S03613,CU0357,C0410,24-08-2023,2,85824,Cash,Crystal Mitchell,,Repeating Customer
S03614,CU1649,C0335,20-05-2024,1,57766,Installment,Jeffrey Choi,,New Customer
S03615,CU1510,C0482,01-08-2025,2,17600,Installment,Jessica Summers,,Repeating Customer
S03616,CU1889,C0128,08-10-2023,2,36648,Credit,Ryan Brown,,Repeating Customer
S03617,CU0455,C0038,19-06-2025,3,36340,Credit,Samuel Hayden,,Loyal Customer
S03618,CU1798,C0030,18-05-2023,2,31529,Cash,Rebecca Vincent,,Repeating Customer
S03619,CU1282,C0084,28-01-2023,1,36681,Cash,Victoria Frank,,New Customer
S03620,CU1897,C0312,23-01-2024,3,89352,Cash,Steven Trevino,,Loyal Customer
S03621,CU1844,C0256,27-11-2024,2,93832,Cash,Nathaniel Raymond,,Repeating Customer
S03622,CU0113,C0118,22-06-2024,3,86477,Credit,Lindsey Bond,,Loyal Customer
S03623,CU1151,C0232,15-01-2025,1,53678,Cash,Madison Hebert,,New Customer
S03624,CU0906,C0210,24-04-2023,1,28521,Cash,Beth Sutton,,New Customer
S03625,CU1549,C0166,30-11-2022,2,39956,Cash,Jay Howe,,Repeating Customer
S03626,CU0235,C0010,27-08-2025,1,97163,Credit,Richard Miller,,New Customer
S03627,CU1739,C0469,13-05-2023,2,91132,Cash,Stephanie Johnson,,Repeating Customer
S03628,CU0007,C0062,17-01-2025,1,25999,Cash,Crystal Austin MD,,New Customer
S03629,CU0355,C0165,04-06-2023,3,36726,Credit,Bryan Russell,,Loyal Customer
S03630,CU1503,C0107,26-05-2023,1,37693,Credit,Rebecca Duffy,,New Customer
S03631,CU0244,C0457,09-06-2025,3,42191,Installment,Richard Roberts,,Loyal Customer
S03632,CU0014,C0166,25-07-2023,1,63086,Installment,Jack Rodriguez,,New Customer
S03633,CU1728,C0296,26-10-2023,3,44883,Credit,Felicia Johnson,,Loyal Customer
S03634,CU0460,C0322,24-05-2025,2,71431,Installment,Keith Miller,,Repeating Customer
S03635,CU1942,C0058,25-11-2022,1,86085,Credit,Corey Foster,,New Customer
S03636,CU0216,C0063,06-11-2024,3,15710,Cash,Jennifer Scott MD,,Loyal Customer
S03637,CU1425,C0411,11-07-2025,2,82964,Credit,Robert Swanson,,Repeating Customer
S03638,CU1922,C0151,09-07-2025,2,90206,Credit,Daniel Zimmerman,,Repeating Customer
S03639,CU1099,C0208,16-04-2025,2,15053,Cash,Angie Cohen,,Repeating Customer
S03640,CU0027,C0356,03-08-2023,1,61651,Cash,Brian Bowers,,New Customer
S03641,CU0852,C0084,29-12-2023,2,49801,Credit,Robert Lutz,,Repeating Customer
S03642,CU0944,C0364,29-06-2023,3,29123,Credit,Valerie Barnes,,Loyal Customer
S03643,CU1114,C0380,22-08-2025,3,64239,Installment,Robert Johnson,,Loyal Customer
S03644,CU0300,C0326,20-07-2023,2,33044,Installment,Jeffrey Scott,,Repeating Customer
S03645,CU1939,C0305,08-10-2023,3,64585,Credit,Bobby Rowland,,Loyal Customer
S03646,CU1615,C0324,11-11-2024,3,48965,Cash,Melissa Bryant,,Loyal Customer
S03647,CU1202,C0085,24-12-2023,3,45315,Credit,Ashley Carlson,,Loyal Customer
S03648,CU0481,C0121,25-11-2023,2,25554,Cash,Gregory Barnett,,Repeating Customer
S03649,CU1097,C0172,28-11-2024,1,26761,Credit,Stacy Black,,New Customer
S03650,CU1205,C0371,16-06-2024,2,76747,Installment,Kelly Monroe,,Repeating Customer
S03651,CU1916,C0389,25-08-2025,2,19816,Credit,Michael Paul,,Repeating Customer
S03652,CU1469,C0225,29-01-2024,1,77898,Installment,Brittney Rivera,,New Customer
S03653,CU1817,C0087,02-02-2023,2,45768,Cash,Douglas Mooney,,Repeating Customer
S03654,CU0053,C0324,19-10-2024,2,84991,Cash,Dylan Snow,,Repeating Customer
S03655,CU1212,C0344,08-11-2024,3,46652,Cash,Steven Sanchez,,Loyal Customer
S03656,CU1799,C0113,19-04-2024,2,84056,Installment,Jordan Blackwell,,Repeating Customer
S03657,CU1580,C0320,12-04-2025,3,82719,Cash,Anita Martin,,Loyal Customer
S03658,CU1557,C0291,16-07-2025,3,24171,Cash,Jacob Zimmerman,,Loyal Customer
S03659,CU0872,C0412,20-03-2024,2,33478,Cash,Joshua Reynolds,,Repeating Customer
S03660,CU0303,C0498,20-01-2025,3,63084,Credit,Nichole Bailey,,Loyal Customer
S03661,CU0073,C0170,15-09-2024,2,51068,Installment,Dennis Nguyen,,Repeating Customer
S03662,CU0759,C0051,31-03-2025,1,50447,Installment,Tyler Ramsey,,New Customer
S03663,CU1874,C0218,13-09-2024,3,98823,Cash,April Wilkins,,Loyal Customer
S03664,CU0060,C0482,27-07-2023,3,99436,Installment,Levi White,,Loyal Customer
S03665,CU1159,C0024,22-08-2025,2,93434,Cash,James Harvey,,Repeating Customer
S03666,CU0405,C0224,14-12-2022,2,16764,Cash,Monica Lopez,,Repeating Customer
S03667,CU1807,C0093,16-02-2024,3,38443,Cash,Kim Hendricks,,Loyal Customer
S03668,CU1202,C0417,04-04-2024,1,45461,Installment,Stephen Li,,New Customer
S03669,CU1813,C0181,15-04-2025,3,54101,Credit,Donald Orr,,Loyal Customer
S03670,CU0584,C0331,04-01-2025,1,89294,Cash,Mary Campbell,,New Customer
S03671,CU1055,C0133,06-08-2024,1,96150,Credit,Tyler Watson,,New Customer
S03672,CU0465,C0091,13-10-2024,3,23895,Installment,Lisa Williams,,Loyal Customer
S03673,CU0210,C0263,11-09-2025,1,38823,Credit,Joe Roy,,New Customer
S03674,CU0575,C0341,16-05-2023,2,23942,Installment,Kristin Mora,,Repeating Customer
S03675,CU1993,C0455,18-03-2025,3,63826,Installment,Harry Castro,,Loyal Customer
S03676,CU1214,C0042,20-05-2025,1,68147,Installment,Melissa Prince,,New Customer
S03677,CU0515,C0228,30-10-2024,1,78874,Cash,Brenda Munoz,,New Customer
S03678,CU1036,C0137,01-05-2024,3,97960,Installment,Marissa Palmer,,Loyal Customer
S03679,CU0412,C0380,08-05-2023,2,75295,Credit,Jeffrey Mckee,,Repeating Customer
S03680,CU0737,C0438,14-08-2025,2,69288,Installment,Deborah Rogers,,Repeating Customer
S03681,CU1287,C0049,24-06-2025,3,77297,Credit,Mr. Michael Jones,,Loyal Customer
S03682,CU1532,C0319,11-04-2023,1,80856,Installment,Scott Kaufman,,New Customer
S03683,CU1532,C0193,14-12-2023,3,28213,Installment,Dawn Brown,,Loyal Customer
S03684,CU0405,C0294,09-06-2025,2,26839,Cash,Michael Chandler,,Repeating Customer
S03685,CU0547,C0053,27-03-2023,1,57666,Cash,Kevin Martin,,New Customer
S03686,CU1898,C0477,22-01-2024,3,73544,Installment,Laura Sandoval,,Loyal Customer
S03687,CU1283,C0123,11-08-2023,1,64251,Installment,John Hernandez,,New Customer
S03688,CU0692,C0452,31-10-2022,1,69533,Installment,Blake Mcdaniel,,New Customer
S03689,CU1123,C0462,16-03-2025,2,80110,Credit,Gary Hicks,,Repeating Customer
S03690,CU0526,C0025,17-02-2023,3,24026,Installment,Christopher Huffman,,Loyal Customer
S03691,CU0325,C0071,09-11-2022,3,48367,Credit,Jennifer Ferrell,,Loyal Customer
S03692,CU1951,C0389,29-01-2025,1,92809,Credit,Dawn Wiggins,,New Customer
S03693,CU0579,C0164,26-01-2024,2,45506,Credit,Jordan Benjamin,,Repeating Customer
S03694,CU1021,C0238,18-06-2023,1,23118,Cash,Kevin Floyd,,New Customer
S03695,CU1450,C0147,08-10-2024,2,20297,Installment,Harold Smith,,Repeating Customer
S03696,CU0934,C0296,05-11-2023,2,73153,Cash,Anthony Knight,,Repeating Customer
S03697,CU1462,C0099,26-11-2024,1,45187,Cash,Sara Cook,,New Customer
S03698,CU1017,C0292,31-05-2023,3,23054,Installment,Jennifer Cooper,,Loyal Customer
S03699,CU0804,C0036,29-05-2025,3,84981,Installment,Lisa Wood,,Loyal Customer
S03700,CU0229,C0029,22-12-2024,2,69485,Cash,Michelle Garcia,,Repeating Customer
S03701,CU1585,C0285,31-05-2023,1,57990,Installment,Michelle Smith,,New Customer
S03702,CU0623,C0496,13-06-2025,3,28290,Installment,Lawrence Burns,,Loyal Customer
S03703,CU1506,C0316,05-07-2024,1,65127,Cash,Paul Boyd,,New Customer
S03704,CU1028,C0118,08-09-2025,1,27836,Cash,Elizabeth Rivera,,New Customer
S03705,CU0200,C0319,07-10-2024,1,29498,Cash,Jerry Moore,,New Customer
S03706,CU0833,C0096,11-08-2024,2,42235,Installment,Jason Barajas,,Repeating Customer
S03707,CU1231,C0393,03-07-2024,3,33152,Credit,Mark Booker,,Loyal Customer
S03708,CU0437,C0389,04-03-2024,3,28634,Credit,Veronica Cox,,Loyal Customer
S03709,CU0004,C0047,12-10-2024,2,19518,Cash,Angela Morton,,Repeating Customer
S03710,CU0711,C0014,22-04-2023,1,90366,Installment,Lisa Hamilton MD,,New Customer
S03711,CU0725,C0075,07-07-2025,3,34886,Installment,Sarah Harvey,,Loyal Customer
S03712,CU1309,C0370,04-08-2024,3,46435,Installment,Jennifer Murphy,,Loyal Customer
S03713,CU1246,C0416,22-06-2023,1,53107,Installment,Karen Miller,,New Customer
S03714,CU0789,C0155,16-01-2023,2,23097,Cash,Edwin Malone,,Repeating Customer
S03715,CU1591,C0020,08-05-2025,3,21143,Credit,Jeffrey Hamilton,,Loyal Customer
S03716,CU1589,C0114,30-05-2023,1,32715,Credit,Mr. Randy Duffy,,New Customer
S03717,CU0015,C0410,29-06-2023,2,47271,Cash,Sue Pollard,,Repeating Customer
S03718,CU0560,C0302,09-07-2024,1,66098,Credit,Dawn Martin,,New Customer
S03719,CU1890,C0430,14-02-2025,3,76123,Installment,Laura Martin,,Loyal Customer
S03720,CU0493,C0423,18-08-2023,2,91524,Installment,Phillip Forbes,,Repeating Customer
S03721,CU1040,C0290,09-09-2024,1,98293,Cash,Eugene Taylor,,New Customer
S03722,CU1570,C0011,17-08-2025,1,95416,Installment,Mary Moyer,,New Customer
S03723,CU1654,C0234,14-12-2022,2,61246,Cash,Ariana Rodriguez,,Repeating Customer
S03724,CU0032,C0281,10-03-2023,1,90300,Cash,Matthew Guerrero,,New Customer
S03725,CU1083,C0138,03-01-2024,1,93333,Credit,Taylor Collier,,New Customer
S03726,CU0537,C0272,05-04-2024,1,15562,Cash,Troy Smith,,New Customer
S03727,CU0073,C0337,23-08-2023,2,69412,Cash,Sandra Johnson,,Repeating Customer
S03728,CU1556,C0057,02-12-2024,1,93426,Cash,James Mcdonald,,New Customer
S03729,CU1579,C0244,21-09-2023,2,66921,Installment,Christopher Cook,,Repeating Customer
S03730,CU0576,C0233,14-03-2023,3,27279,Credit,Sarah Jones,,Loyal Customer
S03731,CU1546,C0158,17-10-2023,1,70858,Credit,Tammy Hoover,,New Customer
S03732,CU1222,C0228,07-07-2025,2,78616,Cash,Jordan Powers,,Repeating Customer
S03733,CU0274,C0089,23-06-2024,1,44833,Installment,Eric Taylor,,New Customer
S03734,CU1590,C0193,02-01-2024,1,81709,Cash,Michelle Johnson,,New Customer
S03735,CU1493,C0416,20-02-2023,3,52210,Cash,Michael Bailey,,Loyal Customer
S03736,CU0792,C0273,21-12-2022,2,92661,Cash,Michelle Sanders,,Repeating Customer
S03737,CU0040,C0216,09-03-2025,1,17816,Cash,Sharon Harrison,,New Customer
S03738,CU1038,C0166,27-06-2025,3,67011,Installment,Kendra Wang,,Loyal Customer
S03739,CU1472,C0131,06-10-2024,1,74652,Installment,Tyler Williams,,New Customer
S03740,CU1400,C0320,26-09-2023,3,74330,Cash,David Bradshaw,,Loyal Customer
S03741,CU0139,C0278,02-09-2025,1,23572,Credit,Amanda Leonard,,New Customer
S03742,CU0132,C0012,13-05-2024,1,76499,Credit,Shannon Reid,,New Customer
S03743,CU1623,C0140,20-07-2025,2,40027,Credit,Shannon Anderson,,Repeating Customer
S03744,CU0015,C0333,28-10-2025,1,34828,Cash,Daniel Knox,,New Customer
S03745,CU0786,C0366,13-10-2023,2,40942,Installment,Brett Robertson,,Repeating Customer
S03746,CU0618,C0330,18-01-2024,3,88931,Cash,Elizabeth Buchanan,,Loyal Customer
S03747,CU1259,C0465,28-07-2024,3,60865,Cash,Maria Johnson,,Loyal Customer
S03748,CU0662,C0082,25-12-2024,2,78683,Cash,Sara Simmons,,Repeating Customer
S03749,CU1143,C0118,27-03-2024,2,57001,Cash,Anna Sanchez,,Repeating Customer
S03750,CU0963,C0252,28-02-2025,1,33257,Installment,Thomas Reed,,New Customer
S03751,CU0585,C0055,21-08-2025,2,35585,Credit,Nicholas Chavez,,Repeating Customer
S03752,CU0448,C0249,31-07-2023,1,41169,Installment,Charles Parrish,,New Customer
S03753,CU1445,C0207,20-12-2023,3,86375,Installment,Jonathan Parker,,Loyal Customer
S03754,CU1833,C0485,12-11-2023,3,26533,Cash,Jeremy Baldwin DVM,,Loyal Customer
S03755,CU1587,C0376,20-03-2024,3,23426,Cash,Paul Wood,,Loyal Customer
S03756,CU1489,C0114,15-11-2023,2,18722,Installment,Chelsea Palmer,,Repeating Customer
S03757,CU0555,C0017,11-03-2023,1,84898,Installment,Michael Lopez,,New Customer
S03758,CU1553,C0235,25-01-2024,2,99205,Installment,Tammy Cook,,Repeating Customer
S03759,CU0649,C0368,08-01-2024,2,49232,Cash,Ryan Mcgee,,Repeating Customer
S03760,CU0859,C0436,25-01-2023,2,52516,Cash,Troy Espinoza,,Repeating Customer
S03761,CU1894,C0386,24-09-2025,2,32781,Credit,Todd Carson,,Repeating Customer
S03762,CU0962,C0019,29-05-2025,2,53858,Cash,Angela Ayala,,Repeating Customer
S03763,CU0134,C0139,28-01-2023,1,22039,Cash,Stephen Gonzalez,,New Customer
S03764,CU0200,C0036,13-11-2022,1,48148,Installment,John Curtis,,New Customer
S03765,CU0172,C0419,27-01-2025,1,76870,Installment,Maria Martinez,,New Customer
S03766,CU1443,C0121,09-01-2024,2,62820,Installment,Jessica Estrada,,Repeating Customer
S03767,CU1367,C0174,21-06-2023,3,87047,Credit,Jonathan Gonzalez,,Loyal Customer
S03768,CU0509,C0449,21-03-2024,2,22485,Installment,Patrick Lane,,Repeating Customer
S03769,CU0516,C0033,08-12-2022,3,41398,Installment,David Nelson,,Loyal Customer
S03770,CU0778,C0241,07-07-2023,3,35520,Cash,Tina Proctor,,Loyal Customer
S03771,CU0280,C0417,25-05-2024,1,19154,Credit,Jeremy Williams,,New Customer
S03772,CU1339,C0396,24-02-2024,1,58049,Installment,Deanna Andrade,,New Customer
S03773,CU0365,C0339,25-04-2024,3,24656,Credit,Nicole Wilson,,Loyal Customer
S03774,CU1411,C0462,24-06-2025,3,29535,Cash,Lisa Allen,,Loyal Customer
S03775,CU0644,C0295,01-01-2024,1,31431,Installment,Melissa Brown,,New Customer
S03776,CU1980,C0376,25-02-2025,1,81256,Installment,Raymond Yates,,New Customer
S03777,CU0301,C0466,01-04-2025,2,64948,Installment,Donna Larson,,Repeating Customer
S03778,CU0523,C0297,20-02-2025,2,36828,Installment,Steven Kerr,,Repeating Customer
S03779,CU0038,C0447,27-10-2023,2,18862,Installment,Clinton Walker,,Repeating Customer
S03780,CU0691,C0050,08-11-2024,1,45227,Cash,Edward Rice,,New Customer
S03781,CU0464,C0387,17-01-2025,2,69436,Installment,Christopher Hamilton,,Repeating Customer
S03782,CU0254,C0462,11-09-2024,1,28328,Cash,Rachel Johnson,,New Customer
S03783,CU1263,C0480,19-10-2024,2,50898,Credit,Mr. Gary Tucker,,Repeating Customer
S03784,CU1862,C0043,14-07-2025,2,42779,Cash,Haley Howard,,Repeating Customer
S03785,CU1665,C0199,21-05-2025,2,28878,Credit,April Rodriguez,,Repeating Customer
S03786,CU1772,C0034,15-04-2025,1,25692,Installment,Charles Martinez,,New Customer
S03787,CU1320,C0366,30-11-2022,1,70253,Installment,Michael Pacheco,,New Customer
S03788,CU0568,C0454,24-10-2025,3,31445,Cash,Timothy Bass,,Loyal Customer
S03789,CU1574,C0120,08-12-2023,1,78406,Credit,Marie Miller,,New Customer
S03790,CU0550,C0486,11-10-2025,3,19450,Cash,Michael Roberts,,Loyal Customer
S03791,CU1768,C0063,29-04-2025,3,34889,Credit,Robert Smith,,Loyal Customer
S03792,CU1242,C0194,13-12-2023,3,29148,Cash,Cameron Thomas,,Loyal Customer
S03793,CU0953,C0167,22-02-2023,3,41005,Credit,Erik Jordan,,Loyal Customer
S03794,CU0394,C0477,04-02-2025,1,41859,Installment,Courtney Guzman,,New Customer
S03795,CU1246,C0016,29-09-2023,1,44649,Credit,Tony Smith,,New Customer
S03796,CU1041,C0012,29-05-2025,1,82538,Installment,Joseph Jordan,,New Customer
S03797,CU1608,C0087,31-12-2022,3,84575,Cash,Eric Reeves,,Loyal Customer
S03798,CU1417,C0232,25-10-2023,1,99556,Installment,Peter Lynch,,New Customer
S03799,CU0443,C0290,01-02-2023,1,23530,Cash,Mr. Thomas Gutierrez,,New Customer
S03800,CU0507,C0041,11-03-2023,2,53409,Credit,Charles Wolf,,Repeating Customer
S03801,CU1304,C0259,16-07-2024,2,57112,Installment,Ashley Payne,,Repeating Customer
S03802,CU0605,C0260,14-03-2025,2,60901,Cash,Darren Long,,Repeating Customer
S03803,CU1254,C0068,15-03-2024,2,29246,Installment,Cindy Brown,,Repeating Customer
S03804,CU0387,C0018,12-08-2024,1,23736,Cash,Kelly Davis,,New Customer
S03805,CU0008,C0421,22-12-2022,2,64839,Cash,George Elliott,,Repeating Customer
S03806,CU1701,C0425,22-06-2024,1,36799,Credit,Katrina Hawkins,,New Customer
S03807,CU1749,C0439,15-10-2024,1,61921,Installment,Martin Daniels,,New Customer
S03808,CU1729,C0114,18-03-2024,3,66623,Installment,Dana Reynolds,,Loyal Customer
S03809,CU0437,C0073,16-10-2025,2,42150,Credit,Scott Holt,,Repeating Customer
S03810,CU1089,C0032,05-11-2022,3,27746,Installment,Brittany Scott,,Loyal Customer
S03811,CU0518,C0413,02-06-2023,3,45037,Installment,Julie Watts,,Loyal Customer
S03812,CU1749,C0015,24-05-2025,3,99765,Installment,Timothy Anderson,,Loyal Customer
S03813,CU0869,C0223,16-05-2025,3,33054,Credit,Brett Powers,,Loyal Customer
S03814,CU0052,C0026,26-11-2023,2,51826,Cash,Sarah Cruz,,Repeating Customer
S03815,CU0637,C0402,12-11-2023,1,68031,Installment,Andrew Jackson,,New Customer
S03816,CU0823,C0381,23-01-2024,3,78338,Cash,Barbara Ford,,Loyal Customer
S03817,CU0791,C0242,29-10-2025,1,20708,Cash,Christopher Bailey,,New Customer
S03818,CU0589,C0258,05-03-2025,2,23583,Credit,Lisa Rowe,,Repeating Customer
S03819,CU0228,C0157,06-05-2023,2,68855,Credit,Emily Allison,,Repeating Customer
S03820,CU1671,C0142,24-08-2025,1,96742,Credit,Matthew Richardson,,New Customer
S03821,CU0676,C0020,12-04-2024,2,99027,Credit,Joseph Nichols,,Repeating Customer
S03822,CU0240,C0458,27-08-2023,3,58025,Installment,Cynthia Hunt,,Loyal Customer
S03823,CU1396,C0212,05-01-2023,2,23114,Credit,Tony Rodriguez,,Repeating Customer
S03824,CU1093,C0082,16-04-2023,2,28158,Installment,Anna Fletcher,,Repeating Customer
S03825,CU0194,C0226,03-06-2025,2,88844,Installment,Whitney Hogan,,Repeating Customer
S03826,CU1994,C0348,05-12-2022,1,49835,Cash,Tamara Rivera,,New Customer
S03827,CU0059,C0164,27-02-2025,2,48535,Credit,Robert Ryan,,Repeating Customer
S03828,CU0403,C0286,08-03-2023,2,35442,Installment,Kristina Butler,,Repeating Customer
S03829,CU1946,C0107,23-02-2023,3,51911,Cash,Jerry Wyatt,,Loyal Customer
S03830,CU1182,C0023,17-11-2023,3,89198,Cash,Seth Branch DDS,,Loyal Customer
S03831,CU0466,C0076,07-10-2025,3,51148,Credit,Katie Torres,,Loyal Customer
S03832,CU0619,C0265,27-05-2025,2,22136,Installment,Paul Ramirez,,Repeating Customer
S03833,CU1336,C0063,13-03-2023,3,27082,Credit,Patrick Martin,,Loyal Customer
S03834,CU1702,C0024,06-04-2025,1,95079,Installment,Sherry Johnson,,New Customer
S03835,CU1942,C0064,19-03-2024,3,90944,Cash,Mindy Robinson,,Loyal Customer
S03836,CU1510,C0399,20-02-2025,1,32470,Cash,Charlotte Perry,,New Customer
S03837,CU0898,C0077,29-06-2024,2,51677,Installment,Sarah Perez,,Repeating Customer
S03838,CU1525,C0210,17-12-2023,1,28599,Installment,Jessica Wright,,New Customer
S03839,CU0651,C0106,14-12-2024,3,22076,Cash,Tamara Trujillo,,Loyal Customer
S03840,CU1262,C0482,20-12-2022,2,53686,Installment,Brandon Thomas,,Repeating Customer
S03841,CU1901,C0359,29-06-2023,1,17333,Cash,Crystal Peters,,New Customer
S03842,CU0510,C0361,10-01-2025,3,37081,Installment,Taylor Rogers,,Loyal Customer
S03843,CU1357,C0478,30-11-2024,1,74397,Cash,Justin Peck,,New Customer
S03844,CU1636,C0461,01-02-2023,2,48997,Credit,Timothy Cunningham,,Repeating Customer
S03845,CU1698,C0184,05-06-2023,1,59356,Cash,Lindsay Adams,,New Customer
S03846,CU1895,C0056,16-10-2023,3,63657,Credit,Margaret Jenkins,,Loyal Customer
S03847,CU0058,C0248,13-09-2023,3,55988,Installment,Clinton Juarez,,Loyal Customer
S03848,CU1361,C0439,02-05-2024,1,54257,Cash,William Hensley,,New Customer
S03849,CU1761,C0116,23-01-2024,3,94226,Credit,Jason Rodriguez,,Loyal Customer
S03850,CU1983,C0298,08-06-2025,2,98136,Cash,Ivan Savage,,Repeating Customer
S03851,CU1712,C0205,29-04-2025,3,76672,Cash,Terry Wilson,,Loyal Customer
S03852,CU1503,C0190,28-08-2025,2,64797,Cash,Katelyn Moon,,Repeating Customer
S03853,CU0840,C0229,01-12-2022,3,23289,Cash,Cory Butler,,Loyal Customer
S03854,CU1005,C0416,06-08-2025,3,47329,Credit,Gary Diaz,,Loyal Customer
S03855,CU0585,C0379,01-05-2025,3,64267,Installment,Nathan Anderson,,Loyal Customer
S03856,CU1114,C0081,21-01-2025,3,77344,Cash,Jeffrey Obrien,,Loyal Customer
S03857,CU0117,C0059,22-01-2024,1,77604,Cash,Sheila Anderson,,New Customer
S03858,CU1512,C0024,11-11-2024,2,26548,Installment,Curtis Nguyen,,Repeating Customer
S03859,CU1451,C0267,08-02-2025,1,18985,Installment,Justin Morales,,New Customer
S03860,CU0893,C0188,11-04-2025,1,34261,Installment,Robert Nelson,,New Customer
S03861,CU1424,C0204,14-09-2023,3,85045,Credit,Donna Shaw,,Loyal Customer
S03862,CU1032,C0297,01-10-2024,2,17126,Installment,Jasmine Velasquez,,Repeating Customer
S03863,CU0156,C0199,18-08-2025,2,22689,Installment,Miss Jamie Olson,,Repeating Customer
S03864,CU1433,C0224,15-07-2023,2,81706,Credit,Janet Middleton,,Repeating Customer
S03865,CU1372,C0044,24-01-2023,1,99842,Cash,Brian Gray,,New Customer
S03866,CU0349,C0478,30-11-2022,1,88652,Credit,Gabrielle Burgess,,New Customer
S03867,CU1889,C0023,16-06-2024,1,51327,Cash,Jeffery Bell,,New Customer
S03868,CU0240,C0429,31-08-2025,3,19011,Cash,Brian Boyd,,Loyal Customer
S03869,CU1164,C0331,24-08-2025,3,55529,Installment,Caroline Matthews,,Loyal Customer
S03870,CU0068,C0436,12-09-2023,3,44730,Credit,Gary Barnes,,Loyal Customer
S03871,CU1600,C0135,13-03-2025,1,72274,Installment,Tara Jordan,,New Customer
S03872,CU1003,C0469,05-06-2025,3,19540,Credit,Mary Douglas,,Loyal Customer
S03873,CU1103,C0285,22-01-2024,2,95918,Credit,Jennifer Berger MD,,Repeating Customer
S03874,CU0878,C0264,16-05-2025,2,56037,Cash,Ricky Garrett,,Repeating Customer
S03875,CU1498,C0057,15-09-2025,1,22630,Installment,Richard Johnson,,New Customer
S03876,CU1451,C0151,13-03-2023,2,41972,Cash,Nathaniel Smith,,Repeating Customer
S03877,CU0096,C0418,03-04-2024,2,96434,Installment,Chelsea Harrell,,Repeating Customer
S03878,CU0306,C0465,16-07-2025,2,19265,Credit,Joseph Mendoza,,Repeating Customer
S03879,CU0359,C0356,06-07-2025,2,18744,Cash,Martin Carlson,,Repeating Customer
S03880,CU1253,C0252,04-07-2023,1,53796,Installment,Joseph Sanchez,,New Customer
S03881,CU1623,C0482,05-04-2023,1,95720,Credit,Rebecca Mitchell DDS,,New Customer
S03882,CU0563,C0332,26-11-2024,1,37488,Credit,Randy Steele,,New Customer
S03883,CU1644,C0121,10-02-2023,1,43990,Installment,Marilyn Sherman,,New Customer
S03884,CU0330,C0250,29-09-2024,2,30807,Credit,Daniel Jackson,,Repeating Customer
S03885,CU0381,C0285,12-01-2025,2,19817,Installment,Susan Villa,,Repeating Customer
S03886,CU1317,C0103,04-09-2025,2,73915,Installment,Cheryl Alvarez,,Repeating Customer
S03887,CU0651,C0175,11-04-2023,2,53801,Cash,Casey Ellison,,Repeating Customer
S03888,CU0174,C0184,17-01-2025,1,49267,Cash,Jennifer Shepherd,,New Customer
S03889,CU0039,C0143,25-02-2025,2,87373,Installment,Dr. Paul Terry,,Repeating Customer
S03890,CU1315,C0128,25-05-2025,3,32145,Installment,Cesar Rodriguez,,Loyal Customer
S03891,CU1930,C0375,17-07-2024,2,32000,Installment,Richard Mendez,,Repeating Customer
S03892,CU1343,C0124,02-08-2025,2,64916,Cash,Jay Perez,,Repeating Customer
S03893,CU0756,C0403,04-06-2023,3,30782,Cash,Brandy White,,Loyal Customer
S03894,CU1699,C0288,26-07-2024,2,94187,Credit,Holly Sanchez,,Repeating Customer
S03895,CU1807,C0374,02-12-2023,3,97136,Credit,Theresa Rivera,,Loyal Customer
S03896,CU0665,C0409,06-07-2024,1,95490,Cash,Andrea Kramer,,New Customer
S03897,CU0094,C0374,24-02-2024,3,15863,Credit,Michael Burns,,Loyal Customer
S03898,CU0506,C0444,19-10-2024,3,44176,Credit,Bill Johnson,,Loyal Customer
S03899,CU0662,C0098,09-08-2024,2,44997,Installment,Joseph Miller,,Repeating Customer
S03900,CU1345,C0329,14-02-2024,1,62235,Credit,Cheryl Howard,,New Customer
S03901,CU0220,C0044,30-01-2025,1,71040,Credit,Brad Taylor,,New Customer
S03902,CU0671,C0406,28-12-2023,1,65027,Cash,Michelle Doyle,,New Customer
S03903,CU0235,C0255,26-03-2023,2,75080,Installment,Robert Dunn,,Repeating Customer
S03904,CU0565,C0033,06-10-2024,2,22359,Installment,Ryan Frederick,,Repeating Customer
S03905,CU1505,C0482,23-05-2024,3,27501,Installment,Amanda Swanson,,Loyal Customer
S03906,CU0437,C0053,17-02-2024,3,30382,Installment,Heather Rubio,,Loyal Customer
S03907,CU0270,C0141,25-07-2023,3,77157,Credit,Gregory Parks,,Loyal Customer
S03908,CU0675,C0236,14-03-2024,2,78849,Installment,Mark Weeks,,Repeating Customer
S03909,CU0419,C0217,06-01-2024,2,82726,Cash,Olivia Newman,,Repeating Customer
S03910,CU1628,C0217,15-08-2023,3,19466,Credit,Sara Moore,,Loyal Customer
S03911,CU0515,C0080,04-05-2024,3,34017,Cash,Mary Solis,,Loyal Customer
S03912,CU1559,C0469,25-11-2022,2,37655,Installment,Christopher Trujillo,,Repeating Customer
S03913,CU1045,C0294,29-11-2023,1,39057,Installment,Elizabeth Elliott,,New Customer
S03914,CU0893,C0497,10-08-2025,1,29724,Credit,Leslie Santiago,,New Customer
S03915,CU0149,C0102,04-02-2024,2,65895,Cash,Matthew Crawford,,Repeating Customer
S03916,CU1157,C0102,03-05-2024,1,55152,Installment,Scott Williams,,New Customer
S03917,CU1861,C0497,26-06-2025,1,60422,Credit,Peter Quinn,,New Customer
S03918,CU0952,C0203,11-04-2025,1,87480,Cash,Mary Dawson,,New Customer
S03919,CU1592,C0225,28-01-2025,2,27934,Installment,Bryan Wyatt,,Repeating Customer
S03920,CU1946,C0232,24-12-2023,1,58129,Installment,Sabrina Smith,,New Customer
S03921,CU1290,C0083,29-08-2025,3,72688,Credit,Philip Bonilla,,Loyal Customer
S03922,CU0440,C0154,29-11-2023,3,60119,Installment,Luis Richardson,,Loyal Customer
S03923,CU1670,C0321,20-06-2023,2,36438,Cash,Stephen Anderson,,Repeating Customer
S03924,CU1302,C0129,24-09-2023,1,27472,Cash,Robert Smith,,New Customer
S03925,CU1982,C0469,26-08-2023,3,65608,Installment,Amber Robertson,,Loyal Customer
S03926,CU0547,C0462,14-05-2024,2,92738,Installment,James White,,Repeating Customer
S03927,CU0043,C0393,20-07-2024,1,93290,Installment,Charles Greer,,New Customer
S03928,CU0190,C0247,18-12-2023,3,70358,Credit,Peter Chen,,Loyal Customer
S03929,CU1950,C0209,17-02-2023,1,58437,Installment,John Guerra,,New Customer
S03930,CU0561,C0278,11-01-2023,3,39095,Cash,Beth Mack,,Loyal Customer
S03931,CU1268,C0358,05-04-2024,1,81271,Cash,John Kerr,,New Customer
S03932,CU1195,C0157,02-06-2024,1,99525,Cash,Debra Ruiz,,New Customer
S03933,CU0827,C0144,28-04-2025,3,27579,Installment,Sandra Thompson,,Loyal Customer
S03934,CU1665,C0013,05-02-2025,1,16641,Installment,Cody Edwards,,New Customer
S03935,CU1336,C0043,03-07-2025,2,43414,Credit,Albert Morrison,,Repeating Customer
S03936,CU1799,C0191,05-04-2024,3,61479,Installment,Todd Jackson,,Loyal Customer
S03937,CU0847,C0320,02-06-2023,3,33084,Credit,Denise York,,Loyal Customer
S03938,CU1988,C0255,09-02-2024,2,94242,Installment,Brittany Murphy,,Repeating Customer
S03939,CU1011,C0245,27-03-2025,2,40730,Cash,Tammy Marshall,,Repeating Customer
S03940,CU1667,C0338,05-04-2024,3,53625,Credit,Carolyn Hernandez,,Loyal Customer
S03941,CU0714,C0245,21-08-2024,2,32515,Cash,Brooke White,,Repeating Customer
S03942,CU1884,C0384,08-05-2023,2,43053,Credit,Christopher Black,,Repeating Customer
S03943,CU1611,C0317,02-10-2024,2,63744,Installment,Katherine Faulkner,,Repeating Customer
S03944,CU1028,C0007,27-12-2024,2,39700,Cash,George Tyler,,Repeating Customer
S03945,CU1238,C0318,27-08-2025,3,49719,Credit,Barbara Richardson,,Loyal Customer
S03946,CU0644,C0281,22-08-2024,2,37693,Credit,Rachel Brewer,,Repeating Customer
S03947,CU0131,C0307,06-01-2023,1,37189,Installment,Michael Baxter,,New Customer
S03948,CU1715,C0378,09-07-2024,2,95459,Installment,Raymond Avery,,Repeating Customer
S03949,CU0687,C0148,20-06-2025,3,93611,Credit,Tyrone Gomez,,Loyal Customer
S03950,CU1159,C0427,18-12-2024,2,98181,Credit,Brianna Young,,Repeating Customer
S03951,CU0875,C0487,04-11-2022,3,36573,Credit,Maria Ruiz,,Loyal Customer
S03952,CU0370,C0307,24-10-2023,3,85941,Cash,Brandi Sanchez,,Loyal Customer
S03953,CU0185,C0458,10-02-2024,3,45509,Credit,Christopher Torres,,Loyal Customer
S03954,CU1925,C0035,20-05-2025,3,67625,Installment,Melanie Walls,,Loyal Customer
S03955,CU1717,C0441,22-12-2024,2,81906,Credit,Theresa Little,,Repeating Customer
S03956,CU0573,C0359,23-06-2024,2,89484,Credit,Madison Bell,,Repeating Customer
S03957,CU1975,C0495,18-06-2024,3,28452,Cash,Jason Martinez,,Loyal Customer
S03958,CU1818,C0091,13-10-2024,2,87718,Cash,Lauren Miles,,Repeating Customer
S03959,CU0482,C0218,16-05-2025,2,24339,Credit,James Cole,,Repeating Customer
S03960,CU1669,C0192,31-01-2024,3,33912,Cash,David Stafford,,Loyal Customer
S03961,CU1259,C0469,24-07-2024,1,81522,Cash,Michael Swanson,,New Customer
S03962,CU0544,C0466,14-12-2022,2,47474,Installment,Chelsea Kim,,Repeating Customer
S03963,CU0741,C0021,26-06-2025,2,61793,Cash,John Preston,,Repeating Customer
S03964,CU1957,C0411,16-11-2024,1,26835,Cash,Natalie Deleon,,New Customer
S03965,CU0073,C0021,30-09-2024,2,33943,Credit,Christopher Wright,,Repeating Customer
S03966,CU0141,C0147,14-07-2023,3,77908,Credit,Heather Smith,,Loyal Customer
S03967,CU1877,C0152,03-06-2024,2,24263,Installment,Jeffrey Sanchez,,Repeating Customer
S03968,CU0744,C0073,12-11-2024,1,71199,Cash,Thomas Torres,,New Customer
S03969,CU0660,C0378,25-05-2023,3,98550,Installment,Lori Ingram,,Loyal Customer
S03970,CU0669,C0111,16-04-2025,1,18026,Cash,Dale Moore,,New Customer
S03971,CU1810,C0184,05-05-2024,1,35737,Installment,Christian Grant,,New Customer
S03972,CU1594,C0062,09-06-2024,3,94983,Installment,April Bell,,Loyal Customer
S03973,CU1957,C0074,06-06-2025,1,62647,Installment,Christopher Lopez DVM,,New Customer
S03974,CU0889,C0386,16-07-2024,1,63641,Installment,William Davis,,New Customer
S03975,CU1611,C0025,19-12-2023,3,74550,Cash,Daniel Coleman,,Loyal Customer
S03976,CU1599,C0228,27-10-2024,1,95029,Credit,Robert Mcbride,,New Customer
S03977,CU1832,C0167,30-07-2023,2,84587,Installment,Juan Smith,,Repeating Customer
S03978,CU0015,C0381,05-01-2024,3,27911,Cash,Brianna Watts,,Loyal Customer
S03979,CU0220,C0126,21-09-2023,1,50651,Credit,Marisa Becker,,New Customer
S03980,CU0453,C0480,01-07-2024,2,44635,Installment,Caitlin Williams,,Repeating Customer
S03981,CU0183,C0075,23-07-2023,1,55616,Credit,Ricky Chang,,New Customer
S03982,CU0801,C0433,11-12-2022,2,69895,Installment,Kelsey Bryant,,Repeating Customer
S03983,CU1357,C0309,14-08-2024,1,79513,Cash,Daisy Rodriguez,,New Customer
S03984,CU0784,C0187,31-10-2023,2,33306,Credit,Kristen Mcpherson,,Repeating Customer
S03985,CU0886,C0417,20-09-2025,2,40127,Cash,Ashley Johnson,,Repeating Customer
S03986,CU1762,C0010,24-03-2024,1,15412,Installment,David Conner,,New Customer
S03987,CU1709,C0107,25-12-2023,1,41856,Credit,Mike Garcia,,New Customer
S03988,CU1974,C0354,16-08-2024,2,53479,Credit,Michael Vargas,,Repeating Customer
S03989,CU0007,C0431,25-01-2025,2,36112,Installment,Julie Espinoza,,Repeating Customer
S03990,CU1528,C0392,03-12-2022,1,58563,Credit,Sarah Stephenson,,New Customer
S03991,CU1984,C0311,28-09-2025,2,27682,Credit,Stephen Brown,,Repeating Customer
S03992,CU1839,C0202,25-08-2024,2,66003,Installment,Kenneth Henderson,,Repeating Customer
S03993,CU1690,C0175,13-04-2023,1,83063,Installment,Christopher Hart,,New Customer
S03994,CU1992,C0118,03-09-2024,3,25975,Credit,Joshua Jones,,Loyal Customer
S03995,CU1164,C0154,01-11-2024,2,73704,Cash,Margaret Davis,,Repeating Customer
S03996,CU1726,C0032,31-08-2023,1,79580,Installment,Kimberly Key,,New Customer
S03997,CU1754,C0289,06-07-2024,2,15987,Installment,William Moran,,Repeating Customer
S03998,CU1413,C0230,04-05-2025,2,32561,Cash,Gregory Pham,,Repeating Customer
S03999,CU0483,C0016,02-06-2025,3,53718,Cash,Miss Jessica Jacobson MD,,Loyal Customer
S04000,CU1054,C0176,22-09-2023,1,73687,Installment,Wayne Keith,,New Customer
S04001,CU0308,C0324,11-11-2024,2,36774,Installment,Kyle Young,,Repeating Customer
S04002,CU1435,C0447,12-12-2022,1,40251,Cash,Scott Bates,,New Customer
S04003,CU1013,C0178,06-03-2024,2,22249,Installment,Thomas Harris,,Repeating Customer
S04004,CU0462,C0085,29-04-2024,2,44542,Credit,Lisa Smith,,Repeating Customer
S04005,CU0782,C0117,23-02-2025,2,69323,Cash,Norma Guzman,,Repeating Customer
S04006,CU1172,C0080,31-03-2023,2,59972,Cash,Jennifer Brown,,Repeating Customer
S04007,CU0470,C0191,30-11-2022,1,94928,Credit,Nicholas Juarez,,New Customer
S04008,CU0788,C0443,30-07-2024,3,72765,Cash,John Obrien,,Loyal Customer
S04009,CU0184,C0024,28-11-2024,1,35075,Credit,Kayla Parker,,New Customer
S04010,CU0228,C0427,30-03-2025,1,68390,Credit,Sharon Cunningham,,New Customer
S04011,CU0362,C0472,04-09-2025,1,98381,Installment,Tiffany Richardson,,New Customer
S04012,CU1798,C0329,16-04-2024,1,78090,Credit,Joseph Mckay,,New Customer
S04013,CU1942,C0060,29-05-2024,1,16939,Cash,Kimberly Brooks,,New Customer
S04014,CU0045,C0351,08-01-2024,2,54967,Installment,Julie Finley,,Repeating Customer
S04015,CU0423,C0238,25-07-2023,1,82138,Cash,Lisa Robinson,,New Customer
S04016,CU1824,C0142,09-10-2024,1,50561,Cash,Breanna Diaz,,New Customer
S04017,CU0145,C0201,19-06-2023,1,23861,Cash,Shelly Wagner,,New Customer
S04018,CU1196,C0012,04-07-2023,2,56267,Credit,Jacob Guerrero,,Repeating Customer
S04019,CU1437,C0353,09-04-2024,3,90161,Installment,Richard Schmidt,,Loyal Customer
S04020,CU1826,C0322,20-04-2024,2,73498,Cash,Nicole Roberts,,Repeating Customer
S04021,CU1138,C0003,01-08-2024,2,67035,Credit,Brittany Baldwin,,Repeating Customer
S04022,CU1299,C0327,10-07-2023,2,72731,Installment,Robert Rich,,Repeating Customer
S04023,CU0994,C0122,27-11-2023,2,79745,Cash,Robert Reyes,,Repeating Customer
S04024,CU1647,C0115,31-03-2024,2,73331,Installment,Richard Wilson,,Repeating Customer
S04025,CU1196,C0130,14-07-2025,1,86970,Cash,Cathy Rosales,,New Customer
S04026,CU1516,C0160,08-12-2022,2,45313,Cash,Jesus Webb,,Repeating Customer
S04027,CU1839,C0248,30-07-2023,3,57738,Installment,Kelly Willis,,Loyal Customer
S04028,CU1437,C0125,21-09-2023,3,45007,Cash,Heather Wilson,,Loyal Customer
S04029,CU1101,C0021,04-09-2023,3,65461,Cash,Cindy Chavez,,Loyal Customer
S04030,CU1985,C0383,18-09-2023,1,35826,Installment,Christopher Jenkins,,New Customer
S04031,CU0312,C0029,06-04-2023,3,52083,Cash,Aaron Austin,,Loyal Customer
S04032,CU1354,C0390,10-11-2023,2,72324,Installment,Amy Lucas,,Repeating Customer
S04033,CU1793,C0382,20-10-2023,1,42309,Installment,Gina Jones,,New Customer
S04034,CU0606,C0337,24-07-2025,2,46335,Installment,Robert Dorsey,,Repeating Customer
S04035,CU0225,C0361,29-09-2024,3,20189,Cash,Jacob Rangel,,Loyal Customer
S04036,CU0908,C0181,15-09-2024,1,93364,Credit,Christopher Martin,,New Customer
S04037,CU1194,C0051,27-10-2023,1,88953,Cash,Kelsey Smith,,New Customer
S04038,CU0157,C0078,19-03-2025,2,79312,Cash,Dr. Ashley Spencer,,Repeating Customer
S04039,CU1715,C0381,16-05-2023,1,63949,Installment,April Schmidt,,New Customer
S04040,CU0139,C0078,06-10-2025,1,61669,Installment,Lori Jarvis,,New Customer
S04041,CU1599,C0410,03-08-2025,2,61075,Installment,Melissa Lee,,Repeating Customer
S04042,CU1376,C0063,28-12-2024,2,67102,Installment,Eric Ross,,Repeating Customer
S04043,CU0677,C0303,21-06-2024,2,35856,Credit,David Duncan,,Repeating Customer
S04044,CU0689,C0173,22-10-2023,2,41806,Cash,Lori Smith,,Repeating Customer
S04045,CU1438,C0143,04-11-2023,1,19746,Cash,Theresa Johnson,,New Customer
S04046,CU0272,C0385,07-04-2024,3,94305,Installment,Shannon Robinson,,Loyal Customer
S04047,CU1373,C0167,02-11-2022,3,28118,Cash,Gabrielle Trujillo,,Loyal Customer
S04048,CU1927,C0220,17-12-2024,3,79351,Credit,Margaret Gomez,,Loyal Customer
S04049,CU0243,C0119,26-06-2025,1,46528,Cash,Tony James,,New Customer
S04050,CU0259,C0071,18-08-2024,1,33079,Installment,Summer Patterson,,New Customer
S04051,CU1516,C0073,17-06-2023,1,44244,Cash,Suzanne Forbes,,New Customer
S04052,CU1927,C0114,28-01-2024,3,17878,Cash,Laurie Bishop,,Loyal Customer
S04053,CU1136,C0411,21-12-2024,2,66168,Credit,Daniel Castillo,,Repeating Customer
S04054,CU0990,C0465,07-07-2024,1,74884,Credit,Lori Gilbert,,New Customer
S04055,CU0729,C0309,19-11-2023,3,45662,Credit,Nancy Pace,,Loyal Customer
S04056,CU0552,C0183,11-07-2023,1,73183,Cash,Bradley Hill,,New Customer
S04057,CU1586,C0272,12-08-2024,2,44479,Cash,John Davenport,,Repeating Customer
S04058,CU0191,C0393,28-11-2023,3,20273,Cash,Mr. Derek Young,,Loyal Customer
S04059,CU0662,C0452,14-05-2025,2,45258,Credit,Regina Mayer,,Repeating Customer
S04060,CU1940,C0066,16-02-2025,2,94632,Cash,Jennifer Summers,,Repeating Customer
S04061,CU1408,C0345,19-07-2024,2,58942,Cash,Alexander Cabrera,,Repeating Customer
S04062,CU0718,C0458,15-07-2023,1,48764,Installment,Melissa Smith,,New Customer
S04063,CU0574,C0433,16-11-2023,2,70299,Cash,Alicia Bush,,Repeating Customer
S04064,CU0902,C0429,25-12-2022,1,41872,Installment,Elizabeth Adams,,New Customer
S04065,CU0587,C0071,10-05-2023,3,65239,Credit,Christopher Rodriguez,,Loyal Customer
S04066,CU1873,C0439,27-01-2024,3,58155,Credit,Terry Harrell,,Loyal Customer
S04067,CU0397,C0157,15-10-2023,1,83124,Cash,Scott Alvarez,,New Customer
S04068,CU1469,C0229,30-07-2025,1,75778,Cash,Crystal Cantrell,,New Customer
S04069,CU0602,C0146,05-07-2024,3,78322,Installment,Amanda Rivera,,Loyal Customer
S04070,CU0496,C0213,23-02-2025,1,45673,Cash,Amanda Arnold,,New Customer
S04071,CU1782,C0162,10-02-2025,1,83132,Installment,Anthony Hess,,New Customer
S04072,CU1163,C0452,08-01-2023,1,87105,Installment,Pamela Williams,,New Customer
S04073,CU0752,C0312,17-04-2024,3,57542,Installment,Mark Anderson,,Loyal Customer
S04074,CU1049,C0408,30-08-2024,1,71385,Credit,Gary Arnold,,New Customer
S04075,CU1052,C0422,21-02-2025,2,80570,Installment,Brian Carlson,,Repeating Customer
S04076,CU1885,C0062,28-11-2023,2,18574,Credit,Megan Cruz,,Repeating Customer
S04077,CU0788,C0065,17-11-2023,2,17593,Cash,Louis Hill,,Repeating Customer
S04078,CU1690,C0075,31-12-2022,1,15357,Cash,Charles Henderson,,New Customer
S04079,CU1677,C0189,29-10-2024,1,71516,Cash,Roger Sandoval,,New Customer
S04080,CU0670,C0039,31-08-2025,3,94912,Installment,Jordan Austin,,Loyal Customer
S04081,CU0615,C0081,12-06-2025,3,41707,Installment,Sarah Simpson,,Loyal Customer
S04082,CU0226,C0318,24-02-2025,2,78807,Installment,Ashley Myers,,Repeating Customer
S04083,CU1256,C0217,18-07-2024,1,97771,Installment,Angela Gray,,New Customer
S04084,CU1304,C0070,04-09-2023,3,81611,Credit,Rebecca Oliver,,Loyal Customer
S04085,CU1573,C0347,25-10-2024,1,95349,Cash,Jennifer Vance,,New Customer
S04086,CU0721,C0153,11-02-2023,2,61146,Credit,Thomas Brown,,Repeating Customer
S04087,CU0710,C0249,02-05-2023,3,42831,Cash,Robert Aguilar,,Loyal Customer
S04088,CU0199,C0048,20-10-2023,1,65888,Credit,David Perez,,New Customer
S04089,CU1920,C0161,18-02-2024,2,85172,Cash,Mark Bailey,,Repeating Customer
S04090,CU0693,C0373,08-01-2023,2,67420,Cash,Brandon Thompson,,Repeating Customer
S04091,CU1075,C0207,20-06-2024,3,19109,Installment,Daniel Miller,,Loyal Customer
S04092,CU0637,C0213,01-05-2023,1,86586,Installment,Julie Stanley,,New Customer
S04093,CU1808,C0082,02-07-2024,1,92401,Installment,John Bass,,New Customer
S04094,CU1190,C0219,07-10-2024,3,43402,Credit,Jeffrey Vasquez,,Loyal Customer
S04095,CU1205,C0351,12-05-2024,1,71303,Credit,Jerry Lopez,,New Customer
S04096,CU0748,C0423,19-12-2023,3,21013,Cash,Kelly Williams,,Loyal Customer
S04097,CU1587,C0366,07-11-2022,3,58239,Installment,Anne Anderson,,Loyal Customer
S04098,CU0266,C0377,09-03-2025,3,77126,Installment,Stephen Roy,,Loyal Customer
S04099,CU0309,C0130,15-02-2024,2,44081,Installment,Martha Edwards,,Repeating Customer
S04100,CU1338,C0108,19-02-2023,2,22121,Installment,Holly Reyes,,Repeating Customer
S04101,CU1677,C0446,23-07-2024,2,59092,Cash,Dakota Fletcher,,Repeating Customer
S04102,CU1004,C0287,11-01-2025,2,81673,Credit,Dr. Emily Bush,,Repeating Customer
S04103,CU1961,C0454,21-11-2023,3,69040,Cash,Anna Andersen,,Loyal Customer
S04104,CU1110,C0109,25-01-2025,3,85845,Cash,Joseph Smith,,Loyal Customer
S04105,CU0445,C0007,30-12-2023,1,28028,Installment,Todd Nichols,,New Customer
S04106,CU1952,C0393,05-09-2025,3,21299,Installment,Christina Barnes,,Loyal Customer
S04107,CU0021,C0357,19-07-2025,2,88570,Cash,Heather Benson,,Repeating Customer
S04108,CU0360,C0434,17-02-2025,1,55497,Cash,Adrienne Rojas,,New Customer
S04109,CU0215,C0255,28-12-2022,2,90815,Installment,Amanda Rodriguez,,Repeating Customer
S04110,CU0296,C0408,15-02-2025,3,24364,Installment,Jose Cannon,,Loyal Customer
S04111,CU0554,C0402,25-03-2025,3,43947,Credit,Barry Osborn,,Loyal Customer
S04112,CU1006,C0440,07-10-2025,2,72492,Installment,Nathan Garza,,Repeating Customer
S04113,CU1269,C0028,15-02-2025,2,55007,Credit,Abigail Torres,,Repeating Customer
S04114,CU0125,C0411,25-12-2024,2,21274,Cash,Amanda White,,Repeating Customer
S04115,CU1579,C0100,30-03-2024,2,15621,Cash,Alison Boyd,,Repeating Customer
S04116,CU0124,C0198,02-04-2023,2,38621,Cash,Mary Cervantes,,Repeating Customer
S04117,CU0477,C0109,18-03-2023,1,25621,Installment,Lance Smith,,New Customer
S04118,CU0067,C0462,18-06-2024,1,83396,Cash,Rachel Alexander,,New Customer
S04119,CU0404,C0466,05-11-2023,1,56737,Installment,Kristi Lewis,,New Customer
S04120,CU0683,C0327,12-02-2025,3,80383,Installment,Anna Henry,,Loyal Customer
S04121,CU1273,C0362,29-10-2025,2,45500,Installment,Daniel Gomez,,Repeating Customer
S04122,CU0180,C0012,08-12-2023,1,79556,Installment,Rachel Nguyen,,New Customer
S04123,CU1535,C0477,28-03-2024,1,61709,Installment,Kevin Soto,,New Customer
S04124,CU0303,C0492,24-09-2024,1,34833,Installment,Stacy Carey,,New Customer
S04125,CU1261,C0351,19-01-2023,3,30349,Cash,Emily Jordan,,Loyal Customer
S04126,CU1811,C0115,11-02-2023,1,30520,Installment,Richard Flores,,New Customer
S04127,CU1660,C0001,28-10-2025,1,88516,Installment,Justin Green,,New Customer
S04128,CU0721,C0109,23-10-2025,1,61765,Cash,Colin West,,New Customer
S04129,CU1801,C0413,22-03-2023,2,29563,Credit,Mario Parker,,Repeating Customer
S04130,CU1916,C0296,08-07-2024,3,23721,Credit,Nathan Morgan,,Loyal Customer
S04131,CU1694,C0027,27-03-2024,3,63598,Installment,Curtis Kelley,,Loyal Customer
S04132,CU1942,C0468,08-12-2024,2,88445,Cash,Christine Callahan,,Repeating Customer
S04133,CU0681,C0262,17-10-2023,1,95499,Installment,John Taylor,,New Customer
S04134,CU1545,C0315,24-04-2024,1,60067,Installment,Caleb Scott,,New Customer
S04135,CU1597,C0325,26-01-2025,1,30949,Credit,Dana Diaz,,New Customer
S04136,CU1240,C0233,01-03-2025,2,90988,Cash,Christina Fleming,,Repeating Customer
S04137,CU1437,C0285,29-05-2025,2,34382,Installment,Andrea Terry,,Repeating Customer
S04138,CU0506,C0319,12-11-2024,3,43800,Cash,Nathan Rodriguez,,Loyal Customer
S04139,CU1742,C0395,01-12-2022,3,27968,Installment,James Alvarez,,Loyal Customer
S04140,CU1758,C0371,21-04-2023,1,86234,Credit,William Williams,,New Customer
S04141,CU0149,C0323,15-11-2024,3,16186,Cash,Debbie Turner,,Loyal Customer
S04142,CU0873,C0423,13-07-2025,1,96595,Cash,Christopher Ballard,,New Customer
S04143,CU0120,C0187,07-10-2023,2,36819,Cash,Ethan Lopez,,Repeating Customer
S04144,CU1230,C0167,25-10-2024,3,32346,Credit,Wesley Bird,,Loyal Customer
S04145,CU0232,C0418,29-11-2024,3,65019,Cash,Justin Cox,,Loyal Customer
S04146,CU0545,C0468,02-07-2024,2,81216,Cash,Mary Soto,,Repeating Customer
S04147,CU0252,C0150,24-05-2025,3,38122,Installment,Richard Soto,,Loyal Customer
S04148,CU1312,C0136,04-05-2024,3,20281,Cash,Kerry Kennedy,,Loyal Customer
S04149,CU0874,C0028,03-05-2024,2,90443,Installment,Luke Adkins,,Repeating Customer
S04150,CU0403,C0089,02-11-2022,3,22820,Installment,Chelsea Howell,,Loyal Customer
S04151,CU1777,C0138,13-05-2025,3,54575,Cash,Marilyn Mckee,,Loyal Customer
S04152,CU1371,C0496,18-01-2023,1,35414,Credit,Cody Harris,,New Customer
S04153,CU1281,C0104,27-07-2024,3,87725,Cash,Brian Zuniga DDS,,Loyal Customer
S04154,CU1522,C0216,29-07-2024,3,81011,Credit,Joseph Martin,,Loyal Customer
S04155,CU0238,C0386,24-11-2022,2,99302,Cash,Jill King,,Repeating Customer
S04156,CU0525,C0308,06-08-2024,1,64479,Installment,Stephen James,,New Customer
S04157,CU1870,C0332,12-10-2023,3,46198,Cash,Frank Hall,,Loyal Customer
S04158,CU1912,C0088,12-08-2023,1,46151,Credit,Kenneth Matthews,,New Customer
S04159,CU0374,C0370,12-12-2023,2,40993,Installment,Kristen Gates,,Repeating Customer
S04160,CU0251,C0492,17-05-2025,3,80085,Installment,Drew Nelson,,Loyal Customer
S04161,CU0297,C0142,14-08-2025,3,80826,Credit,John Mcfarland,,Loyal Customer
S04162,CU0281,C0334,21-08-2024,2,59079,Installment,Amy Moreno,,Repeating Customer
S04163,CU1058,C0079,09-06-2023,1,78613,Cash,Shawn Thomas,,New Customer
S04164,CU1507,C0022,03-10-2025,2,68744,Credit,Brett Randolph,,Repeating Customer
S04165,CU1446,C0457,19-03-2024,2,31435,Installment,Jerry Michael,,Repeating Customer
S04166,CU1689,C0229,21-11-2023,2,79810,Cash,Chad Gentry,,Repeating Customer
S04167,CU1529,C0450,09-03-2024,1,29855,Credit,Randall Johnson,,New Customer
S04168,CU1517,C0189,11-01-2024,2,23956,Credit,Lauren Ellis,,Repeating Customer
S04169,CU1837,C0379,16-11-2022,2,57507,Credit,Brandi Cooke,,Repeating Customer
S04170,CU0034,C0432,18-01-2024,2,91019,Installment,Lee Sutton,,Repeating Customer
S04171,CU0738,C0280,04-04-2024,1,18416,Cash,Karen Silva,,New Customer
S04172,CU0948,C0257,30-12-2022,2,25420,Installment,Mrs. Taylor Wall,,Repeating Customer
S04173,CU1143,C0099,08-07-2025,2,23719,Credit,Emily Castaneda,,Repeating Customer
S04174,CU1388,C0011,16-04-2024,1,78164,Installment,Pamela Simon,,New Customer
S04175,CU1328,C0451,03-11-2024,1,96474,Installment,Dylan Oliver,,New Customer
S04176,CU0593,C0341,10-12-2022,3,65801,Credit,Wesley White,,Loyal Customer
S04177,CU0054,C0414,10-02-2023,3,74915,Cash,Jody Romero,,Loyal Customer
S04178,CU1925,C0453,07-10-2023,3,92481,Installment,Kathryn Gonzalez,,Loyal Customer
S04179,CU0957,C0084,24-04-2025,1,73629,Credit,Karen Ponce,,New Customer
S04180,CU1793,C0053,26-05-2024,2,69322,Installment,Heidi Le,,Repeating Customer
S04181,CU0138,C0489,11-06-2025,1,52574,Installment,Shawna Noble,,New Customer
S04182,CU1353,C0027,06-07-2025,2,31102,Cash,John Jacobs,,Repeating Customer
S04183,CU0799,C0124,18-09-2025,3,33531,Installment,Ryan Johnston,,Loyal Customer
S04184,CU0323,C0202,29-04-2025,3,39071,Cash,Sara Williams,,Loyal Customer
S04185,CU1174,C0479,10-08-2023,2,29216,Installment,Curtis Jones,,Repeating Customer
S04186,CU1873,C0266,31-01-2025,1,88628,Installment,Julie Davis,,New Customer
S04187,CU0451,C0475,28-09-2024,1,43576,Credit,Rebecca Weiss,,New Customer
S04188,CU0354,C0374,04-06-2024,3,93121,Credit,Robert Cardenas,,Loyal Customer
S04189,CU1024,C0111,02-04-2023,1,63539,Credit,Gregory Mills,,New Customer
S04190,CU1303,C0062,27-08-2025,1,63216,Cash,Alex Brown,,New Customer
S04191,CU0323,C0317,11-03-2023,3,95755,Cash,Kimberly Carter,,Loyal Customer
S04192,CU1764,C0403,06-07-2024,3,58501,Credit,Carmen Harper,,Loyal Customer
S04193,CU1153,C0360,06-08-2023,2,30097,Installment,Aaron Robinson,,Repeating Customer
S04194,CU1975,C0442,09-10-2023,1,25773,Credit,Christina Oliver,,New Customer
S04195,CU1369,C0328,15-11-2022,2,54684,Credit,David Jones,,Repeating Customer
S04196,CU1060,C0113,06-02-2025,3,35641,Installment,Heather Shannon,,Loyal Customer
S04197,CU1169,C0265,03-09-2025,3,33123,Cash,Stuart Long,,Loyal Customer
S04198,CU0506,C0270,20-08-2023,3,75759,Credit,Dr. Richard Thomas DVM,,Loyal Customer
S04199,CU1508,C0328,28-10-2025,3,43054,Cash,Steve Allen,,Loyal Customer
S04200,CU1953,C0087,18-05-2023,2,29160,Credit,Jeffrey Fletcher,,Repeating Customer
S04201,CU1981,C0381,05-11-2022,2,68708,Credit,Ana Boyle,,Repeating Customer
S04202,CU0658,C0311,19-12-2022,2,46305,Credit,Anthony Miller,,Repeating Customer
S04203,CU0232,C0364,12-03-2025,1,95931,Credit,Allison Davidson,,New Customer
S04204,CU0737,C0194,27-01-2023,3,65014,Installment,Robert Black,,Loyal Customer
S04205,CU0497,C0418,11-04-2025,1,45557,Installment,Mr. Shawn Zhang,,New Customer
S04206,CU1279,C0409,31-12-2023,2,95811,Credit,Charles Doyle,,Repeating Customer
S04207,CU1343,C0375,15-12-2022,3,85426,Installment,Carrie Mitchell,,Loyal Customer
S04208,CU1012,C0083,19-05-2024,1,31427,Cash,Andrew Diaz,,New Customer
S04209,CU1499,C0394,21-01-2023,3,39058,Installment,Robert Bradford,,Loyal Customer
S04210,CU1334,C0097,22-08-2023,2,56568,Cash,Michael Davis,,Repeating Customer
S04211,CU1097,C0209,09-05-2025,2,72848,Installment,Louis Baker,,Repeating Customer
S04212,CU1305,C0291,03-02-2025,2,56729,Installment,Jasmine Gutierrez,,Repeating Customer
S04213,CU0456,C0029,07-11-2022,1,63295,Cash,Robert Jones,,New Customer
S04214,CU1743,C0054,20-03-2025,3,97282,Installment,Michelle Hammond,,Loyal Customer
S04215,CU0182,C0065,19-02-2023,2,50287,Installment,Kevin Robinson,,Repeating Customer
S04216,CU1233,C0420,21-06-2024,3,85704,Cash,Kevin Lynch,,Loyal Customer
S04217,CU0711,C0498,22-10-2023,2,80428,Installment,Shirley Rodriguez,,Repeating Customer
S04218,CU0607,C0081,25-10-2025,3,29532,Credit,Ashley Meza,,Loyal Customer
S04219,CU1367,C0272,26-12-2023,2,75951,Installment,Deborah Smith,,Repeating Customer
S04220,CU1528,C0359,11-01-2023,2,22108,Credit,Ryan Carroll,,Repeating Customer
S04221,CU0118,C0490,23-03-2025,3,72170,Credit,Andrea Garza,,Loyal Customer
S04222,CU0879,C0123,28-09-2023,1,50022,Installment,Teresa Walker,,New Customer
S04223,CU1856,C0171,02-04-2025,1,51387,Credit,Alexandria Carlson DVM,,New Customer
S04224,CU0377,C0268,14-03-2024,2,48077,Credit,Tamara King,,Repeating Customer
S04225,CU0984,C0103,03-10-2023,2,67436,Installment,Linda Lam,,Repeating Customer
S04226,CU1734,C0487,21-05-2025,3,36993,Installment,Darren Pace,,Loyal Customer
S04227,CU1368,C0138,06-09-2025,1,88391,Cash,Samuel Jacobs,,New Customer
S04228,CU0722,C0316,25-08-2024,1,60426,Cash,Jacob Harris,,New Customer
S04229,CU1788,C0064,23-10-2024,2,46042,Credit,Susan Wong,,Repeating Customer
S04230,CU0157,C0216,27-11-2023,3,94860,Installment,Jennifer Henderson,,Loyal Customer
S04231,CU0647,C0202,05-11-2024,2,54408,Credit,Yesenia Bradley,,Repeating Customer
S04232,CU0599,C0459,20-01-2025,1,22258,Cash,Jeremy Wong,,New Customer
S04233,CU0467,C0334,17-11-2024,2,58472,Credit,Christy Boyd,,Repeating Customer
S04234,CU1121,C0290,09-12-2024,1,52128,Installment,Jennifer Ruiz,,New Customer
S04235,CU1520,C0412,08-11-2023,2,86535,Cash,Rhonda Robinson,,Repeating Customer
S04236,CU1079,C0190,13-02-2024,3,21967,Installment,Amy Hill,,Loyal Customer
S04237,CU0998,C0166,08-10-2025,2,56063,Installment,Jeffrey Cabrera,,Repeating Customer
S04238,CU1209,C0282,06-08-2024,2,50549,Installment,Derrick Torres,,Repeating Customer
S04239,CU0519,C0261,30-11-2022,1,63119,Installment,Rebecca Scott,,New Customer
S04240,CU1148,C0403,16-04-2025,1,47584,Credit,John Howard,,New Customer
S04241,CU0371,C0226,17-03-2023,3,16955,Cash,Gloria Hill,,Loyal Customer
S04242,CU1177,C0245,31-01-2023,2,22373,Cash,Ronald Perez,,Repeating Customer
S04243,CU0060,C0092,29-04-2025,2,77948,Cash,Brent Ray,,Repeating Customer
S04244,CU0104,C0194,04-10-2025,2,89000,Cash,Ruben Bass,,Repeating Customer
S04245,CU1839,C0116,11-02-2024,3,27998,Cash,Taylor Jenkins,,Loyal Customer
S04246,CU1509,C0128,05-06-2023,1,68980,Installment,Patrick Galloway,,New Customer
S04247,CU1828,C0188,21-10-2025,3,82939,Credit,Tiffany White,,Loyal Customer
S04248,CU0680,C0300,06-09-2023,1,44541,Cash,Jerry Carter,,New Customer
S04249,CU0538,C0374,26-09-2024,3,39240,Installment,Steve Moses,,Loyal Customer
S04250,CU0523,C0389,19-07-2024,1,89804,Credit,James Jordan,,New Customer
S04251,CU0437,C0029,25-12-2022,3,86839,Cash,John Foster,,Loyal Customer
S04252,CU1880,C0290,24-08-2023,3,41883,Installment,Sandra Kim,,Loyal Customer
S04253,CU0435,C0354,11-07-2024,3,19083,Cash,Sierra Pope,,Loyal Customer
S04254,CU1621,C0370,25-10-2024,3,22555,Cash,Donald Brewer,,Loyal Customer
S04255,CU1358,C0030,22-03-2023,2,50698,Credit,Cheyenne Wilson,,Repeating Customer
S04256,CU1186,C0230,29-05-2023,1,59457,Cash,Justin Conner,,New Customer
S04257,CU0976,C0218,20-06-2025,2,92328,Installment,Jessica White,,Repeating Customer
S04258,CU0324,C0007,25-12-2022,1,96411,Installment,Patricia Henry,,New Customer
S04259,CU1258,C0203,02-06-2023,2,75415,Installment,Heather Davis,,Repeating Customer
S04260,CU1590,C0040,28-05-2024,3,37432,Credit,Luis Wheeler,,Loyal Customer
S04261,CU0001,C0428,25-03-2025,2,67272,Installment,Matthew Boyle,,Repeating Customer
S04262,CU0821,C0203,09-01-2023,2,33308,Installment,Sharon Sweeney,,Repeating Customer
S04263,CU0261,C0129,02-12-2023,1,65816,Installment,Courtney West,,New Customer
S04264,CU0611,C0033,29-10-2024,1,27907,Cash,Julie Ellis,,New Customer
S04265,CU0627,C0245,01-01-2025,3,16795,Credit,Emily Kidd,,Loyal Customer
S04266,CU0755,C0368,15-10-2024,1,17337,Cash,Carrie Williams,,New Customer
S04267,CU0677,C0343,04-10-2024,3,27724,Credit,Kevin Mitchell,,Loyal Customer
S04268,CU1689,C0073,11-01-2025,1,28450,Credit,Bethany Jenkins,,New Customer
S04269,CU0236,C0195,10-05-2023,1,87428,Cash,Terry Nguyen,,New Customer
S04270,CU0205,C0301,21-08-2024,3,92056,Cash,Elizabeth Rivera,,Loyal Customer
S04271,CU0937,C0310,15-02-2025,1,44017,Credit,Cheryl Kennedy MD,,New Customer
S04272,CU1882,C0009,29-07-2025,2,65176,Cash,Michael Lee,,Repeating Customer
S04273,CU1575,C0130,28-03-2024,3,66096,Installment,Stacy Martin,,Loyal Customer
S04274,CU0839,C0284,25-10-2023,3,46659,Installment,Stefanie Owens,,Loyal Customer
S04275,CU0407,C0175,24-05-2024,3,67291,Credit,Mario Mercado,,Loyal Customer
S04276,CU0682,C0408,31-12-2022,3,40511,Installment,Ann Hall,,Loyal Customer
S04277,CU0266,C0425,24-05-2024,1,78345,Credit,Mrs. Tricia Robinson,,New Customer
S04278,CU0015,C0369,10-04-2023,2,28018,Installment,Jeffrey Horne,,Repeating Customer
S04279,CU1867,C0410,01-12-2024,2,19626,Cash,Andrew Johnson,,Repeating Customer
S04280,CU1551,C0117,12-05-2023,3,90146,Credit,Nicholas Jones,,Loyal Customer
S04281,CU0908,C0025,22-04-2023,3,43225,Credit,Traci Suarez,,Loyal Customer
S04282,CU1416,C0448,29-06-2024,1,39199,Credit,Kevin Adams,,New Customer
S04283,CU1459,C0109,13-11-2022,3,40474,Installment,Leslie Graham,,Loyal Customer
S04284,CU0941,C0044,14-06-2023,3,16968,Installment,Julie Rios,,Loyal Customer
S04285,CU1949,C0469,20-11-2022,2,20992,Installment,Tamara Alvarez,,Repeating Customer
S04286,CU1659,C0026,05-04-2025,1,88166,Cash,Jennifer Oconnor,,New Customer
S04287,CU0636,C0346,31-12-2022,2,63562,Installment,Daniel Townsend,,Repeating Customer
S04288,CU1943,C0411,01-02-2024,1,47652,Credit,Brian Stephens MD,,New Customer
S04289,CU0582,C0406,25-08-2025,1,43001,Cash,Kristin Johnson,,New Customer
S04290,CU0572,C0442,28-04-2025,1,37725,Installment,Jessica Blair,,New Customer
S04291,CU0675,C0174,13-12-2022,3,52731,Cash,Jessica Vazquez,,Loyal Customer
S04292,CU1898,C0460,24-09-2024,2,65539,Cash,Michael Morales,,Repeating Customer
S04293,CU0738,C0011,03-09-2023,2,58655,Credit,Lori Stewart,,Repeating Customer
S04294,CU0632,C0061,30-07-2023,3,38745,Cash,Julia Cox,,Loyal Customer
S04295,CU0045,C0498,23-11-2022,2,89912,Cash,William Andrews,,Repeating Customer
S04296,CU1771,C0093,22-10-2023,3,17105,Cash,Donald Cook,,Loyal Customer
S04297,CU0878,C0051,16-03-2023,3,89019,Installment,Christina Romero,,Loyal Customer
S04298,CU0860,C0468,23-04-2023,1,94084,Credit,Brooke Lopez,,New Customer
S04299,CU1973,C0218,17-08-2023,2,72084,Cash,Robert Howard,,Repeating Customer
S04300,CU1188,C0163,17-03-2024,3,79079,Installment,William Davis,,Loyal Customer
S04301,CU0902,C0461,07-10-2024,3,68898,Credit,Sharon Flores,,Loyal Customer
S04302,CU0337,C0108,23-11-2023,1,51149,Credit,Anthony Morrison,,New Customer
S04303,CU1453,C0453,16-12-2024,3,73801,Credit,Randy Patton,,Loyal Customer
S04304,CU1735,C0258,04-03-2023,2,82921,Credit,Christopher Suarez II,,Repeating Customer
S04305,CU1572,C0039,14-05-2023,3,77994,Cash,Brittany Cooper,,Loyal Customer
S04306,CU0217,C0010,11-11-2023,3,51840,Credit,Allen Sutton,,Loyal Customer
S04307,CU0646,C0368,12-05-2024,2,82516,Credit,Michelle Walters,,Repeating Customer
S04308,CU1323,C0221,01-11-2023,3,61701,Credit,Shaun Adams,,Loyal Customer
S04309,CU0385,C0250,25-07-2024,1,96068,Installment,Gloria Decker,,New Customer
S04310,CU1878,C0156,26-02-2025,2,97970,Cash,Heather Wyatt,,Repeating Customer
S04311,CU1711,C0324,25-09-2023,2,91572,Credit,Kenneth Lee,,Repeating Customer
S04312,CU0862,C0442,24-02-2024,1,31562,Cash,Tyler Dillon,,New Customer
S04313,CU0129,C0453,25-05-2025,3,33206,Credit,Joshua Mccarthy,,Loyal Customer
S04314,CU1514,C0417,31-01-2023,2,20183,Installment,Daniel Nelson,,Repeating Customer
S04315,CU0405,C0068,10-12-2022,2,24021,Installment,Sandra Carter,,Repeating Customer
S04316,CU0604,C0108,21-11-2024,1,99904,Cash,Christine Lyons,,New Customer
S04317,CU1931,C0209,02-10-2025,1,45820,Installment,Elizabeth Benton,,New Customer
S04318,CU1159,C0417,04-12-2023,1,38661,Cash,Gregory Marsh,,New Customer
S04319,CU1035,C0470,05-01-2023,3,69559,Installment,Dean Wang,,Loyal Customer
S04320,CU1277,C0497,22-01-2025,3,26191,Credit,Christine Clark,,Loyal Customer
S04321,CU1220,C0213,08-08-2023,3,66229,Installment,Sarah Simpson,,Loyal Customer
S04322,CU1355,C0272,20-12-2023,3,52257,Cash,Julia Clark,,Loyal Customer
S04323,CU0403,C0220,19-07-2025,1,70273,Credit,Nicholas Schmidt,,New Customer
S04324,CU0511,C0048,01-12-2024,1,25351,Credit,Eric Smith,,New Customer
S04325,CU0711,C0267,25-04-2025,1,83701,Credit,Daniel Peterson,,New Customer
S04326,CU0995,C0359,08-07-2024,1,41328,Credit,Brianna Hall,,New Customer
S04327,CU0572,C0039,26-07-2024,3,44714,Cash,Marie Davis,,Loyal Customer
S04328,CU0211,C0250,17-08-2025,2,25879,Installment,Steven Smith,,Repeating Customer
S04329,CU0896,C0474,10-09-2025,2,76857,Installment,Tracy Carlson,,Repeating Customer
S04330,CU0112,C0031,26-10-2024,3,71048,Cash,Maria Lara,,Loyal Customer
S04331,CU1250,C0109,12-12-2022,2,68115,Credit,Jay Owens,,Repeating Customer
S04332,CU0712,C0241,29-01-2024,2,22801,Installment,Donna Robbins,,Repeating Customer
S04333,CU1539,C0006,09-07-2023,3,90083,Credit,Frank Anderson,,Loyal Customer
S04334,CU1703,C0095,02-09-2023,1,53404,Cash,Mrs. Theresa Wells MD,,New Customer
S04335,CU1873,C0281,12-09-2023,1,84773,Installment,Mark Miller,,New Customer
S04336,CU1268,C0307,10-07-2023,2,75765,Cash,Sandra James,,Repeating Customer
S04337,CU1123,C0156,26-11-2024,2,92140,Installment,Donald Mcconnell,,Repeating Customer
S04338,CU1944,C0320,18-07-2023,2,75153,Installment,Marie Martin,,Repeating Customer
S04339,CU1322,C0350,01-06-2025,2,71515,Credit,Jennifer Smith,,Repeating Customer
S04340,CU0411,C0446,22-04-2023,2,69182,Installment,Shane Ferguson,,Repeating Customer
S04341,CU0977,C0414,27-12-2022,1,97950,Credit,Shelby Henderson,,New Customer
S04342,CU1675,C0054,05-12-2022,2,77709,Installment,Jason Smith,,Repeating Customer
S04343,CU0741,C0139,16-06-2023,3,40307,Credit,Matthew Hill,,Loyal Customer
S04344,CU0071,C0335,24-09-2024,3,42575,Cash,Helen Martin,,Loyal Customer
S04345,CU1611,C0150,29-12-2024,1,24809,Credit,Douglas Fowler,,New Customer
S04346,CU1151,C0450,29-02-2024,1,52013,Installment,Donald Morris,,New Customer
S04347,CU1446,C0213,10-05-2023,2,37004,Installment,Desiree Torres,,Repeating Customer
S04348,CU0771,C0264,09-06-2025,3,15965,Cash,Terri Reynolds,,Loyal Customer
S04349,CU0997,C0368,19-05-2024,1,95887,Credit,Michael Fowler,,New Customer
S04350,CU0958,C0118,29-06-2023,2,35706,Credit,Tina Potts,,Repeating Customer
S04351,CU0385,C0374,20-06-2024,2,96018,Credit,Glenn Thomas,,Repeating Customer
S04352,CU1506,C0103,20-01-2025,2,38178,Cash,Melissa Anderson,,Repeating Customer
S04353,CU1649,C0209,12-04-2025,3,83245,Installment,William Adams,,Loyal Customer
S04354,CU0173,C0308,08-07-2023,2,98520,Installment,Blake Casey,,Repeating Customer
S04355,CU1120,C0410,09-10-2023,2,98325,Installment,John Hogan,,Repeating Customer
S04356,CU0090,C0391,19-03-2023,3,48455,Cash,James Ellis,,Loyal Customer
S04357,CU0424,C0116,21-09-2023,1,69235,Credit,Anne Foster,,New Customer
S04358,CU1577,C0438,11-08-2025,3,46976,Cash,Larry Massey,,Loyal Customer
S04359,CU1720,C0006,13-09-2023,2,41483,Installment,Michael Clark,,Repeating Customer
S04360,CU0292,C0079,20-10-2024,1,36492,Cash,Tommy Hunter,,New Customer
S04361,CU1208,C0067,15-08-2025,2,95826,Credit,David Patel,,Repeating Customer
S04362,CU0793,C0206,18-02-2024,3,53297,Credit,Jacob Lewis,,Loyal Customer
S04363,CU0016,C0380,18-05-2025,3,65049,Cash,James Rogers,,Loyal Customer
S04364,CU0699,C0234,31-08-2023,1,59842,Cash,Michael Jones,,New Customer
S04365,CU0760,C0361,17-06-2023,1,74556,Credit,Bailey Gross,,New Customer
S04366,CU1449,C0410,11-10-2025,3,69293,Credit,Jeremy Ramos,,Loyal Customer
S04367,CU1987,C0325,22-10-2023,3,43634,Installment,Cameron Wilkinson,,Loyal Customer
S04368,CU1774,C0218,25-01-2024,3,39342,Cash,Thomas Thomas,,Loyal Customer
S04369,CU0715,C0030,08-10-2024,3,41262,Cash,Joseph Mitchell,,Loyal Customer
S04370,CU1631,C0226,08-02-2025,2,83600,Installment,Jody Guzman,,Repeating Customer
S04371,CU0950,C0485,14-08-2024,2,39583,Installment,Scott Lee,,Repeating Customer
S04372,CU1011,C0396,08-02-2025,2,48086,Installment,Dylan Tyler,,Repeating Customer
S04373,CU0929,C0265,18-01-2024,3,97371,Cash,Christopher Hensley,,Loyal Customer
S04374,CU1113,C0344,07-12-2024,2,49323,Cash,Jonathan Guerra,,Repeating Customer
S04375,CU0098,C0123,02-02-2025,2,19187,Credit,Adam Bernard,,Repeating Customer
S04376,CU0335,C0198,04-09-2024,3,43675,Cash,Courtney Brown,,Loyal Customer
S04377,CU0451,C0330,24-10-2025,1,47671,Credit,Steven Hill,,New Customer
S04378,CU1931,C0016,10-02-2025,1,31811,Installment,Matthew Hoffman,,New Customer
S04379,CU0872,C0105,24-08-2025,2,42902,Credit,Eric Jenkins,,Repeating Customer
S04380,CU0820,C0255,14-06-2023,1,99771,Credit,Isaac Garcia,,New Customer
S04381,CU0267,C0248,25-11-2022,2,85348,Cash,Daniel Phillips,,Repeating Customer
S04382,CU0940,C0149,05-11-2022,1,53265,Installment,Patrick Perkins,,New Customer
S04383,CU0921,C0387,24-02-2024,2,56215,Cash,Elizabeth Hunter,,Repeating Customer
S04384,CU1764,C0268,29-09-2025,1,15062,Cash,Anne Garcia,,New Customer
S04385,CU1720,C0155,12-08-2023,2,44556,Cash,Scott Rowland,,Repeating Customer
S04386,CU1702,C0118,11-09-2023,2,95513,Credit,Cynthia Brown,,Repeating Customer
S04387,CU1524,C0253,01-03-2023,1,83292,Cash,Thomas Bailey,,New Customer
S04388,CU0684,C0093,23-09-2024,2,35730,Installment,David Ramirez,,Repeating Customer
S04389,CU0327,C0275,04-05-2024,3,90266,Cash,Austin Johnson,,Loyal Customer
S04390,CU1505,C0293,28-11-2022,3,89526,Cash,Joseph Bullock,,Loyal Customer
S04391,CU1571,C0283,06-09-2023,3,42702,Cash,Craig Reeves,,Loyal Customer
S04392,CU1360,C0048,24-11-2024,3,38761,Cash,Ebony Padilla,,Loyal Customer
S04393,CU0639,C0064,09-06-2024,1,87992,Credit,Kevin Martinez,,New Customer
S04394,CU0568,C0086,26-02-2023,1,99081,Installment,Alexandra Salazar,,New Customer
S04395,CU1343,C0275,11-07-2025,1,37031,Cash,Daniel Williams,,New Customer
S04396,CU0984,C0444,17-12-2022,1,61448,Installment,Jamie Jennings,,New Customer
S04397,CU0213,C0126,11-04-2023,3,94125,Cash,James Holt,,Loyal Customer
S04398,CU1608,C0327,13-02-2024,1,36160,Installment,Peter Carter,,New Customer
S04399,CU0720,C0300,29-02-2024,2,30491,Credit,Steven Moore,,Repeating Customer
S04400,CU0763,C0490,14-10-2024,2,39128,Cash,Amber Barton,,Repeating Customer
S04401,CU0119,C0486,15-03-2023,3,89892,Credit,Natalie Yu,,Loyal Customer
S04402,CU1123,C0282,25-09-2023,3,33289,Credit,Jose Calhoun,,Loyal Customer
S04403,CU0914,C0233,31-12-2024,1,28766,Credit,David Pugh,,New Customer
S04404,CU1383,C0240,20-10-2024,2,32522,Credit,Sean Hamilton,,Repeating Customer
S04405,CU0503,C0494,25-05-2024,1,44222,Cash,Jamie Bentley,,New Customer
S04406,CU1752,C0015,26-03-2024,3,72109,Credit,Jennifer Munoz,,Loyal Customer
S04407,CU0352,C0365,17-04-2023,2,37904,Installment,Pam Sparks,,Repeating Customer
S04408,CU0150,C0113,12-07-2025,2,71974,Cash,Jessica Harris,,Repeating Customer
S04409,CU1230,C0303,17-11-2023,3,97698,Credit,Lindsey Hughes,,Loyal Customer
S04410,CU0172,C0164,22-10-2024,1,27210,Installment,Erika Wells,,New Customer
S04411,CU0464,C0239,23-12-2024,3,26201,Cash,Elizabeth Zhang,,Loyal Customer
S04412,CU1533,C0127,21-05-2025,2,59931,Credit,Jeremiah Fleming,,Repeating Customer
S04413,CU1187,C0497,12-05-2023,1,59422,Credit,Hannah Preston,,New Customer
S04414,CU1813,C0054,21-02-2025,3,69585,Credit,Lisa Jensen,,Loyal Customer
S04415,CU1681,C0436,29-04-2025,1,86269,Credit,Jonathan Liu,,New Customer
S04416,CU0248,C0108,08-08-2024,1,67383,Credit,Jeanne Mckee,,New Customer
S04417,CU0819,C0117,05-10-2023,1,60923,Credit,Derek Williams,,New Customer
S04418,CU0567,C0323,09-09-2023,2,35453,Credit,Paul Dunn,,Repeating Customer
S04419,CU0716,C0028,20-02-2024,3,91329,Installment,John Sanchez,,Loyal Customer
S04420,CU0718,C0258,07-05-2023,3,87859,Credit,Eric Richard,,Loyal Customer
S04421,CU0494,C0112,20-03-2024,2,89550,Credit,Kim Bradley,,Repeating Customer
S04422,CU1937,C0117,28-07-2025,3,18853,Credit,Brittany Evans,,Loyal Customer
S04423,CU1111,C0313,06-09-2023,3,85122,Installment,Joshua Robles,,Loyal Customer
S04424,CU0616,C0198,26-04-2023,1,83384,Credit,Chelsea Rhodes,,New Customer
S04425,CU1530,C0427,19-04-2025,1,71222,Installment,Christopher Ray,,New Customer
S04426,CU1840,C0382,16-10-2024,1,40913,Installment,Mike Hartman,,New Customer
S04427,CU1098,C0273,16-07-2023,2,70874,Installment,Susan Dunn,,Repeating Customer
S04428,CU0526,C0152,05-06-2023,2,31482,Credit,Steven Barrera,,Repeating Customer
S04429,CU1670,C0151,18-11-2024,2,43887,Credit,Emily Wood,,Repeating Customer
S04430,CU1218,C0213,21-10-2023,2,59277,Cash,Carol Campbell,,Repeating Customer
S04431,CU1687,C0049,11-12-2023,3,37646,Cash,Pamela Parsons,,Loyal Customer
S04432,CU1001,C0047,26-02-2023,2,48854,Cash,Danielle Bennett DDS,,Repeating Customer
S04433,CU1338,C0180,06-05-2023,1,32336,Installment,Robert Lynn,,New Customer
S04434,CU0463,C0227,01-03-2025,2,96819,Credit,Dalton Hicks,,Repeating Customer
S04435,CU0470,C0226,24-10-2023,2,34142,Cash,Bianca Hester MD,,Repeating Customer
S04436,CU1264,C0418,19-04-2024,2,58198,Credit,Jasmine Mason,,Repeating Customer
S04437,CU0765,C0142,03-05-2025,2,20788,Installment,Karina Hernandez,,Repeating Customer
S04438,CU0159,C0183,19-01-2025,2,57181,Credit,Joseph Young,,Repeating Customer
S04439,CU1832,C0325,17-11-2022,1,92559,Installment,Shawn Singh,,New Customer
S04440,CU0970,C0449,10-11-2023,2,17642,Credit,Matthew Fuentes,,Repeating Customer
S04441,CU1461,C0088,15-06-2025,2,28570,Cash,Sara Baker,,Repeating Customer
S04442,CU1895,C0483,16-12-2024,3,51579,Credit,Jason Wright,,Loyal Customer
S04443,CU0332,C0467,12-10-2024,3,62715,Credit,Melinda Anderson MD,,Loyal Customer
S04444,CU0389,C0489,07-11-2023,3,92607,Cash,Gary Crawford,,Loyal Customer
S04445,CU0335,C0488,30-05-2023,3,42827,Credit,Jon Hardy,,Loyal Customer
S04446,CU0558,C0329,27-08-2024,1,43070,Cash,Carly Coleman,,New Customer
S04447,CU0403,C0043,26-04-2024,1,55755,Cash,Joshua Harding,,New Customer
S04448,CU0966,C0122,10-03-2025,1,89369,Cash,Joshua Hill,,New Customer
S04449,CU1470,C0111,07-01-2023,1,82336,Cash,Marie Crawford,,New Customer
S04450,CU1742,C0231,25-06-2024,1,73586,Credit,Peter Guzman,,New Customer
S04451,CU0113,C0285,09-04-2024,2,76464,Credit,Jeremiah Coleman,,Repeating Customer
S04452,CU1692,C0210,12-01-2025,2,77689,Credit,Eric Howell,,Repeating Customer
S04453,CU0673,C0306,25-05-2023,2,72144,Installment,Emily Gonzales,,Repeating Customer
S04454,CU1156,C0369,28-04-2023,3,81957,Installment,Megan Erickson,,Loyal Customer
S04455,CU1453,C0045,21-05-2024,1,96778,Installment,Edward Dudley,,New Customer
S04456,CU1033,C0193,07-10-2024,3,45484,Cash,Robert Frazier,,Loyal Customer
S04457,CU0030,C0362,10-02-2024,2,56451,Installment,Monica Anderson,,Repeating Customer
S04458,CU1654,C0119,26-09-2024,3,22788,Credit,Kevin Warren,,Loyal Customer
S04459,CU0761,C0490,06-02-2023,3,22085,Credit,Sandra Chang,,Loyal Customer
S04460,CU1620,C0166,21-08-2025,1,86445,Credit,Jesse Foster,,New Customer
S04461,CU0961,C0091,01-12-2022,1,46264,Credit,Stephanie Austin,,New Customer
S04462,CU0411,C0205,16-11-2022,2,82944,Cash,Jimmy Harvey,,Repeating Customer
S04463,CU0485,C0305,07-03-2025,3,63631,Credit,Kathleen Deleon,,Loyal Customer
S04464,CU1464,C0091,02-02-2025,3,68997,Cash,Jeffrey Holloway,,Loyal Customer
S04465,CU0653,C0183,06-06-2023,3,71711,Credit,Kim Ponce,,Loyal Customer
S04466,CU0201,C0040,28-02-2025,2,72846,Credit,Kara Underwood,,Repeating Customer
S04467,CU0805,C0163,23-08-2024,1,57884,Credit,Noah Osborn,,New Customer
S04468,CU0272,C0013,06-10-2025,3,87278,Installment,Stephen Davis,,Loyal Customer
S04469,CU1557,C0017,31-07-2023,2,40379,Cash,Lydia Peterson,,Repeating Customer
S04470,CU0558,C0349,17-07-2023,1,73505,Credit,Jose Miller,,New Customer
S04471,CU0627,C0384,10-10-2024,2,56602,Credit,Renee Velasquez,,Repeating Customer
S04472,CU0028,C0194,16-05-2023,1,65737,Installment,Daniel Ramirez,,New Customer
S04473,CU1910,C0118,12-03-2025,2,47951,Credit,Amanda House,,Repeating Customer
S04474,CU1033,C0481,05-04-2025,3,41696,Cash,Nicole Hawkins,,Loyal Customer
S04475,CU0144,C0282,22-09-2025,2,61318,Cash,Morgan Hawkins,,Repeating Customer
S04476,CU1706,C0450,08-01-2023,3,60648,Installment,Jessica Kelly,,Loyal Customer
S04477,CU1089,C0203,22-02-2025,1,83374,Installment,Jenna Marquez,,New Customer
S04478,CU1583,C0222,14-08-2025,1,54208,Credit,Richard Valdez,,New Customer
S04479,CU1805,C0459,07-12-2022,2,75704,Cash,Edward Lowe,,Repeating Customer
S04480,CU1973,C0476,18-08-2024,2,88905,Cash,Michelle Pena DVM,,Repeating Customer
S04481,CU0703,C0229,07-11-2024,2,90386,Credit,David Carr,,Repeating Customer
S04482,CU0673,C0462,19-01-2024,1,93614,Installment,Marcus Huber,,New Customer
S04483,CU1166,C0319,16-08-2025,2,93845,Credit,Mary Cruz,,Repeating Customer
S04484,CU0389,C0494,16-10-2025,3,46347,Installment,Kimberly Serrano,,Loyal Customer
S04485,CU1118,C0302,11-02-2024,2,55778,Installment,Todd Reyes,,Repeating Customer
S04486,CU0913,C0500,06-04-2024,1,46173,Credit,Michael Wallace,,New Customer
S04487,CU0562,C0012,29-05-2024,2,75519,Credit,James Fernandez,,Repeating Customer
S04488,CU1129,C0322,07-06-2024,3,85556,Installment,Mary Garza MD,,Loyal Customer
S04489,CU0495,C0384,28-05-2025,1,79435,Cash,Cody Gutierrez,,New Customer
S04490,CU1774,C0358,26-06-2024,1,99090,Installment,Warren Bauer,,New Customer
S04491,CU1544,C0139,24-05-2025,3,51484,Cash,Lauren Miranda,,Loyal Customer
S04492,CU0807,C0084,17-11-2022,3,23599,Installment,Richard Stafford,,Loyal Customer
S04493,CU0375,C0420,24-12-2022,2,34955,Installment,Crystal Mcgrath,,Repeating Customer
S04494,CU0825,C0487,30-08-2023,1,49512,Installment,Brenda Mckee,,New Customer
S04495,CU1354,C0055,20-05-2023,1,71680,Credit,Brandi Diaz,,New Customer
S04496,CU1264,C0247,26-05-2024,2,48301,Cash,Nathan Hunt,,Repeating Customer
S04497,CU1008,C0041,27-01-2025,1,65790,Credit,Edward Roy,,New Customer
S04498,CU0102,C0277,08-02-2025,2,70084,Credit,Mr. James Barnes,,Repeating Customer
S04499,CU1117,C0345,18-06-2025,3,22269,Cash,Raymond Garcia,,Loyal Customer
S04500,CU0497,C0369,21-07-2024,2,36479,Installment,Nicole Waller,,Repeating Customer
S04501,CU1807,C0014,25-12-2022,2,41168,Installment,Bradley Ward,,Repeating Customer
S04502,CU1499,C0372,23-05-2024,3,97973,Cash,Joseph Johnson,,Loyal Customer
S04503,CU0264,C0148,03-07-2025,3,83689,Cash,Adam Gross,,Loyal Customer
S04504,CU0692,C0124,04-01-2025,1,99315,Credit,Anna Garner,,New Customer
S04505,CU1773,C0009,08-07-2024,3,48280,Cash,Johnny Dunlap,,Loyal Customer
S04506,CU0956,C0003,15-05-2023,3,46467,Installment,John Sandoval,,Loyal Customer
S04507,CU0466,C0366,09-07-2024,3,72226,Cash,Christopher Alexander,,Loyal Customer
S04508,CU0451,C0437,18-10-2023,2,35219,Cash,David Burgess,,Repeating Customer
S04509,CU0244,C0129,21-03-2025,2,31787,Credit,Margaret White,,Repeating Customer
S04510,CU0455,C0497,20-11-2023,1,66707,Installment,James Harrison,,New Customer
S04511,CU1040,C0040,22-07-2024,2,63823,Installment,Jason Wheeler,,Repeating Customer
S04512,CU1824,C0195,21-06-2024,3,23498,Credit,Eric Smith,,Loyal Customer
S04513,CU1002,C0360,22-05-2025,3,55890,Credit,Brian Cannon,,Loyal Customer
S04514,CU1680,C0097,15-06-2024,3,50167,Cash,Jose Mccall,,Loyal Customer
S04515,CU0796,C0265,26-05-2025,1,80356,Installment,Peter Roberts,,New Customer
S04516,CU0675,C0359,18-03-2023,2,75646,Credit,Jennifer Williams,,Repeating Customer
S04517,CU0839,C0243,20-09-2023,1,99969,Cash,Laura Rivers,,New Customer
S04518,CU0627,C0178,29-06-2023,2,37691,Cash,Cassandra Palmer,,Repeating Customer
S04519,CU1320,C0089,09-12-2023,3,66038,Credit,Abigail Carpenter,,Loyal Customer
S04520,CU1334,C0048,13-10-2025,2,91580,Credit,Jacob Foster,,Repeating Customer
S04521,CU0672,C0135,27-06-2023,2,91943,Credit,Aaron Fitzgerald,,Repeating Customer
S04522,CU0206,C0019,11-03-2025,2,37390,Installment,Jennifer Oliver,,Repeating Customer
S04523,CU0158,C0001,09-04-2025,1,27070,Credit,Jeffrey Choi,,New Customer
S04524,CU0882,C0374,08-10-2023,3,15558,Installment,Julie Marshall,,Loyal Customer
S04525,CU0517,C0329,28-06-2024,1,45913,Installment,Lori Campbell,,New Customer
S04526,CU1591,C0118,25-02-2025,3,18591,Credit,Maria Kelley,,Loyal Customer
S04527,CU1246,C0044,10-12-2023,3,96944,Cash,Ashley Luna,,Loyal Customer
S04528,CU1048,C0033,21-11-2023,3,48972,Installment,Jonathan Sullivan,,Loyal Customer
S04529,CU1636,C0435,19-05-2024,3,44268,Credit,John White,,Loyal Customer
S04530,CU0234,C0031,01-06-2025,1,80544,Installment,Monica Khan,,New Customer
S04531,CU1866,C0018,27-03-2023,1,18167,Credit,Erin Bennett,,New Customer
S04532,CU1332,C0458,14-12-2022,2,78730,Cash,Nicholas Edwards,,Repeating Customer
S04533,CU0375,C0296,28-04-2024,1,80943,Installment,Michael Woodward,,New Customer
S04534,CU0982,C0382,04-11-2023,3,23171,Cash,Teresa Knapp,,Loyal Customer
S04535,CU1968,C0450,05-11-2023,3,32374,Installment,Kevin Davies,,Loyal Customer
S04536,CU1581,C0033,01-01-2025,2,63144,Credit,Charles Weaver,,Repeating Customer
S04537,CU0555,C0439,09-01-2025,2,81397,Cash,Taylor Baker,,Repeating Customer
S04538,CU0829,C0265,13-12-2022,3,25414,Cash,Brandon Flores,,Loyal Customer
S04539,CU1998,C0413,26-08-2024,2,65961,Credit,Cindy Pacheco,,Repeating Customer
S04540,CU1450,C0135,08-04-2024,1,32485,Cash,Elizabeth Wagner,,New Customer
S04541,CU0878,C0281,13-04-2024,2,38551,Installment,Hector Cooper,,Repeating Customer
S04542,CU1051,C0087,04-11-2022,3,34924,Installment,Damon Perez,,Loyal Customer
S04543,CU1717,C0236,21-12-2023,2,38559,Credit,Maria Howell,,Repeating Customer
S04544,CU0384,C0165,03-10-2023,3,93008,Cash,Joshua Clark,,Loyal Customer
S04545,CU1079,C0244,18-02-2024,1,24952,Cash,Jason Murray,,New Customer
S04546,CU0318,C0327,05-05-2024,1,59089,Installment,Michael Camacho,,New Customer
S04547,CU1826,C0300,12-07-2023,3,18174,Credit,Ashley Perez,,Loyal Customer
S04548,CU1154,C0493,26-06-2023,2,81514,Cash,Deborah Gonzalez,,Repeating Customer
S04549,CU1583,C0059,13-02-2025,2,78718,Credit,Rachel Walls,,Repeating Customer
S04550,CU1940,C0206,26-08-2025,2,27513,Installment,Michael Turner,,Repeating Customer
S04551,CU0547,C0350,26-07-2024,2,47737,Cash,Meredith Booth,,Repeating Customer
S04552,CU0798,C0258,01-04-2024,2,44869,Installment,Ricky Winters,,Repeating Customer
S04553,CU0843,C0045,07-03-2025,1,78290,Installment,David Matthews,,New Customer
S04554,CU1516,C0012,09-03-2024,2,65272,Installment,Brandon Campbell,,Repeating Customer
S04555,CU1472,C0140,31-08-2024,3,41203,Credit,Stephanie Duffy,,Loyal Customer
S04556,CU1048,C0215,01-07-2023,1,38217,Installment,Christopher Shannon,,New Customer
S04557,CU1802,C0426,21-08-2023,1,53860,Cash,Lauren Roberts,,New Customer
S04558,CU1561,C0127,10-05-2024,3,73387,Credit,Jason Rice,,Loyal Customer
S04559,CU0078,C0229,17-06-2023,1,31826,Credit,William Duran,,New Customer
S04560,CU1603,C0157,30-06-2024,3,17606,Credit,Heather Fuentes,,Loyal Customer
S04561,CU1315,C0359,29-06-2023,2,15976,Installment,Tara Day,,Repeating Customer
S04562,CU1289,C0416,02-09-2023,3,46933,Installment,Lisa Fowler,,Loyal Customer
S04563,CU1775,C0124,23-07-2023,3,48124,Cash,Richard Perry,,Loyal Customer
S04564,CU1406,C0288,21-11-2022,3,25864,Credit,Cathy Allen,,Loyal Customer
S04565,CU0649,C0061,20-04-2023,3,74086,Credit,Jared Riggs,,Loyal Customer
S04566,CU0243,C0187,03-08-2023,3,17139,Cash,Hannah Armstrong,,Loyal Customer
S04567,CU1597,C0083,02-06-2024,1,32209,Cash,Nicholas Fitzpatrick,,New Customer
S04568,CU1270,C0237,29-02-2024,1,85992,Installment,Dr. Christopher Barton,,New Customer
S04569,CU1315,C0107,03-03-2024,3,23413,Credit,Robert Reyes,,Loyal Customer
S04570,CU1495,C0275,17-07-2024,3,21545,Installment,Clifford Baxter,,Loyal Customer
S04571,CU0054,C0396,27-03-2024,1,85354,Installment,Mary Leon,,New Customer
S04572,CU0939,C0450,05-05-2025,1,74834,Credit,Sherri Peterson,,New Customer
S04573,CU1121,C0158,22-08-2024,1,94079,Credit,Shelly Jones,,New Customer
S04574,CU1436,C0229,21-12-2022,1,55875,Cash,Pamela Graham,,New Customer
S04575,CU0424,C0393,19-06-2024,1,45822,Cash,Michael Reed,,New Customer
S04576,CU0953,C0439,01-05-2024,3,72508,Cash,Nathan Ford,,Loyal Customer
S04577,CU1779,C0446,18-09-2023,2,20129,Cash,Brad Spencer,,Repeating Customer
S04578,CU1930,C0262,06-02-2025,1,90541,Installment,Tara Anderson,,New Customer
S04579,CU0514,C0092,08-04-2024,2,30788,Installment,Rachel Stewart,,Repeating Customer
S04580,CU1278,C0175,09-04-2025,1,45532,Cash,Denise Ball,,New Customer
S04581,CU0909,C0248,27-08-2024,2,22959,Cash,Tara Morris,,Repeating Customer
S04582,CU1960,C0071,16-04-2025,1,61219,Installment,Mr. Todd Taylor,,New Customer
S04583,CU1324,C0349,03-07-2024,3,22476,Installment,Jacqueline Leach,,Loyal Customer
S04584,CU0218,C0144,14-12-2022,1,48818,Credit,Brandon Vaughan,,New Customer
S04585,CU0495,C0069,07-05-2024,1,84261,Cash,Katherine Williams,,New Customer
S04586,CU1669,C0076,07-03-2024,2,62106,Cash,Jacob Madden,,Repeating Customer
S04587,CU1804,C0246,18-08-2024,3,48262,Cash,Christine Williams,,Loyal Customer
S04588,CU0196,C0285,06-07-2024,2,35159,Installment,Cynthia Patterson,,Repeating Customer
S04589,CU1404,C0172,02-06-2025,2,90508,Installment,John Potts,,Repeating Customer
S04590,CU1044,C0405,09-08-2024,1,47972,Credit,Michael Estrada,,New Customer
S04591,CU0153,C0297,03-09-2024,2,55524,Installment,Robert Stevens,,Repeating Customer
S04592,CU1994,C0286,13-12-2023,2,84430,Installment,Tonya Tanner,,Repeating Customer
S04593,CU0379,C0368,13-01-2023,1,49591,Installment,Mr. Glenn Howard,,New Customer
S04594,CU0053,C0078,02-12-2024,2,67412,Installment,Brent Burton,,Repeating Customer
S04595,CU1692,C0291,03-06-2023,1,27294,Cash,Jason Bauer,,New Customer
S04596,CU0873,C0470,08-07-2025,2,60454,Cash,Darin Roberts,,Repeating Customer
S04597,CU1470,C0263,12-10-2023,3,71495,Credit,Kayla Bradford,,Loyal Customer
S04598,CU1615,C0474,13-11-2022,2,98394,Installment,Steven Carpenter,,Repeating Customer
S04599,CU0291,C0181,30-06-2024,2,31717,Installment,Phillip Andrews,,Repeating Customer
S04600,CU1632,C0143,05-04-2023,1,89816,Cash,Jeffery Gray,,New Customer
S04601,CU0490,C0238,22-06-2023,1,93103,Credit,Jesse Johnson,,New Customer
S04602,CU0133,C0465,22-09-2024,2,54565,Installment,Mrs. Linda Brennan,,Repeating Customer
S04603,CU1597,C0055,21-03-2025,3,84401,Cash,Kimberly Wagner,,Loyal Customer
S04604,CU1629,C0001,21-08-2024,2,25094,Installment,Maria Harrell,,Repeating Customer
S04605,CU0315,C0132,03-09-2023,2,79089,Credit,Eric Lane,,Repeating Customer
S04606,CU0254,C0125,14-04-2024,3,68503,Installment,Jeff Ellison,,Loyal Customer
S04607,CU0649,C0391,31-03-2023,2,67957,Installment,Ruth Bell,,Repeating Customer
S04608,CU0441,C0186,27-07-2025,2,78997,Cash,Ryan Moreno,,Repeating Customer
S04609,CU0673,C0395,10-08-2023,2,50801,Credit,Brenda Costa,,Repeating Customer
S04610,CU0640,C0270,17-11-2024,3,85490,Installment,Scott Carpenter,,Loyal Customer
S04611,CU1027,C0434,20-06-2025,2,92775,Installment,Donald Simpson,,Repeating Customer
S04612,CU0289,C0428,31-07-2024,1,44919,Credit,David Hubbard,,New Customer
S04613,CU1698,C0368,23-02-2025,2,83769,Credit,Adam Cox,,Repeating Customer
S04614,CU0028,C0458,17-10-2023,3,72234,Credit,Timothy Wright,,Loyal Customer
S04615,CU1244,C0302,04-09-2025,2,68928,Installment,Diana Scott,,Repeating Customer
S04616,CU0517,C0125,21-02-2025,2,32817,Cash,Regina Barnett,,Repeating Customer
S04617,CU1567,C0187,11-09-2023,3,46309,Credit,Darrell Jones,,Loyal Customer
S04618,CU1326,C0274,01-04-2024,1,98020,Cash,Bradley Galvan,,New Customer
S04619,CU0590,C0017,12-07-2023,1,77183,Cash,Cindy Mack,,New Customer
S04620,CU1359,C0044,16-10-2025,2,39239,Installment,Dylan Rivera,,Repeating Customer
S04621,CU1104,C0490,24-01-2025,2,57504,Credit,Jessica Houston,,Repeating Customer
S04622,CU0957,C0423,05-09-2025,2,76655,Cash,Allison Reed,,Repeating Customer
S04623,CU1034,C0454,13-07-2024,1,66606,Installment,Hannah Alexander,,New Customer
S04624,CU0624,C0329,03-08-2024,1,33971,Installment,Hannah Jones,,New Customer
S04625,CU1712,C0318,03-10-2024,3,90306,Cash,Dr. Casey Jackson,,Loyal Customer
S04626,CU1923,C0105,16-11-2022,2,79383,Installment,David Vincent,,Repeating Customer
S04627,CU0192,C0199,21-02-2023,1,51713,Credit,Benjamin Mendoza,,New Customer
S04628,CU0628,C0049,17-03-2024,3,56022,Cash,Kevin Byrd,,Loyal Customer
S04629,CU1334,C0206,21-03-2024,2,52375,Installment,Katherine Pittman,,Repeating Customer
S04630,CU0621,C0050,24-04-2023,1,72290,Cash,Jason Hernandez,,New Customer
S04631,CU1975,C0059,14-12-2024,1,39855,Installment,Crystal Martin,,New Customer
S04632,CU1343,C0326,04-03-2025,1,78270,Installment,Kim Castro,,New Customer
S04633,CU0235,C0322,17-11-2024,2,20048,Cash,Sheena Travis DVM,,Repeating Customer
S04634,CU1419,C0385,24-05-2023,3,58388,Cash,Harry Waters,,Loyal Customer
S04635,CU1112,C0193,28-11-2023,3,66253,Cash,Laura Johnson,,Loyal Customer
S04636,CU0693,C0262,01-07-2025,2,77199,Installment,Carol Swanson,,Repeating Customer
S04637,CU0422,C0297,10-08-2023,2,74908,Installment,Denise Schultz,,Repeating Customer
S04638,CU0374,C0453,27-09-2025,3,21891,Cash,Jeffrey Martinez,,Loyal Customer
S04639,CU1170,C0436,06-11-2022,3,91962,Credit,Anna Foster MD,,Loyal Customer
S04640,CU1931,C0150,08-03-2025,1,41433,Installment,Eugene Flores,,New Customer
S04641,CU0739,C0345,24-03-2025,3,65001,Installment,Nicole Deleon,,Loyal Customer
S04642,CU1249,C0460,23-10-2024,3,74390,Credit,Jordan Evans,,Loyal Customer
S04643,CU1934,C0406,12-11-2024,1,96319,Installment,Renee Mccarty,,New Customer
S04644,CU1054,C0233,20-11-2023,1,77252,Cash,Brian Collins,,New Customer
S04645,CU0610,C0221,03-06-2023,3,40913,Credit,Lisa Price,,Loyal Customer
S04646,CU0869,C0035,01-04-2024,1,73694,Cash,Lauren Gonzalez,,New Customer
S04647,CU0361,C0307,15-10-2023,3,69258,Cash,David Hernandez,,Loyal Customer
S04648,CU1201,C0007,03-07-2025,3,56385,Installment,Brandon Willis,,Loyal Customer
S04649,CU1281,C0047,24-03-2024,2,78100,Installment,James Newton,,Repeating Customer
S04650,CU0417,C0252,17-08-2024,2,68259,Cash,Keith Hunt,,Repeating Customer
S04651,CU0740,C0361,20-08-2024,1,81826,Cash,Katherine Allen,,New Customer
S04652,CU1490,C0368,01-12-2023,3,47642,Credit,Tyler Anderson,,Loyal Customer
S04653,CU1145,C0465,23-08-2023,2,50210,Installment,Carla Gonzales,,Repeating Customer
S04654,CU0031,C0003,18-11-2024,1,49791,Installment,Jennifer Martin,,New Customer
S04655,CU1513,C0468,24-08-2023,2,91268,Credit,Andrew Adams,,Repeating Customer
S04656,CU0004,C0036,05-10-2024,1,90154,Credit,Aaron Davis,,New Customer
S04657,CU0008,C0313,17-01-2023,2,61066,Installment,Michelle Woods,,Repeating Customer
S04658,CU0691,C0300,27-09-2024,3,78243,Cash,Alexandria Floyd,,Loyal Customer
S04659,CU0454,C0344,13-06-2023,2,70507,Credit,Wendy Taylor,,Repeating Customer
S04660,CU0704,C0500,29-10-2023,1,72001,Installment,Jennifer Price,,New Customer
S04661,CU0376,C0163,28-08-2025,1,55946,Credit,Benjamin Harrell,,New Customer
S04662,CU1598,C0497,25-12-2022,1,20640,Cash,April Meyer,,New Customer
S04663,CU1564,C0060,24-10-2023,2,93469,Cash,Destiny Ortega,,Repeating Customer
S04664,CU1147,C0059,26-03-2024,2,44193,Credit,Andrea Alvarado,,Repeating Customer
S04665,CU1392,C0301,17-09-2023,3,23123,Installment,Brittany Meyers,,Loyal Customer
S04666,CU1231,C0074,02-04-2023,2,84669,Installment,Richard Abbott,,Repeating Customer
S04667,CU0780,C0081,20-03-2024,2,70851,Installment,Rachel Payne,,Repeating Customer
S04668,CU1991,C0149,10-09-2024,2,75066,Credit,Bradley Hernandez,,Repeating Customer
S04669,CU0975,C0408,31-10-2023,3,38844,Installment,Michael Vang,,Loyal Customer
S04670,CU0662,C0416,17-09-2023,2,64579,Cash,William Hall,,Repeating Customer
S04671,CU1486,C0005,28-04-2025,1,77853,Cash,Timothy Gaines,,New Customer
S04672,CU1242,C0239,04-02-2025,2,30256,Installment,Sarah Heath,,Repeating Customer
S04673,CU0712,C0084,29-04-2024,1,42584,Installment,Kirsten Bruce,,New Customer
S04674,CU1676,C0493,30-06-2023,1,49474,Cash,Michael Miller,,New Customer
S04675,CU0480,C0476,17-07-2025,1,78510,Cash,Joseph Shepherd,,New Customer
S04676,CU0976,C0187,27-04-2024,3,27825,Credit,Allison Thomas,,Loyal Customer
S04677,CU0355,C0255,14-09-2024,3,69887,Cash,Mr. David Lucero,,Loyal Customer
S04678,CU1515,C0218,05-08-2023,3,53615,Cash,Brian Garcia,,Loyal Customer
S04679,CU1984,C0440,21-08-2025,3,65504,Credit,Debra Hammond,,Loyal Customer
S04680,CU0142,C0048,10-12-2023,2,86843,Cash,Timothy Gonzales,,Repeating Customer
S04681,CU1893,C0231,04-07-2024,1,52743,Installment,Timothy Martinez,,New Customer
S04682,CU1577,C0394,06-01-2023,1,87357,Installment,Alice Armstrong,,New Customer
S04683,CU1546,C0323,30-08-2024,2,98690,Cash,Angela Medina,,Repeating Customer
S04684,CU1667,C0302,20-04-2025,3,39262,Credit,Jennifer Davis,,Loyal Customer
S04685,CU0041,C0487,16-11-2024,2,99559,Cash,Cory Butler,,Repeating Customer
S04686,CU1529,C0029,29-04-2025,2,61416,Credit,Denise Mccarthy,,Repeating Customer
S04687,CU0955,C0096,06-01-2024,3,78437,Cash,Kevin Dominguez,,Loyal Customer
S04688,CU0497,C0348,23-12-2024,1,76693,Installment,Colleen Fisher,,New Customer
S04689,CU0803,C0141,04-09-2024,1,51193,Installment,Alexandra Gonzales,,New Customer
S04690,CU1085,C0331,23-08-2025,2,47061,Credit,Derrick Thomas,,Repeating Customer
S04691,CU0717,C0494,31-10-2023,3,98522,Cash,Mr. Christopher Smith MD,,Loyal Customer
S04692,CU1918,C0136,23-06-2023,2,87136,Credit,Tracy Cohen,,Repeating Customer
S04693,CU0942,C0043,04-12-2024,1,78811,Credit,Jessica Beltran,,New Customer
S04694,CU1075,C0009,15-05-2025,2,37847,Installment,Brittany Jones,,Repeating Customer
S04695,CU1626,C0178,29-08-2024,2,68139,Installment,Bailey Coleman,,Repeating Customer
S04696,CU0400,C0300,08-02-2025,1,73032,Credit,Timothy Anthony,,New Customer
S04697,CU0064,C0160,29-11-2024,2,41617,Cash,Derek Jones,,Repeating Customer
S04698,CU1345,C0381,24-11-2024,2,65116,Credit,Kelly Tanner,,Repeating Customer
S04699,CU0674,C0172,22-04-2025,3,84026,Installment,Luke Delacruz,,Loyal Customer
S04700,CU1481,C0352,29-02-2024,2,87879,Installment,Michael Lester,,Repeating Customer
S04701,CU0005,C0190,20-04-2024,3,47457,Cash,Steven Mejia,,Loyal Customer
S04702,CU0209,C0007,11-04-2024,2,42673,Installment,James Miller Jr.,,Repeating Customer
S04703,CU0330,C0048,20-11-2022,1,64437,Credit,Daniel Cook,,New Customer
S04704,CU1277,C0437,11-05-2023,1,97351,Credit,John Johnson,,New Customer
S04705,CU1101,C0047,29-10-2023,2,50884,Cash,Kimberly Mcintyre,,Repeating Customer
S04706,CU0396,C0212,14-05-2025,2,76191,Cash,Valerie Montgomery,,Repeating Customer
S04707,CU1613,C0153,02-11-2023,2,50138,Cash,Christina Stein,,Repeating Customer
S04708,CU1357,C0017,28-10-2023,1,85036,Credit,Nathaniel Brown,,New Customer
S04709,CU0973,C0088,28-01-2023,1,25246,Credit,Austin Rice,,New Customer
S04710,CU0993,C0005,12-10-2025,3,32740,Credit,Maxwell Wilcox DVM,,Loyal Customer
S04711,CU0963,C0348,11-03-2023,3,25858,Cash,Robin Ayers,,Loyal Customer
S04712,CU1678,C0492,10-03-2025,3,97056,Cash,Juan Young,,Loyal Customer
S04713,CU1473,C0154,18-08-2025,1,82839,Cash,Brenda Cruz,,New Customer
S04714,CU0999,C0208,27-10-2024,3,56980,Cash,Amanda Mullins,,Loyal Customer
S04715,CU0429,C0189,08-10-2023,3,19151,Credit,Steven Cobb,,Loyal Customer
S04716,CU1697,C0340,05-09-2025,1,53520,Installment,Jamie Carr,,New Customer
S04717,CU1148,C0416,03-11-2024,2,47704,Credit,Zachary Harris,,Repeating Customer
S04718,CU1861,C0423,06-11-2022,3,67804,Cash,Sarah Miller,,Loyal Customer
S04719,CU0750,C0247,28-06-2025,2,99717,Installment,Ashley Walters,,Repeating Customer
S04720,CU0503,C0090,19-05-2023,2,55023,Installment,Henry Phillips,,Repeating Customer
S04721,CU1046,C0178,20-10-2023,2,61940,Cash,Tony George,,Repeating Customer
S04722,CU1014,C0216,27-01-2025,3,41783,Installment,Abigail Foley,,Loyal Customer
S04723,CU1618,C0140,12-05-2025,2,50955,Credit,Shawn Nelson,,Repeating Customer
S04724,CU1596,C0428,20-01-2023,3,97410,Installment,Toni Wright,,Loyal Customer
S04725,CU0558,C0307,12-07-2024,2,16779,Cash,David Melton,,Repeating Customer
S04726,CU0784,C0017,15-06-2024,3,81334,Installment,Ashley Hill,,Loyal Customer
S04727,CU0337,C0048,03-11-2022,2,97758,Cash,Heather Brown,,Repeating Customer
S04728,CU0059,C0142,02-12-2022,2,86552,Cash,Vincent Harris,,Repeating Customer
S04729,CU1536,C0314,20-08-2023,2,56969,Credit,Stephen Douglas,,Repeating Customer
S04730,CU0710,C0443,19-03-2025,1,94418,Installment,Martha Wheeler,,New Customer
S04731,CU0653,C0075,17-11-2023,3,74531,Installment,April Jordan,,Loyal Customer
S04732,CU0202,C0482,02-04-2024,3,92361,Cash,Allison Underwood,,Loyal Customer
S04733,CU0699,C0499,14-10-2023,1,41373,Cash,Sara Bates,,New Customer
S04734,CU1310,C0201,06-09-2024,2,18118,Cash,Steven Campbell,,Repeating Customer
S04735,CU1276,C0484,31-01-2023,2,61017,Credit,Nathan Burns,,Repeating Customer
S04736,CU1520,C0315,30-03-2025,1,87106,Installment,Paul Johnson,,New Customer
S04737,CU1048,C0040,22-08-2024,2,37444,Installment,Christopher Chandler,,Repeating Customer
S04738,CU1429,C0410,16-10-2024,3,82439,Installment,Raymond Powell,,Loyal Customer
S04739,CU1641,C0160,24-04-2025,2,15022,Credit,Michael Hanson,,Repeating Customer
S04740,CU0619,C0438,15-02-2024,3,33909,Cash,James Sims,,Loyal Customer
S04741,CU0637,C0423,02-06-2025,2,69976,Cash,Brandon Fischer,,Repeating Customer
S04742,CU0884,C0308,20-09-2024,1,96519,Installment,Julie Arnold,,New Customer
S04743,CU0159,C0043,01-03-2025,1,68148,Installment,Noah Hill,,New Customer
S04744,CU0620,C0302,10-08-2024,1,60935,Credit,Sarah Miller,,New Customer
S04745,CU1126,C0466,03-08-2024,2,84148,Installment,Mallory French,,Repeating Customer
S04746,CU0520,C0464,28-06-2024,2,96479,Credit,Ashley Hodge,,Repeating Customer
S04747,CU1266,C0241,09-06-2024,3,97897,Credit,Cheyenne Villa,,Loyal Customer
S04748,CU1493,C0368,19-02-2025,3,90917,Cash,Claudia Moore,,Loyal Customer
S04749,CU1993,C0485,12-08-2025,2,57898,Credit,Ashley Taylor,,Repeating Customer
S04750,CU1351,C0155,30-11-2024,2,48764,Credit,Robert Carpenter DDS,,Repeating Customer
S04751,CU0038,C0157,24-12-2022,1,68446,Cash,David Madden,,New Customer
S04752,CU0316,C0435,22-05-2024,1,61426,Cash,Sonya Levine,,New Customer
S04753,CU1330,C0191,12-05-2023,2,34524,Credit,Samuel Miranda,,Repeating Customer
S04754,CU1467,C0060,23-05-2023,2,15112,Installment,Aaron Casey,,Repeating Customer
S04755,CU1292,C0414,28-04-2025,1,96358,Cash,Christina Hogan,,New Customer
S04756,CU0511,C0197,09-01-2023,1,74415,Installment,Kenneth Perez,,New Customer
S04757,CU1325,C0401,21-03-2025,3,64253,Installment,Sarah Mcdonald,,Loyal Customer
S04758,CU1871,C0206,23-09-2023,1,82947,Cash,Michele Adkins,,New Customer
S04759,CU1218,C0256,04-06-2024,2,27465,Credit,Joshua Oneill,,Repeating Customer
S04760,CU1709,C0473,09-01-2023,1,22199,Credit,Melissa Young,,New Customer
S04761,CU1047,C0467,28-02-2023,1,99505,Cash,David Dean,,New Customer
S04762,CU1633,C0332,15-07-2023,2,70789,Installment,Elizabeth Stevens,,Repeating Customer
S04763,CU0907,C0237,28-03-2023,2,47816,Credit,Sean Sims,,Repeating Customer
S04764,CU0072,C0414,21-04-2023,3,70935,Installment,Jessica Garcia,,Loyal Customer
S04765,CU0137,C0329,17-07-2024,3,79276,Cash,Kimberly Allen,,Loyal Customer
S04766,CU0253,C0419,13-11-2022,3,87902,Cash,David Farmer,,Loyal Customer
S04767,CU1540,C0468,19-02-2023,1,19575,Credit,Shaun Duncan,,New Customer
S04768,CU1230,C0266,13-12-2024,1,75523,Cash,Christine Mcdonald,,New Customer
S04769,CU1930,C0348,12-12-2024,2,70853,Cash,Cynthia Ellis,,Repeating Customer
S04770,CU0186,C0404,07-04-2023,2,84291,Cash,Jeremy Wall,,Repeating Customer
S04771,CU0288,C0058,26-10-2024,3,35689,Installment,John Herrera,,Loyal Customer
S04772,CU0111,C0444,12-07-2025,2,83475,Credit,Brian Chavez,,Repeating Customer
S04773,CU0703,C0122,30-06-2023,1,66970,Installment,Jasmine Barnett,,New Customer
S04774,CU0716,C0491,25-07-2023,3,50449,Cash,Travis Smith,,Loyal Customer
S04775,CU1926,C0161,28-04-2024,1,17198,Cash,Willie Simmons,,New Customer
S04776,CU1854,C0071,26-02-2025,2,50524,Credit,Samantha Odonnell,,Repeating Customer
S04777,CU0611,C0319,11-12-2023,2,44330,Credit,Jerome Francis,,Repeating Customer
S04778,CU1945,C0206,10-12-2023,2,65452,Installment,Jeffrey Young,,Repeating Customer
S04779,CU1364,C0289,15-01-2025,2,90343,Cash,Cheryl Hamilton,,Repeating Customer
S04780,CU0566,C0268,05-05-2025,3,28647,Cash,Alicia Morgan,,Loyal Customer
S04781,CU0587,C0313,26-07-2023,3,29326,Installment,Jessica Bender,,Loyal Customer
S04782,CU1978,C0178,14-08-2023,2,45129,Cash,Susan Hurley,,Repeating Customer
S04783,CU0930,C0475,14-11-2023,3,52392,Cash,Carmen Montgomery,,Loyal Customer
S04784,CU0712,C0381,11-01-2023,2,68663,Credit,Dave Smith,,Repeating Customer
S04785,CU1130,C0470,26-02-2025,2,80712,Cash,Danielle Davis,,Repeating Customer
S04786,CU1825,C0067,15-08-2024,1,23320,Credit,Matthew Hunt,,New Customer
S04787,CU1080,C0296,30-06-2023,1,74525,Credit,Jeremy Jones,,New Customer
S04788,CU0217,C0438,28-02-2024,2,99945,Installment,Kevin Garcia,,Repeating Customer
S04789,CU0807,C0462,15-10-2024,2,18182,Installment,Amber Hess,,Repeating Customer
S04790,CU0960,C0203,05-06-2025,3,52388,Cash,William Russell,,Loyal Customer
S04791,CU1929,C0153,07-05-2025,1,95563,Cash,Neil Shelton,,New Customer
S04792,CU1340,C0362,22-06-2023,3,38659,Cash,Morgan Cook,,Loyal Customer
S04793,CU1371,C0474,07-05-2025,2,39036,Cash,Jenny Thompson,,Repeating Customer
S04794,CU1480,C0150,05-03-2023,2,28579,Cash,Samantha Harris,,Repeating Customer
S04795,CU1110,C0450,24-03-2024,2,53585,Credit,Brian Rios,,Repeating Customer
S04796,CU1437,C0213,28-04-2024,2,52226,Cash,Roger Becker,,Repeating Customer
S04797,CU1473,C0406,04-02-2023,2,52247,Credit,Nathan Avila,,Repeating Customer
S04798,CU0871,C0237,02-01-2025,1,51080,Cash,Alexis King,,New Customer
S04799,CU0899,C0246,27-07-2024,3,92333,Installment,Kimberly Garcia,,Loyal Customer
S04800,CU1030,C0334,22-11-2024,1,42868,Credit,Patrick Cervantes,,New Customer
S04801,CU1395,C0392,25-12-2022,3,31080,Installment,Dana Lowery,,Loyal Customer
S04802,CU0058,C0081,08-05-2024,1,96959,Cash,Patrick Kim,,New Customer
S04803,CU1593,C0345,28-04-2024,1,75043,Credit,Christopher Cruz,,New Customer
S04804,CU1621,C0138,28-01-2025,2,23479,Credit,Elizabeth Hernandez DDS,,Repeating Customer
S04805,CU1424,C0310,30-11-2022,3,58261,Credit,Mr. Alexander Hughes,,Loyal Customer
S04806,CU1665,C0305,04-08-2023,1,45627,Installment,Terri Elliott,,New Customer
S04807,CU0359,C0091,09-06-2023,1,28310,Cash,Mr. Jamie Jimenez,,New Customer
S04808,CU0217,C0441,13-03-2023,3,30067,Cash,Vicki Best,,Loyal Customer
S04809,CU1255,C0387,03-02-2025,2,47543,Installment,John Schwartz,,Repeating Customer
S04810,CU1594,C0436,26-09-2024,3,80972,Installment,Wesley Hawkins,,Loyal Customer
S04811,CU1491,C0232,27-08-2025,2,56756,Cash,Angela Pope,,Repeating Customer
S04812,CU0638,C0239,17-01-2024,3,72272,Credit,Ashley Wood,,Loyal Customer
S04813,CU0434,C0245,02-11-2023,2,91306,Cash,Brittany Anderson,,Repeating Customer
S04814,CU1969,C0067,27-03-2024,3,18046,Installment,Audrey Becker,,Loyal Customer
S04815,CU1816,C0261,17-11-2022,3,55974,Cash,Bradley Harrison,,Loyal Customer
S04816,CU1354,C0416,05-12-2023,1,95452,Credit,Sherry Williams,,New Customer
S04817,CU0735,C0351,24-02-2023,3,66286,Cash,Jennifer Williams,,Loyal Customer
S04818,CU0992,C0385,10-01-2025,1,46657,Credit,Kyle Morales,,New Customer
S04819,CU0611,C0190,04-11-2023,2,71960,Installment,Allen Adams,,Repeating Customer
S04820,CU0613,C0493,19-05-2025,1,66911,Cash,Timothy Smith,,New Customer
S04821,CU1761,C0485,28-09-2025,3,41354,Cash,April Bush,,Loyal Customer
S04822,CU1102,C0293,03-02-2024,1,20327,Installment,Thomas Silva,,New Customer
S04823,CU0932,C0361,05-01-2023,1,83461,Cash,Kenneth Gibson,,New Customer
S04824,CU0604,C0260,08-07-2024,1,27531,Credit,Victor Torres,,New Customer
S04825,CU1651,C0298,24-05-2025,1,23816,Credit,Amber Stewart,,New Customer
S04826,CU0639,C0046,20-12-2023,3,89405,Cash,Brenda Bates,,Loyal Customer
S04827,CU1701,C0026,21-02-2025,3,46296,Credit,Robert Whitehead,,Loyal Customer
S04828,CU0802,C0124,14-10-2025,2,19282,Installment,Melissa Schwartz,,Repeating Customer
S04829,CU0067,C0367,12-09-2025,3,46773,Credit,Haley Hubbard,,Loyal Customer
S04830,CU0901,C0344,13-04-2025,3,83476,Installment,Danielle Flores,,Loyal Customer
S04831,CU0838,C0412,13-09-2025,2,77217,Credit,Tiffany Salazar,,Repeating Customer
S04832,CU1085,C0222,02-08-2024,2,93815,Installment,Shirley Blackburn,,Repeating Customer
S04833,CU1331,C0127,17-05-2025,3,72947,Cash,Isaac Cox,,Loyal Customer
S04834,CU1075,C0001,15-06-2025,1,93630,Credit,Elizabeth Young,,New Customer
S04835,CU0769,C0040,15-12-2022,2,15513,Cash,Christine Miller,,Repeating Customer
S04836,CU1966,C0326,30-12-2023,2,82615,Cash,Randy Hunt,,Repeating Customer
S04837,CU0562,C0315,13-08-2024,3,93675,Installment,Brianna Harper,,Loyal Customer
S04838,CU1739,C0199,28-11-2022,3,21375,Cash,Margaret Gonzales,,Loyal Customer
S04839,CU1785,C0410,12-07-2024,2,17554,Installment,Stephanie Nelson,,Repeating Customer
S04840,CU0818,C0002,23-03-2024,3,77801,Cash,Laura Levy,,Loyal Customer
S04841,CU0254,C0217,30-12-2022,1,48843,Cash,Courtney Shields,,New Customer
S04842,CU1826,C0386,01-08-2023,1,32998,Installment,Ryan Brown,,New Customer
S04843,CU1288,C0477,27-11-2023,1,79699,Cash,Monica Page,,New Customer
S04844,CU0137,C0013,19-02-2024,2,38083,Credit,James Howard,,Repeating Customer
S04845,CU1307,C0428,27-09-2025,2,51367,Cash,Lisa Stewart,,Repeating Customer
S04846,CU1704,C0367,23-09-2025,2,31636,Credit,John Kelly,,Repeating Customer
S04847,CU0863,C0080,26-02-2025,2,64649,Credit,Pamela Brooks,,Repeating Customer
S04848,CU1967,C0223,08-11-2022,2,77121,Cash,Joseph Rodriguez,,Repeating Customer
S04849,CU0726,C0384,23-07-2023,2,22412,Credit,James Hernandez,,Repeating Customer
S04850,CU1704,C0025,20-11-2023,2,68796,Cash,Melissa Beard,,Repeating Customer
S04851,CU1589,C0240,19-10-2025,1,72338,Cash,Bailey Moore,,New Customer
S04852,CU1758,C0157,11-06-2025,3,93881,Installment,Christian Jordan Jr.,,Loyal Customer
S04853,CU1275,C0121,11-10-2025,2,90229,Installment,Natalie Cook,,Repeating Customer
S04854,CU0567,C0497,26-07-2024,1,55828,Credit,Kyle Delacruz,,New Customer
S04855,CU1611,C0287,09-08-2023,3,30382,Cash,Denise Mccann,,Loyal Customer
S04856,CU0252,C0212,04-12-2022,3,18605,Cash,William Smith,,Loyal Customer
S04857,CU1955,C0178,03-10-2024,1,36366,Installment,Sarah Stevens,,New Customer
S04858,CU1567,C0441,18-04-2025,3,68277,Installment,Austin Jones,,Loyal Customer
S04859,CU0370,C0243,26-03-2025,1,57572,Cash,Kelly Herrera MD,,New Customer
S04860,CU0997,C0074,29-05-2023,2,95106,Installment,Crystal Joyce,,Repeating Customer
S04861,CU1552,C0041,26-10-2023,2,95493,Cash,Ricky Myers,,Repeating Customer
S04862,CU0725,C0272,02-11-2022,1,77864,Installment,Angelica Rodriguez,,New Customer
S04863,CU1849,C0138,23-02-2025,1,37452,Cash,Sarah Gonzalez,,New Customer
S04864,CU0536,C0289,16-10-2023,1,89275,Cash,David Davis,,New Customer
S04865,CU0425,C0110,09-09-2024,1,74853,Credit,Ms. Brittany Chen,,New Customer
S04866,CU0016,C0072,11-04-2025,1,63330,Cash,Michael Garner,,New Customer
S04867,CU1858,C0413,11-05-2024,1,33450,Cash,Joyce Sanchez,,New Customer
S04868,CU1996,C0386,07-09-2024,2,26654,Installment,Michaela Ramos,,Repeating Customer
S04869,CU0615,C0073,14-01-2025,2,63712,Installment,Steven Campbell,,Repeating Customer
S04870,CU1214,C0333,04-02-2025,1,18855,Installment,Joseph Jones,,New Customer
S04871,CU1292,C0374,23-01-2024,2,83506,Credit,Jennifer Frye,,Repeating Customer
S04872,CU1884,C0171,04-06-2023,3,67315,Installment,Ryan Arnold,,Loyal Customer
S04873,CU1178,C0488,06-07-2024,1,48689,Installment,Jamie Brown,,New Customer
S04874,CU0749,C0191,02-07-2024,1,62333,Installment,Juan Hayes,,New Customer
S04875,CU1641,C0069,29-04-2024,2,85538,Cash,Stacy Golden,,Repeating Customer
S04876,CU1915,C0058,30-09-2023,3,41048,Cash,Kathryn Davis,,Loyal Customer
S04877,CU0806,C0248,01-03-2024,2,32085,Installment,Steven Scott,,Repeating Customer
S04878,CU0460,C0298,24-02-2023,3,36395,Installment,Kelly Bates,,Loyal Customer
S04879,CU0166,C0469,07-07-2025,1,15734,Cash,Mary Baker,,New Customer
S04880,CU0389,C0422,06-06-2024,1,17142,Credit,Sandra Wade,,New Customer
S04881,CU1043,C0177,15-12-2024,2,98032,Installment,Dennis Ruiz,,Repeating Customer
S04882,CU0833,C0287,31-08-2025,2,29119,Installment,Dr. Matthew Wilson,,Repeating Customer
S04883,CU1127,C0131,14-01-2023,3,88833,Credit,Jason Mitchell,,Loyal Customer
S04884,CU1629,C0027,19-08-2025,2,25545,Cash,Nicholas Brennan,,Repeating Customer
S04885,CU1104,C0218,15-12-2023,1,16157,Credit,Justin Edwards,,New Customer
S04886,CU1677,C0100,04-12-2024,1,58862,Credit,Nathan Mason,,New Customer
S04887,CU1735,C0204,17-03-2025,3,90708,Installment,Gwendolyn Fox,,Loyal Customer
S04888,CU1297,C0314,15-08-2024,3,67485,Cash,Austin Green,,Loyal Customer
S04889,CU0709,C0092,31-05-2024,1,26297,Credit,Karen Carlson,,New Customer
S04890,CU1092,C0101,18-03-2024,1,78138,Cash,Allison Harrington,,New Customer
S04891,CU0358,C0399,10-05-2024,2,84404,Installment,John Murphy,,Repeating Customer
S04892,CU0487,C0354,06-01-2023,2,29684,Cash,Donald Barnes,,Repeating Customer
S04893,CU0678,C0359,10-08-2024,3,90418,Credit,Hannah Rodriguez,,Loyal Customer
S04894,CU0940,C0111,27-03-2024,2,67642,Credit,Stephen Collins,,Repeating Customer
S04895,CU0023,C0039,19-02-2025,3,41786,Credit,Victoria Russell,,Loyal Customer
S04896,CU1498,C0390,03-08-2024,2,24415,Credit,Glenda Bowers,,Repeating Customer
S04897,CU0388,C0366,13-03-2023,2,73109,Installment,Kimberly Wright,,Repeating Customer
S04898,CU0053,C0420,26-02-2023,3,78744,Installment,Theresa Lowe,,Loyal Customer
S04899,CU0031,C0137,23-03-2023,3,22155,Installment,Diane Donaldson,,Loyal Customer
S04900,CU0021,C0098,21-10-2024,2,74689,Installment,Joseph Thomas,,Repeating Customer
S04901,CU0859,C0302,21-02-2023,3,96220,Credit,Tristan Hall,,Loyal Customer
S04902,CU1290,C0071,09-08-2024,2,56794,Cash,Jenna Melendez,,Repeating Customer
S04903,CU1554,C0409,03-11-2022,1,22573,Credit,Stacy Love,,New Customer
S04904,CU1347,C0115,18-02-2025,3,62847,Cash,Maurice Dixon,,Loyal Customer
S04905,CU1169,C0399,30-03-2023,3,53707,Installment,Cory Downs,,Loyal Customer
S04906,CU1544,C0017,19-07-2025,3,58731,Credit,Whitney Sandoval,,Loyal Customer
S04907,CU0577,C0491,18-04-2024,3,44729,Installment,Brian Torres,,Loyal Customer
S04908,CU1046,C0392,09-11-2024,1,54036,Credit,Casey Pineda,,New Customer
S04909,CU1205,C0293,07-07-2023,3,28923,Installment,Kevin Raymond,,Loyal Customer
S04910,CU1391,C0406,03-05-2023,1,70184,Installment,Christopher Stevenson,,New Customer
S04911,CU1202,C0202,28-03-2025,3,79901,Installment,Dean Calderon,,Loyal Customer
S04912,CU1453,C0185,15-04-2025,2,17892,Installment,April Bell,,Repeating Customer
S04913,CU0900,C0461,27-10-2024,3,43772,Credit,Mary Harrison,,Loyal Customer
S04914,CU1777,C0350,01-03-2024,2,92033,Cash,Christine Hayes,,Repeating Customer
S04915,CU1939,C0244,21-05-2025,2,82853,Cash,Daniel Robinson,,Repeating Customer
S04916,CU1099,C0384,27-08-2025,3,50511,Installment,Mike Jacobs DDS,,Loyal Customer
S04917,CU1181,C0184,06-02-2023,2,64769,Cash,Greg Burke,,Repeating Customer
S04918,CU0837,C0383,26-01-2024,3,35024,Installment,David Rivera,,Loyal Customer
S04919,CU0186,C0124,07-09-2025,1,96885,Cash,Wanda Elliott,,New Customer
S04920,CU1078,C0124,16-02-2023,2,41020,Cash,Kenneth Adams,,Repeating Customer
S04921,CU0139,C0044,17-07-2025,3,38366,Cash,Michael Mooney,,Loyal Customer
S04922,CU0286,C0319,11-06-2024,3,63643,Installment,Connie Price,,Loyal Customer
S04923,CU0512,C0059,01-06-2025,3,40216,Credit,Betty Gilbert,,Loyal Customer
S04924,CU0716,C0315,17-01-2024,3,94950,Credit,Laura Stewart,,Loyal Customer
S04925,CU1307,C0210,20-04-2025,1,79786,Credit,Michelle Sanchez,,New Customer
S04926,CU1817,C0446,28-11-2024,3,67800,Cash,Michael Rodriguez,,Loyal Customer
S04927,CU1666,C0304,12-07-2024,1,99906,Credit,Mark Gallegos,,New Customer
S04928,CU0043,C0063,16-04-2025,3,63502,Credit,Tina Silva,,Loyal Customer
S04929,CU1362,C0145,24-11-2023,1,15055,Credit,Matthew Beltran,,New Customer
S04930,CU1221,C0278,17-12-2024,3,74615,Installment,Megan Chen,,Loyal Customer
S04931,CU1213,C0442,26-01-2025,3,53176,Cash,Christopher Morton,,Loyal Customer
S04932,CU0100,C0069,04-04-2023,3,63952,Cash,Daniel Burke,,Loyal Customer
S04933,CU0851,C0496,27-07-2024,2,92168,Credit,Yvette Simon,,Repeating Customer
S04934,CU0071,C0081,24-05-2024,1,92854,Cash,Teresa Barrera,,New Customer
S04935,CU0518,C0472,05-01-2024,1,45814,Credit,Robert Greene,,New Customer
S04936,CU0733,C0302,21-09-2024,1,41068,Installment,Evelyn Smith,,New Customer
S04937,CU0118,C0141,11-07-2024,2,65963,Cash,Caitlin Moore,,Repeating Customer
S04938,CU0021,C0303,03-03-2025,3,19005,Credit,Dennis Jones,,Loyal Customer
S04939,CU1228,C0454,10-01-2023,3,71700,Cash,Sierra Mcdonald,,Loyal Customer
S04940,CU0055,C0411,09-06-2025,2,43175,Installment,Samantha Mack,,Repeating Customer
S04941,CU0722,C0092,16-08-2025,2,92420,Credit,Brian Rodriguez,,Repeating Customer
S04942,CU0888,C0418,04-03-2024,3,18995,Installment,Heather Hudson,,Loyal Customer
S04943,CU1478,C0474,17-10-2023,1,30816,Cash,Julia Cummings,,New Customer
S04944,CU1803,C0113,07-01-2023,1,76190,Credit,Michael Peters,,New Customer
S04945,CU1576,C0392,25-01-2024,3,28571,Credit,Mr. Keith Roman,,Loyal Customer
S04946,CU0430,C0482,23-02-2024,1,55077,Cash,Dana Harvey,,New Customer
S04947,CU0380,C0245,18-09-2023,2,43422,Cash,Kevin Collins,,Repeating Customer
S04948,CU0670,C0431,10-02-2025,1,57601,Installment,Monica Boyd,,New Customer
S04949,CU1791,C0014,07-04-2024,3,33632,Cash,Regina Hernandez,,Loyal Customer
S04950,CU0755,C0346,02-12-2024,3,40963,Credit,Heather Evans,,Loyal Customer
S04951,CU0971,C0031,25-01-2024,3,94945,Credit,Tyler Anderson,,Loyal Customer
S04952,CU0525,C0276,27-09-2025,2,66170,Installment,Christian Moore,,Repeating Customer
S04953,CU1689,C0461,21-02-2024,1,69604,Cash,Amanda Harris,,New Customer
S04954,CU1286,C0394,23-11-2022,1,76521,Installment,Mrs. Rachel Brown,,New Customer
S04955,CU0608,C0060,16-03-2025,3,57851,Installment,Amy Taylor,,Loyal Customer
S04956,CU0935,C0445,12-10-2025,3,16971,Installment,Eugene Daugherty,,Loyal Customer
S04957,CU0788,C0320,15-03-2023,3,58175,Credit,Ana Wheeler,,Loyal Customer
S04958,CU0734,C0257,30-08-2025,2,62233,Cash,Thomas Page,,Repeating Customer
S04959,CU0716,C0214,09-07-2024,3,33191,Cash,Douglas Goodwin,,Loyal Customer
S04960,CU0864,C0335,07-03-2025,2,41002,Cash,Fernando Hicks,,Repeating Customer
S04961,CU0287,C0171,23-03-2025,2,55250,Credit,Jacob Daniels,,Repeating Customer
S04962,CU0705,C0116,23-02-2024,1,89622,Credit,Laura Marshall,,New Customer
S04963,CU0718,C0065,04-11-2024,2,25167,Credit,Matthew Bennett DVM,,Repeating Customer
S04964,CU1091,C0172,15-11-2023,3,61942,Cash,Joshua Nunez,,Loyal Customer
S04965,CU1974,C0145,27-04-2025,3,87335,Installment,Stacey Landry MD,,Loyal Customer
S04966,CU0561,C0452,07-05-2025,3,23361,Cash,Hayley Wright,,Loyal Customer
S04967,CU1128,C0470,08-01-2024,2,67512,Installment,Sandra Williams,,Repeating Customer
S04968,CU0922,C0336,26-05-2025,3,43743,Installment,Luke Padilla,,Loyal Customer
S04969,CU1463,C0013,21-12-2024,3,34022,Credit,Patrick Montoya,,Loyal Customer
S04970,CU0109,C0066,22-06-2025,3,30139,Cash,Amy Livingston,,Loyal Customer
S04971,CU0576,C0465,07-04-2024,3,17771,Credit,Kenneth Jordan,,Loyal Customer
S04972,CU1795,C0360,14-03-2024,1,40296,Installment,Jessica Ray,,New Customer
S04973,CU1454,C0229,01-09-2024,2,88155,Credit,Anna Snyder,,Repeating Customer
S04974,CU0641,C0075,06-10-2023,3,26979,Installment,Robert Ray,,Loyal Customer
S04975,CU0572,C0177,29-12-2024,2,67645,Installment,Nicholas Matthews,,Repeating Customer
S04976,CU0171,C0185,02-05-2024,1,94469,Cash,Maria Wood,,New Customer
S04977,CU0594,C0376,08-01-2025,1,56758,Cash,Gina Pacheco,,New Customer
S04978,CU1748,C0409,21-01-2025,2,26732,Installment,Wayne Anderson,,Repeating Customer
S04979,CU1203,C0370,17-08-2024,2,62538,Cash,Holly Young,,Repeating Customer
S04980,CU0381,C0486,10-05-2024,1,89745,Installment,Carol Hartman,,New Customer
S04981,CU1021,C0440,26-12-2024,2,88410,Credit,Ashley Perez,,Repeating Customer
S04982,CU0578,C0483,17-01-2023,1,34405,Credit,Samuel Miller,,New Customer
S04983,CU1792,C0060,09-11-2024,2,54064,Cash,Paul Taylor,,Repeating Customer
S04984,CU1346,C0070,14-10-2024,2,85516,Credit,Glenn Thompson,,Repeating Customer
S04985,CU1008,C0342,25-09-2025,1,17467,Installment,Jessica Erickson,,New Customer
S04986,CU0148,C0367,22-02-2025,2,84081,Cash,Matthew Liu,,Repeating Customer
S04987,CU0849,C0186,06-03-2023,3,18973,Credit,Sydney Maxwell,,Loyal Customer
S04988,CU1041,C0491,13-11-2022,1,39346,Installment,Calvin Sanders,,New Customer
S04989,CU1530,C0317,23-02-2024,1,36515,Credit,Christopher Yates,,New Customer
S04990,CU1935,C0323,01-08-2023,3,46233,Cash,Laura Johnson,,Loyal Customer
S04991,CU0692,C0156,17-03-2023,1,25317,Installment,Keith Rodriguez,,New Customer
S04992,CU0884,C0373,06-02-2023,1,94516,Installment,Amy Baldwin,,New Customer
S04993,CU0639,C0158,05-03-2025,3,30684,Installment,Julie Smith,,Loyal Customer
S04994,CU0577,C0361,29-10-2023,1,57171,Credit,Richard Wilson,,New Customer
S04995,CU1222,C0073,22-05-2023,3,77116,Installment,Nicholas Ramirez,,Loyal Customer
S04996,CU1367,C0418,19-10-2025,2,74063,Credit,Lisa Boyd,,Repeating Customer
S04997,CU0689,C0041,19-01-2023,2,25161,Cash,Victoria Davidson,,Repeating Customer
S04998,CU0951,C0044,27-01-2024,1,55538,Credit,Mr. Richard Edwards,,New Customer
S04999,CU0435,C0261,16-02-2024,1,45744,Installment,Jessica Nguyen,,New Customer
S05000,CU1324,C0284,13-05-2024,3,41732,Credit,Susan Vasquez,,Loyal Customer
S05001,CU1625,C0444,13-03-2023,2,99267,Cash,Paige Collins,,Repeating Customer
S05002,CU0411,C0490,12-01-2025,2,16458,Installment,Stephanie Williams,,Repeating Customer
S05003,CU1581,C0388,30-06-2024,2,70219,Cash,Melissa Woodard,,Repeating Customer
S05004,CU0480,C0079,20-06-2024,1,16700,Credit,Robert Smith,,New Customer
S05005,CU0327,C0171,09-01-2023,3,93422,Credit,Zachary Flores,,Loyal Customer
S05006,CU1099,C0032,28-08-2023,3,98265,Credit,Timothy Baker,,Loyal Customer
S05007,CU0335,C0477,13-05-2024,1,33567,Cash,Cynthia Welch MD,,New Customer
S05008,CU0475,C0178,10-02-2023,3,29139,Cash,Kenneth Jones,,Loyal Customer
S05009,CU1368,C0111,10-04-2023,1,81490,Installment,Donald Vang,,New Customer
S05010,CU0782,C0457,24-06-2023,2,39362,Cash,Cody Williamson,,Repeating Customer
S05011,CU0308,C0379,10-10-2023,2,39814,Installment,Scott Scott,,Repeating Customer
S05012,CU0637,C0041,30-07-2023,2,41642,Installment,Deanna Cruz,,Repeating Customer
S05013,CU1316,C0147,08-01-2024,3,27751,Cash,Kristina Graham,,Loyal Customer
S05014,CU0077,C0122,05-11-2024,2,93550,Cash,Pamela Adams,,Repeating Customer
S05015,CU0880,C0381,18-01-2024,3,56193,Installment,Rodney Salas,,Loyal Customer
S05016,CU1467,C0262,23-05-2023,1,48672,Installment,Natalie Ruiz,,New Customer
S05017,CU1984,C0099,04-12-2022,2,72222,Credit,Mary Klein,,Repeating Customer
S05018,CU0193,C0491,06-09-2023,2,19482,Installment,Shawn Miranda DDS,,Repeating Customer
S05019,CU0500,C0283,20-04-2023,2,30686,Cash,Shelley Arroyo,,Repeating Customer
S05020,CU1451,C0360,22-01-2023,1,66707,Credit,Yolanda Fox,,New Customer
S05021,CU0740,C0280,24-01-2024,3,28697,Installment,Matthew Flores,,Loyal Customer
S05022,CU0705,C0465,11-08-2025,3,40876,Installment,Nicholas Cobb,,Loyal Customer
S05023,CU0988,C0274,14-04-2024,1,23881,Cash,Dr. Curtis Armstrong,,New Customer
S05024,CU1722,C0314,02-08-2023,3,66159,Installment,Cindy Wallace,,Loyal Customer
S05025,CU1642,C0461,28-02-2023,1,50197,Installment,Christian Petty,,New Customer
S05026,CU0865,C0278,26-04-2024,3,28538,Credit,Leonard Carlson Jr.,,Loyal Customer
S05027,CU1611,C0450,24-09-2024,2,62704,Installment,Curtis Caldwell,,Repeating Customer
S05028,CU1796,C0141,06-05-2025,3,79318,Cash,Kaitlyn Freeman,,Loyal Customer
S05029,CU1759,C0116,27-12-2022,2,92019,Installment,Kathleen Colon,,Repeating Customer
S05030,CU0184,C0031,02-05-2023,3,20048,Installment,Melissa Bradley,,Loyal Customer
S05031,CU1505,C0137,02-10-2023,3,89421,Installment,Keith Nelson,,Loyal Customer
S05032,CU1408,C0208,16-05-2024,3,30976,Credit,Zachary Clark,,Loyal Customer
S05033,CU1986,C0070,24-01-2024,2,27505,Installment,Kelly Smith,,Repeating Customer
S05034,CU1423,C0166,13-03-2023,1,98311,Installment,Corey Knight,,New Customer
S05035,CU1010,C0118,23-09-2025,3,98059,Cash,Terry Hoffman,,Loyal Customer
S05036,CU1936,C0425,24-05-2024,1,95857,Cash,Justin Brown,,New Customer
S05037,CU1915,C0408,19-01-2024,2,68672,Installment,Rodney Woods,,Repeating Customer
S05038,CU1881,C0171,01-03-2023,3,24428,Cash,Heidi Mills,,Loyal Customer
S05039,CU1621,C0070,26-12-2022,2,67884,Cash,Robert Young,,Repeating Customer
S05040,CU0203,C0340,07-08-2024,2,38115,Installment,Dana Barrera,,Repeating Customer
S05041,CU1675,C0440,01-04-2023,1,40682,Cash,John Dickerson,,New Customer
S05042,CU1091,C0291,18-07-2024,2,86617,Credit,James Roth,,Repeating Customer
S05043,CU0742,C0085,06-06-2025,1,69062,Cash,Earl Nguyen,,New Customer
S05044,CU0343,C0215,13-05-2023,1,22708,Installment,Anthony Chavez,,New Customer
S05045,CU1658,C0188,28-09-2023,1,81341,Cash,Darlene Welch,,New Customer
S05046,CU0199,C0087,17-08-2023,1,88490,Cash,Peter Wyatt,,New Customer
S05047,CU1798,C0180,04-10-2023,3,34420,Cash,Ruth Carter,,Loyal Customer
S05048,CU1530,C0392,23-12-2022,3,84468,Credit,Debra Cortez,,Loyal Customer
S05049,CU0018,C0426,18-12-2024,1,78484,Installment,Paula Martinez,,New Customer
S05050,CU0206,C0020,03-10-2024,3,57977,Installment,Michael Mcguire,,Loyal Customer
S05051,CU1949,C0453,28-06-2023,1,81929,Installment,Laura Barber,,New Customer
S05052,CU1301,C0371,12-02-2025,2,55277,Cash,Lawrence Johnson,,Repeating Customer
S05053,CU1469,C0482,25-11-2024,1,94280,Credit,Alicia Buck,,New Customer
S05054,CU1621,C0294,19-04-2024,1,66498,Installment,Elizabeth Tucker,,New Customer
S05055,CU1183,C0458,04-08-2024,3,81400,Cash,Mark Brandt,,Loyal Customer
S05056,CU1543,C0295,11-10-2024,3,17292,Cash,Kevin Cox,,Loyal Customer
S05057,CU0522,C0055,29-10-2024,3,96576,Credit,Anna Smith,,Loyal Customer
S05058,CU1652,C0199,07-04-2023,1,53003,Cash,Alexis Bailey,,New Customer
S05059,CU1199,C0293,06-09-2023,3,40348,Installment,Cheryl Mendoza,,Loyal Customer
S05060,CU1410,C0473,18-11-2022,1,37693,Credit,Laura Marquez,,New Customer
S05061,CU0266,C0105,01-10-2024,1,55724,Credit,Linda Day,,New Customer
S05062,CU0588,C0101,03-10-2024,3,59251,Cash,Rebecca Jones,,Loyal Customer
S05063,CU1400,C0051,15-07-2023,3,50286,Credit,Julian Reed,,Loyal Customer
S05064,CU0910,C0162,01-06-2025,1,70771,Cash,Bobby Thompson,,New Customer
S05065,CU0308,C0092,27-11-2023,3,56291,Credit,Eric Mullins,,Loyal Customer
S05066,CU0147,C0153,13-01-2025,3,96710,Credit,Alex Davis,,Loyal Customer
S05067,CU0073,C0416,27-12-2022,1,65172,Credit,Ryan Bell,,New Customer
S05068,CU0922,C0334,23-06-2024,1,26097,Installment,Michael Castillo,,New Customer
S05069,CU1523,C0368,18-01-2025,3,94491,Cash,Bonnie Bennett,,Loyal Customer
S05070,CU0614,C0368,17-05-2023,3,47943,Installment,Timothy Rice,,Loyal Customer
S05071,CU1616,C0112,14-10-2024,1,57642,Credit,Connor Dawson,,New Customer
S05072,CU1966,C0072,11-02-2025,1,56947,Cash,Karen Sexton,,New Customer
S05073,CU0465,C0318,10-12-2022,2,43328,Credit,Jordan Mills,,Repeating Customer
S05074,CU0775,C0080,25-10-2025,1,31277,Installment,Jason Collins,,New Customer
S05075,CU0727,C0463,31-08-2023,1,76174,Cash,Alexander Clark,,New Customer
S05076,CU0963,C0208,17-06-2024,2,49627,Cash,Jason Landry,,Repeating Customer
S05077,CU0941,C0101,21-05-2025,1,18077,Cash,Emily Hughes,,New Customer
S05078,CU0970,C0188,27-09-2025,3,15606,Cash,Dustin Sampson,,Loyal Customer
S05079,CU1812,C0331,25-10-2024,1,52867,Cash,Christopher Nelson,,New Customer
S05080,CU1458,C0026,08-03-2023,3,92735,Cash,Anita Duncan,,Loyal Customer
S05081,CU1847,C0493,20-07-2025,1,83565,Installment,Amber Petty,,New Customer
S05082,CU0070,C0371,17-01-2024,3,67496,Credit,George Davis,,Loyal Customer
S05083,CU0740,C0245,10-04-2025,1,82142,Cash,Daniel Underwood,,New Customer
S05084,CU1839,C0125,06-09-2023,1,51102,Cash,Chad Obrien,,New Customer
S05085,CU1857,C0227,22-01-2025,3,94723,Credit,Michelle Mccarthy,,Loyal Customer
S05086,CU1651,C0031,13-01-2025,3,20270,Cash,Deborah Hudson,,Loyal Customer
S05087,CU0754,C0222,21-09-2023,1,83028,Credit,Christina Benitez,,New Customer
S05088,CU1691,C0270,07-08-2023,1,70307,Cash,Joseph Smith,,New Customer
S05089,CU1846,C0132,20-01-2025,2,94977,Credit,Shaun Smith,,Repeating Customer
S05090,CU1004,C0467,02-12-2022,1,36410,Credit,Alyssa Curtis,,New Customer
S05091,CU1842,C0288,19-04-2023,2,50006,Credit,Melinda Hester,,Repeating Customer
S05092,CU0297,C0335,29-07-2023,3,89038,Installment,Fernando Lee,,Loyal Customer
S05093,CU1095,C0267,15-04-2025,2,76104,Installment,Brianna Russo,,Repeating Customer
S05094,CU1799,C0354,04-11-2023,1,53064,Credit,Adam Mills,,New Customer
S05095,CU0070,C0239,26-01-2025,2,73885,Cash,David Underwood,,Repeating Customer
S05096,CU1677,C0006,12-03-2025,2,22526,Cash,Cheryl Santiago,,Repeating Customer
S05097,CU1126,C0076,09-04-2024,1,18721,Installment,Dr. Jonathan Kim,,New Customer
S05098,CU1846,C0192,02-01-2023,1,17443,Credit,Justin Espinoza,,New Customer
S05099,CU1419,C0199,20-04-2025,2,27366,Credit,Carrie Peters,,Repeating Customer
S05100,CU1552,C0056,14-05-2023,1,26876,Cash,Kaitlin Garcia,,New Customer
S05101,CU1066,C0147,19-06-2024,3,67175,Credit,Thomas Morris,,Loyal Customer
S05102,CU1029,C0205,26-04-2023,2,15932,Cash,Brandon Guerrero,,Repeating Customer
S05103,CU1315,C0126,05-12-2023,3,88151,Cash,Ashley Long,,Loyal Customer
S05104,CU0216,C0140,19-06-2025,2,31444,Cash,Joshua Jennings,,Repeating Customer
S05105,CU1382,C0188,26-04-2023,1,34157,Installment,Kathy Leon,,New Customer
S05106,CU1053,C0167,05-07-2024,2,52247,Credit,Keith Morris,,Repeating Customer
S05107,CU0792,C0423,23-10-2023,2,27385,Cash,Stephen Donovan,,Repeating Customer
S05108,CU1014,C0113,03-01-2023,3,38453,Credit,Tanya Boyd,,Loyal Customer
S05109,CU1377,C0236,18-10-2023,2,69490,Installment,Brad Flores,,Repeating Customer
S05110,CU1477,C0245,05-08-2025,2,34339,Installment,Rebecca Jones,,Repeating Customer
S05111,CU1079,C0260,22-08-2024,2,75461,Installment,Rachel Gibson,,Repeating Customer
S05112,CU0835,C0405,25-06-2023,1,85824,Cash,Daniel Hernandez,,New Customer
S05113,CU1057,C0335,17-03-2024,3,35001,Cash,Danielle Huber,,Loyal Customer
S05114,CU1794,C0043,29-10-2023,3,53133,Installment,Jacob Ortiz,,Loyal Customer
S05115,CU1892,C0493,07-12-2024,3,64423,Credit,Albert Ewing,,Loyal Customer
S05116,CU0550,C0216,19-02-2023,3,67147,Credit,Leslie Parker,,Loyal Customer
S05117,CU1180,C0388,28-11-2023,3,45597,Installment,Janice Lopez,,Loyal Customer
S05118,CU1190,C0025,13-07-2025,2,90325,Credit,Gregory Day,,Repeating Customer
S05119,CU0521,C0318,10-01-2025,2,30764,Cash,James Zavala,,Repeating Customer
S05120,CU1552,C0433,15-07-2024,3,44513,Credit,Christopher Khan,,Loyal Customer
S05121,CU1078,C0427,19-11-2024,2,28190,Cash,Kenneth Sherman,,Repeating Customer
S05122,CU0305,C0200,28-08-2024,2,34343,Installment,Todd Fisher,,Repeating Customer
S05123,CU0594,C0124,06-04-2023,1,49185,Credit,Cynthia Hayes,,New Customer
S05124,CU0491,C0442,28-07-2024,1,70077,Cash,Jennifer Walker,,New Customer
S05125,CU1068,C0078,06-09-2023,3,23526,Credit,Mr. Bernard Taylor,,Loyal Customer
S05126,CU0208,C0208,31-03-2025,1,74876,Credit,Brandon Robbins,,New Customer
S05127,CU1186,C0444,13-11-2022,3,75202,Installment,Patrick Gonzalez,,Loyal Customer
S05128,CU0037,C0210,09-03-2023,1,89553,Credit,Anne Travis,,New Customer
S05129,CU1231,C0239,02-01-2024,1,83400,Credit,Donna Brown,,New Customer
S05130,CU1487,C0353,05-11-2022,2,41644,Installment,Joel Brooks,,Repeating Customer
S05131,CU0549,C0419,11-04-2023,2,27964,Installment,Bradley Martin,,Repeating Customer
S05132,CU0269,C0085,06-05-2023,3,74320,Installment,Tamara Miller,,Loyal Customer
S05133,CU0800,C0471,03-10-2025,2,67702,Credit,Nancy Houston,,Repeating Customer
S05134,CU0041,C0482,06-01-2023,2,16333,Installment,Stefanie Gutierrez,,Repeating Customer
S05135,CU1591,C0345,04-02-2024,3,16120,Cash,Theodore Patel,,Loyal Customer
S05136,CU0316,C0238,18-03-2025,2,25123,Cash,Briana Johnson,,Repeating Customer
S05137,CU0404,C0386,26-10-2023,1,25104,Credit,Kyle Osborn,,New Customer
S05138,CU0546,C0132,28-03-2023,1,81212,Cash,Beth Vance,,New Customer
S05139,CU1458,C0381,09-09-2025,3,39277,Installment,Derek King,,Loyal Customer
S05140,CU0556,C0027,02-09-2024,3,97101,Installment,Luke Reid,,Loyal Customer
S05141,CU0809,C0389,24-05-2024,3,96966,Installment,Amber Gutierrez,,Loyal Customer
S05142,CU0164,C0251,11-05-2023,3,50164,Installment,Scott Reilly,,Loyal Customer
S05143,CU0945,C0420,06-11-2022,3,93969,Cash,Tiffany Brooks,,Loyal Customer
S05144,CU0439,C0262,21-04-2023,3,42432,Cash,Sean Johnson,,Loyal Customer
S05145,CU0525,C0224,02-07-2023,1,55999,Credit,Kimberly Jennings,,New Customer
S05146,CU0117,C0161,12-06-2023,1,63011,Credit,Dustin Baker,,New Customer
S05147,CU1311,C0309,06-03-2024,2,71313,Cash,Anna Jackson,,Repeating Customer
S05148,CU1758,C0308,08-10-2025,1,83659,Installment,Patrick Williams,,New Customer
S05149,CU1123,C0182,15-08-2024,2,39338,Credit,Jamie Cohen,,Repeating Customer
S05150,CU1157,C0255,12-10-2025,2,47217,Cash,Laura Lewis,,Repeating Customer
S05151,CU1574,C0300,16-06-2024,2,91525,Installment,Steve Reese,,Repeating Customer
S05152,CU0614,C0492,03-03-2024,2,96596,Cash,David Ray,,Repeating Customer
S05153,CU1703,C0286,20-10-2025,1,38377,Installment,Courtney Ray,,New Customer
S05154,CU1263,C0409,08-12-2023,1,88820,Cash,Renee Walters,,New Customer
S05155,CU0105,C0055,05-01-2024,1,26368,Cash,Taylor Werner,,New Customer
S05156,CU0536,C0059,01-06-2025,1,54954,Installment,Anthony Anderson,,New Customer
S05157,CU0039,C0134,12-03-2025,1,62104,Credit,Ashlee Serrano,,New Customer
S05158,CU1038,C0005,06-04-2024,2,90873,Cash,Sandra Spencer,,Repeating Customer
S05159,CU1561,C0234,11-06-2023,2,68769,Installment,Robert Daniels,,Repeating Customer
S05160,CU1838,C0333,17-08-2025,2,88039,Installment,Brandi Coleman,,Repeating Customer
S05161,CU1571,C0481,29-09-2023,3,95484,Credit,Cory Roberts,,Loyal Customer
S05162,CU1019,C0111,31-01-2023,3,25959,Cash,David Bradford,,Loyal Customer
S05163,CU0536,C0302,21-10-2023,1,80753,Credit,Christina Lee,,New Customer
S05164,CU0471,C0036,02-03-2025,2,92746,Credit,Mr. Mark Edwards,,Repeating Customer
S05165,CU0650,C0322,28-08-2024,1,29169,Installment,Emily Bray,,New Customer
S05166,CU1402,C0191,18-09-2023,1,55788,Cash,John Riley,,New Customer
S05167,CU1938,C0447,04-08-2025,3,52910,Cash,Diana Reed,,Loyal Customer
S05168,CU1897,C0430,09-06-2023,2,27361,Installment,Edward Oneal,,Repeating Customer
S05169,CU1947,C0449,27-12-2024,2,80967,Installment,Christopher Collins,,Repeating Customer
S05170,CU0787,C0196,21-10-2024,1,93585,Cash,Walter Rice,,New Customer
S05171,CU1134,C0290,13-02-2024,1,80848,Installment,Alexis Dennis,,New Customer
S05172,CU0462,C0139,17-05-2023,2,32656,Credit,Mrs. Melissa Flynn MD,,Repeating Customer
S05173,CU1283,C0403,30-10-2024,1,57793,Credit,Gabrielle Jackson,,New Customer
S05174,CU1475,C0167,17-02-2023,2,70387,Cash,Daniel Castillo,,Repeating Customer
S05175,CU0830,C0033,16-02-2025,3,87518,Cash,Shannon Morris,,Loyal Customer
S05176,CU1140,C0438,06-01-2024,1,32229,Installment,Andrew Banks,,New Customer
S05177,CU0393,C0459,18-07-2023,3,76060,Installment,Randall Duke,,Loyal Customer
S05178,CU0452,C0423,09-12-2023,3,86983,Cash,Michelle Allen,,Loyal Customer
S05179,CU1960,C0164,10-04-2025,2,59830,Installment,Doris Cunningham,,Repeating Customer
S05180,CU0800,C0083,24-05-2025,1,95783,Installment,Rebecca Holt,,New Customer
S05181,CU1773,C0273,16-09-2025,1,66282,Installment,Lorraine Smith,,New Customer
S05182,CU1901,C0004,03-01-2025,1,66040,Installment,Michael Brown,,New Customer
S05183,CU0980,C0445,15-06-2025,2,93701,Cash,Terry Frazier,,Repeating Customer
S05184,CU1816,C0258,15-04-2024,1,21484,Cash,Melissa Flores,,New Customer
S05185,CU1240,C0147,27-11-2024,2,71499,Cash,Cheryl Wilson,,Repeating Customer
S05186,CU1652,C0241,04-12-2024,3,69236,Installment,Patricia Jefferson,,Loyal Customer
S05187,CU1336,C0168,23-07-2024,3,37891,Installment,Dean Chavez,,Loyal Customer
S05188,CU0348,C0241,04-05-2025,3,31743,Installment,Joshua Gonzales,,Loyal Customer
S05189,CU1973,C0353,19-06-2023,1,40676,Credit,Kathryn Downs,,New Customer
S05190,CU0044,C0053,21-07-2023,1,60676,Cash,Ricky Young,,New Customer
S05191,CU1000,C0467,25-03-2025,1,35843,Cash,Angela Lamb,,New Customer
S05192,CU1034,C0087,05-09-2024,2,94021,Installment,Kathryn Nielsen,,Repeating Customer
S05193,CU1465,C0400,25-08-2025,2,98961,Cash,Monica Collins,,Repeating Customer
S05194,CU0343,C0139,01-07-2024,1,79559,Credit,Alicia Hernandez,,New Customer
S05195,CU1699,C0247,15-05-2024,1,32103,Credit,Karen Owens,,New Customer
S05196,CU0439,C0099,27-04-2025,2,48527,Installment,Richard Gonzalez,,Repeating Customer
S05197,CU1152,C0181,01-08-2024,3,63754,Credit,Susan Graham,,Loyal Customer
S05198,CU1850,C0129,10-05-2024,2,54824,Cash,Eric Ellis,,Repeating Customer
S05199,CU0260,C0126,03-04-2024,3,39773,Cash,Jennifer Newman,,Loyal Customer
S05200,CU1550,C0238,06-10-2025,2,65149,Installment,Joseph Charles,,Repeating Customer
S05201,CU0425,C0299,10-03-2023,3,44039,Credit,Virginia Gill,,Loyal Customer
S05202,CU1293,C0129,20-11-2024,1,34704,Installment,Tracie Jones,,New Customer
S05203,CU0270,C0309,29-03-2023,3,75095,Cash,Erica Gibson,,Loyal Customer
S05204,CU1580,C0094,02-12-2023,2,62507,Installment,Douglas Johnson,,Repeating Customer
S05205,CU0069,C0362,01-05-2024,1,29062,Installment,Kevin Washington,,New Customer
S05206,CU0446,C0469,19-03-2024,3,76760,Cash,Blake Baker,,Loyal Customer
S05207,CU1089,C0165,25-10-2023,3,86330,Installment,Lawrence Molina,,Loyal Customer
S05208,CU0803,C0331,20-05-2023,1,99094,Cash,Matthew Lopez,,New Customer
S05209,CU0076,C0014,15-05-2023,1,67897,Credit,Alexander Bauer,,New Customer
S05210,CU0941,C0248,03-03-2023,3,79819,Credit,Danny Aguilar,,Loyal Customer
S05211,CU0727,C0304,27-03-2024,1,44678,Cash,Amanda Lopez,,New Customer
S05212,CU0291,C0302,11-01-2024,2,73116,Installment,Patricia Parker,,Repeating Customer
S05213,CU1767,C0500,23-09-2023,3,54257,Installment,Anthony Henderson,,Loyal Customer
S05214,CU1829,C0298,25-06-2025,2,21963,Cash,Mr. James Vang,,Repeating Customer
S05215,CU0265,C0360,19-11-2024,2,49793,Installment,Sarah Lynch,,Repeating Customer
S05216,CU0829,C0455,22-11-2024,1,66978,Credit,Chase Watson,,New Customer
S05217,CU1566,C0123,24-10-2025,1,38118,Cash,Erin Miller,,New Customer
S05218,CU1726,C0385,23-06-2024,1,61476,Cash,Greg Smith,,New Customer
S05219,CU1800,C0343,21-03-2025,3,18878,Installment,Ariel Torres MD,,Loyal Customer
S05220,CU0552,C0286,09-08-2024,2,17106,Cash,Joel Madden,,Repeating Customer
S05221,CU1581,C0021,05-05-2024,1,94152,Installment,Mr. George Johnson,,New Customer
S05222,CU1781,C0052,05-01-2024,2,70062,Credit,Anthony Bowman,,Repeating Customer
S05223,CU0378,C0353,04-07-2023,3,36782,Cash,Andrea George,,Loyal Customer
S05224,CU1030,C0407,03-03-2025,2,87697,Installment,Thomas Lee,,Repeating Customer
S05225,CU0120,C0379,16-01-2024,1,56220,Cash,Kevin Eaton,,New Customer
S05226,CU1937,C0410,24-05-2024,2,40819,Installment,Anthony Morales,,Repeating Customer
S05227,CU1134,C0275,08-04-2023,2,72604,Installment,Kimberly Cole,,Repeating Customer
S05228,CU1831,C0480,06-02-2023,1,50842,Cash,Christina Cain,,New Customer
S05229,CU0630,C0325,16-08-2023,2,30129,Credit,Timothy Mccullough,,Repeating Customer
S05230,CU0307,C0031,28-07-2025,3,50743,Cash,Kayla Lee,,Loyal Customer
S05231,CU1927,C0137,19-10-2023,2,45768,Installment,Rhonda Nelson,,Repeating Customer
S05232,CU0662,C0400,28-07-2023,2,77042,Cash,James Mccarthy,,Repeating Customer
S05233,CU1603,C0133,05-10-2023,1,43396,Installment,Christian Harper,,New Customer
S05234,CU0367,C0076,14-05-2023,2,73414,Cash,Cheryl Krueger,,Repeating Customer
S05235,CU0943,C0269,17-09-2023,1,15744,Credit,Benjamin Hill,,New Customer
S05236,CU1761,C0174,27-01-2025,2,69307,Installment,Marissa Reed,,Repeating Customer
S05237,CU1510,C0062,17-12-2023,2,67693,Cash,Annette Rivera,,Repeating Customer
S05238,CU0888,C0047,26-09-2024,3,54785,Cash,Robert Adams,,Loyal Customer
S05239,CU0453,C0029,06-11-2022,2,25213,Cash,Christian Sexton,,Repeating Customer
S05240,CU1441,C0368,07-12-2023,2,84039,Cash,Becky Williams,,Repeating Customer
S05241,CU0960,C0432,11-04-2023,1,64356,Cash,Lindsay Jones,,New Customer
S05242,CU0087,C0035,26-07-2023,2,18980,Installment,Douglas Chavez,,Repeating Customer
S05243,CU1971,C0473,04-08-2025,2,22855,Installment,Lisa Olson,,Repeating Customer
S05244,CU1058,C0352,29-06-2023,1,74725,Cash,Michelle Moody DDS,,New Customer
S05245,CU0325,C0027,29-01-2025,1,33409,Installment,Shelley Harmon,,New Customer
S05246,CU0208,C0475,28-09-2023,2,97481,Cash,Robert Pacheco,,Repeating Customer
S05247,CU0896,C0013,24-01-2025,2,92194,Credit,Tina Wolf,,Repeating Customer
S05248,CU1179,C0205,11-06-2023,1,52916,Installment,Amanda Barber,,New Customer
S05249,CU1320,C0143,27-12-2024,2,17094,Credit,Lisa Cook,,Repeating Customer
S05250,CU1827,C0303,25-11-2022,2,47103,Credit,Mr. Brian Fitzgerald,,Repeating Customer
S05251,CU0938,C0270,19-10-2025,2,71046,Credit,Kim Smith MD,,Repeating Customer
S05252,CU0360,C0249,06-12-2022,1,77599,Cash,Nancy Barnett,,New Customer
S05253,CU0622,C0029,25-01-2024,2,89457,Installment,Amy Cox,,Repeating Customer
S05254,CU1857,C0093,03-03-2025,2,78637,Credit,Austin Cardenas,,Repeating Customer
S05255,CU1867,C0449,14-10-2025,2,83185,Installment,Benjamin Garcia,,Repeating Customer
S05256,CU0346,C0123,24-09-2024,2,50292,Cash,Dr. Veronica Hickman,,Repeating Customer
S05257,CU0424,C0106,10-04-2023,2,53709,Credit,Megan Fox,,Repeating Customer
S05258,CU0012,C0365,28-09-2024,3,90536,Cash,Gabriella Taylor,,Loyal Customer
S05259,CU1812,C0018,21-10-2024,1,19319,Credit,Paul Riley,,New Customer
S05260,CU1819,C0327,13-06-2024,3,67039,Cash,Jean Lee,,Loyal Customer
S05261,CU0451,C0012,26-06-2024,3,76690,Installment,Roberto Santiago,,Loyal Customer
S05262,CU1753,C0037,17-12-2022,3,61657,Cash,Karen Gonzalez,,Loyal Customer
S05263,CU0255,C0313,24-10-2023,2,97390,Installment,Charles Harvey Jr.,,Repeating Customer
S05264,CU0719,C0053,25-02-2025,2,17971,Installment,Kimberly Lam,,Repeating Customer
S05265,CU1064,C0086,17-02-2023,2,59075,Installment,David Williams,,Repeating Customer
S05266,CU0165,C0019,13-11-2022,1,72015,Credit,Jesus Turner,,New Customer
S05267,CU0909,C0015,10-05-2023,1,34465,Installment,Anthony Perry,,New Customer
S05268,CU1934,C0022,17-08-2025,3,83625,Credit,Alicia Ali,,Loyal Customer
S05269,CU0902,C0302,15-09-2024,3,68740,Installment,Daniel Mcneil,,Loyal Customer
S05270,CU1083,C0110,11-02-2023,2,54857,Installment,Karen Foster,,Repeating Customer
S05271,CU1161,C0353,02-11-2023,3,44277,Credit,Curtis Vazquez,,Loyal Customer
S05272,CU0758,C0455,17-07-2025,2,21418,Cash,Brenda Williams,,Repeating Customer
S05273,CU0114,C0107,19-08-2024,2,25783,Cash,Tammy Garza,,Repeating Customer
S05274,CU1536,C0062,08-10-2024,1,89410,Cash,Christina Mullen,,New Customer
S05275,CU1577,C0267,25-01-2024,3,21234,Cash,Travis Kemp,,Loyal Customer
S05276,CU1929,C0086,25-02-2023,3,80229,Cash,Sarah Peters,,Loyal Customer
S05277,CU1161,C0432,11-06-2023,1,59691,Cash,Jessica Baker,,New Customer
S05278,CU1121,C0397,07-06-2025,1,55781,Credit,Jonathan Gonzalez,,New Customer
S05279,CU0911,C0378,17-05-2024,3,65388,Installment,Nathaniel Smith,,Loyal Customer
S05280,CU0620,C0151,25-11-2023,1,42031,Credit,Vicki Scott,,New Customer
S05281,CU0939,C0186,20-12-2023,1,62446,Cash,Jennifer Hall,,New Customer
S05282,CU1965,C0132,19-05-2024,3,34664,Credit,Michael Hardy,,Loyal Customer
S05283,CU0417,C0375,22-10-2024,2,36579,Credit,Nancy Gonzales,,Repeating Customer
S05284,CU0244,C0393,21-07-2023,3,85792,Credit,Holly Vasquez MD,,Loyal Customer
S05285,CU1176,C0249,21-09-2023,1,58302,Credit,Mary Sanders,,New Customer
S05286,CU1183,C0010,10-05-2025,1,64471,Installment,Anna Barnes,,New Customer
S05287,CU1111,C0442,17-06-2023,3,19223,Credit,Scott Peterson,,Loyal Customer
S05288,CU1225,C0279,04-01-2023,3,21981,Credit,Patrick Tate,,Loyal Customer
S05289,CU1604,C0020,26-03-2024,2,74631,Credit,Laura Bartlett,,Repeating Customer
S05290,CU1636,C0355,16-08-2024,1,73288,Installment,Joe Foster,,New Customer
S05291,CU1060,C0381,20-07-2024,1,80060,Installment,Marie Snyder,,New Customer
S05292,CU1036,C0109,03-12-2023,3,53188,Cash,Lee Burke,,Loyal Customer
S05293,CU0887,C0272,29-10-2024,3,69024,Cash,Cynthia Hoffman,,Loyal Customer
S05294,CU1336,C0390,01-02-2023,2,88689,Cash,Sandra Bryant,,Repeating Customer
S05295,CU0303,C0158,25-12-2024,3,68565,Credit,Sean Reynolds,,Loyal Customer
S05296,CU1621,C0310,03-09-2025,2,26575,Cash,Julie Herrera,,Repeating Customer
S05297,CU1023,C0316,17-01-2024,2,61095,Cash,Christopher Skinner,,Repeating Customer
S05298,CU1551,C0471,01-05-2023,3,15949,Credit,Lance Lozano,,Loyal Customer
S05299,CU1036,C0031,23-08-2024,3,54397,Installment,Laura Daniels,,Loyal Customer
S05300,CU1504,C0159,20-10-2025,2,58357,Credit,Linda Jones,,Repeating Customer
S05301,CU1587,C0043,14-05-2024,1,68731,Cash,Emily Green,,New Customer
S05302,CU0447,C0327,14-04-2024,1,29944,Credit,Joshua Harris,,New Customer
S05303,CU0158,C0094,01-09-2024,1,89860,Installment,Brandon Brown,,New Customer
S05304,CU1605,C0231,27-09-2024,3,66031,Installment,Regina Thornton,,Loyal Customer
S05305,CU0089,C0059,18-04-2023,3,82678,Installment,Joyce Bryant,,Loyal Customer
S05306,CU1501,C0304,17-03-2023,1,21828,Installment,Debra Richardson,,New Customer
S05307,CU0230,C0021,31-03-2023,3,84271,Installment,Lynn Hale,,Loyal Customer
S05308,CU1187,C0487,06-08-2024,1,89122,Cash,Wayne Taylor,,New Customer
S05309,CU0891,C0122,30-06-2024,3,89405,Installment,Amber Wiggins,,Loyal Customer
S05310,CU1415,C0315,20-03-2025,1,85340,Credit,Bradley Cain,,New Customer
S05311,CU0736,C0234,21-11-2023,3,16649,Cash,Lisa Hooper,,Loyal Customer
S05312,CU0517,C0227,18-05-2023,1,33531,Installment,Ms. Brenda Johnson DVM,,New Customer
S05313,CU1977,C0054,11-10-2025,3,21338,Credit,Todd Lester,,Loyal Customer
S05314,CU0721,C0351,15-08-2025,1,19221,Installment,Susan Cain,,New Customer
S05315,CU1850,C0439,02-09-2023,1,60670,Credit,Mr. Jeffrey Price,,New Customer
S05316,CU0760,C0305,04-06-2025,2,45144,Credit,Jennifer Wilson,,Repeating Customer
S05317,CU1014,C0308,09-09-2025,1,45886,Installment,Lauren Peterson,,New Customer
S05318,CU1995,C0356,03-09-2024,3,49265,Cash,Jasmine Preston,,Loyal Customer
S05319,CU1715,C0389,25-12-2023,3,49265,Cash,Patricia Allison,,Loyal Customer
S05320,CU0710,C0192,01-10-2023,3,88859,Cash,Courtney Stewart,,Loyal Customer
S05321,CU1563,C0487,19-11-2022,3,34285,Cash,Brandy Mcdowell,,Loyal Customer
S05322,CU0111,C0122,20-03-2025,3,30625,Cash,James Jones,,Loyal Customer
S05323,CU1891,C0371,17-05-2024,3,58803,Cash,Amber Garcia,,Loyal Customer
S05324,CU1899,C0220,28-05-2024,2,43392,Credit,John Mclaughlin,,Repeating Customer
S05325,CU0935,C0057,29-09-2024,1,75206,Cash,Christopher Mcguire,,New Customer
S05326,CU1458,C0179,28-10-2023,1,22008,Installment,Kyle Ochoa,,New Customer
S05327,CU1190,C0014,06-01-2024,2,18128,Installment,Mark Black,,Repeating Customer
S05328,CU0950,C0231,27-10-2023,3,90663,Cash,James Hall,,Loyal Customer
S05329,CU0251,C0231,23-06-2023,2,80843,Credit,Stephanie Jackson,,Repeating Customer
S05330,CU0181,C0045,06-12-2023,2,21993,Credit,Alex Wilcox,,Repeating Customer
S05331,CU0850,C0415,09-06-2023,1,36919,Cash,Leroy Dixon,,New Customer
S05332,CU1488,C0375,27-07-2023,3,41035,Installment,Randall Novak,,Loyal Customer
S05333,CU1556,C0229,30-08-2025,3,54566,Credit,Christopher Barnes,,Loyal Customer
S05334,CU0604,C0195,15-01-2025,2,39668,Credit,Craig Bowen,,Repeating Customer
S05335,CU1968,C0070,11-09-2025,2,18883,Installment,Christopher Nelson,,Repeating Customer
S05336,CU1152,C0292,24-10-2025,2,55396,Installment,Rhonda Dean,,Repeating Customer
S05337,CU0787,C0184,04-05-2025,1,44538,Cash,Miguel Hinton,,New Customer
S05338,CU0251,C0251,24-10-2025,2,61013,Installment,Terry Pacheco,,Repeating Customer
S05339,CU1836,C0480,02-02-2023,2,39362,Installment,Sarah Freeman,,Repeating Customer
S05340,CU1211,C0410,10-03-2025,2,47497,Cash,Donna Golden,,Repeating Customer
S05341,CU0507,C0246,11-08-2025,2,49116,Installment,Kevin King,,Repeating Customer
S05342,CU0090,C0224,15-09-2023,1,69450,Installment,Daniel Gomez,,New Customer
S05343,CU0071,C0157,24-11-2024,2,58082,Credit,Meghan Galvan,,Repeating Customer
S05344,CU0504,C0384,04-12-2024,3,74583,Credit,Anna Thompson,,Loyal Customer
S05345,CU0748,C0260,26-08-2023,1,79915,Installment,Douglas Davis,,New Customer
S05346,CU1212,C0315,05-06-2025,1,47324,Credit,Anthony Marshall,,New Customer
S05347,CU0231,C0095,11-02-2023,1,70013,Cash,Evan Walker,,New Customer
S05348,CU0284,C0057,25-12-2023,2,32481,Installment,Sandy Wilson,,Repeating Customer
S05349,CU1666,C0448,30-04-2025,1,55707,Credit,Christine Wagner,,New Customer
S05350,CU1169,C0495,02-09-2023,1,78660,Cash,Tyler Garcia,,New Customer
S05351,CU0718,C0365,03-10-2023,3,68362,Cash,Krista Hogan,,Loyal Customer
S05352,CU1087,C0316,17-10-2023,2,51589,Credit,Joseph Vance PhD,,Repeating Customer
S05353,CU1995,C0299,04-03-2024,1,87541,Cash,Julian Higgins,,New Customer
S05354,CU0120,C0473,27-09-2023,1,46862,Cash,Cynthia Lin,,New Customer
S05355,CU0205,C0229,30-07-2024,3,30107,Installment,Kenneth Wilson,,Loyal Customer
S05356,CU0852,C0398,02-04-2023,3,74519,Credit,Christopher Fisher,,Loyal Customer
S05357,CU0662,C0246,31-05-2023,3,32072,Credit,Richard Hayden,,Loyal Customer
S05358,CU0407,C0294,25-05-2024,2,66976,Installment,Sarah Stewart,,Repeating Customer
S05359,CU0082,C0348,17-12-2024,2,32145,Credit,Tammy Bonilla,,Repeating Customer
S05360,CU1195,C0326,15-10-2025,2,77915,Credit,David Johnson,,Repeating Customer
S05361,CU1058,C0211,22-07-2024,2,16586,Cash,Danielle Fowler,,Repeating Customer
S05362,CU0049,C0083,11-08-2023,2,41525,Credit,Jeanne Davenport,,Repeating Customer
S05363,CU1598,C0394,28-11-2023,1,68468,Cash,Erica Moreno,,New Customer
S05364,CU0040,C0221,16-03-2024,2,96769,Installment,Melissa Vazquez,,Repeating Customer
S05365,CU0397,C0087,08-02-2023,2,90605,Installment,Matthew Flores,,Repeating Customer
S05366,CU0465,C0338,26-10-2025,2,64324,Credit,Melissa Gallagher,,Repeating Customer
S05367,CU1597,C0118,05-03-2023,1,89445,Credit,Dr. Sandra Peters,,New Customer
S05368,CU0636,C0182,25-02-2023,3,56638,Cash,Meredith Kent,,Loyal Customer
S05369,CU0110,C0451,30-03-2024,3,72066,Installment,Bethany Lamb,,Loyal Customer
S05370,CU1657,C0364,14-11-2022,3,90670,Cash,Kimberly Williams,,Loyal Customer
S05371,CU0913,C0492,02-02-2023,3,78266,Credit,Jeffrey Bowman,,Loyal Customer
S05372,CU1661,C0296,01-08-2025,1,66133,Installment,Kevin Serrano,,New Customer
S05373,CU0820,C0037,06-02-2024,3,17738,Installment,Alexa Ware,,Loyal Customer
S05374,CU0616,C0069,25-07-2025,3,64649,Installment,Johnny Hill,,Loyal Customer
S05375,CU0062,C0005,29-03-2023,1,98289,Installment,Kimberly Smith,,New Customer
S05376,CU0946,C0394,21-12-2023,2,75659,Installment,Robert Garcia,,Repeating Customer
S05377,CU1847,C0151,27-08-2025,3,17289,Cash,Wayne Clark,,Loyal Customer
S05378,CU1862,C0334,11-12-2022,3,76586,Credit,Virginia Smith,,Loyal Customer
S05379,CU1830,C0489,23-02-2024,2,80669,Credit,Cheyenne Moore,,Repeating Customer
S05380,CU0911,C0093,02-03-2025,2,72305,Installment,Collin Rodriguez,,Repeating Customer
S05381,CU0843,C0100,22-10-2023,3,84773,Installment,Mark Carr,,Loyal Customer
S05382,CU0764,C0296,19-02-2024,1,73731,Installment,Scott Frazier,,New Customer
S05383,CU0878,C0269,26-06-2023,3,68107,Cash,Scott Martin,,Loyal Customer
S05384,CU0295,C0005,24-10-2023,2,20677,Installment,Ashley Campbell,,Repeating Customer
S05385,CU1551,C0102,08-08-2025,1,74229,Cash,Linda Miller,,New Customer
S05386,CU0464,C0260,25-08-2024,3,41198,Installment,Laurie Sandoval,,Loyal Customer
S05387,CU1178,C0145,05-12-2024,2,76043,Installment,Paul Miller,,Repeating Customer
S05388,CU1290,C0361,24-03-2023,3,61447,Installment,Sarah Howard,,Loyal Customer
S05389,CU0712,C0382,19-08-2023,3,27607,Credit,Terri Yates,,Loyal Customer
S05390,CU1782,C0412,17-09-2023,2,70616,Cash,Dr. William Lawson Jr.,,Repeating Customer
S05391,CU1097,C0263,28-03-2025,3,79622,Credit,Joan Bailey,,Loyal Customer
S05392,CU0099,C0459,01-04-2024,3,69847,Cash,Kyle Lopez,,Loyal Customer
S05393,CU0417,C0480,18-10-2024,2,73176,Credit,Joshua Phillips,,Repeating Customer
S05394,CU1313,C0355,15-01-2023,3,37470,Installment,William Odonnell,,Loyal Customer
S05395,CU0447,C0269,17-01-2024,3,51141,Credit,Matthew Ramirez,,Loyal Customer
S05396,CU1660,C0304,24-08-2024,3,60882,Cash,Angela Gonzalez,,Loyal Customer
S05397,CU1378,C0443,16-02-2024,3,52427,Cash,Nathaniel Miles,,Loyal Customer
S05398,CU1878,C0104,22-12-2023,1,58429,Credit,Brian Harris,,New Customer
S05399,CU1173,C0025,08-10-2024,1,75083,Installment,Terry Becker,,New Customer
S05400,CU0586,C0069,05-03-2025,3,87003,Installment,Andrea Carter,,Loyal Customer
S05401,CU0156,C0177,09-04-2024,2,68506,Cash,Jennifer Stone,,Repeating Customer
S05402,CU0712,C0217,01-07-2024,1,40697,Credit,Rebecca Doyle,,New Customer
S05403,CU1076,C0351,24-12-2022,2,54676,Installment,Ryan Lopez,,Repeating Customer
S05404,CU0434,C0373,13-09-2023,3,32874,Cash,Jennifer Adkins,,Loyal Customer
S05405,CU0616,C0134,26-09-2025,3,15939,Installment,Heidi Alexander,,Loyal Customer
S05406,CU0078,C0456,21-12-2022,3,81597,Cash,Alice Lopez,,Loyal Customer
S05407,CU1230,C0219,17-06-2024,3,34304,Credit,Shawn Farrell,,Loyal Customer
S05408,CU0779,C0434,10-02-2023,3,85044,Credit,Taylor Carr,,Loyal Customer
S05409,CU1889,C0340,08-03-2023,2,86202,Cash,Kevin Love,,Repeating Customer
S05410,CU0470,C0043,10-08-2024,3,24736,Credit,Todd Brock,,Loyal Customer
S05411,CU0221,C0149,09-02-2023,2,93958,Cash,Miss Anita Martinez PhD,,Repeating Customer
S05412,CU0418,C0473,04-09-2023,1,78098,Installment,Emily Hernandez,,New Customer
S05413,CU1252,C0324,11-07-2025,3,18724,Credit,Christy Palmer,,Loyal Customer
S05414,CU1964,C0473,04-07-2025,3,33867,Installment,Erin Thompson,,Loyal Customer
S05415,CU0541,C0011,09-04-2023,1,42719,Credit,Aaron Dudley,,New Customer
S05416,CU0056,C0273,20-11-2023,1,71858,Credit,Russell Frank,,New Customer
S05417,CU0895,C0401,21-04-2023,1,53122,Installment,Jill Smith,,New Customer
S05418,CU1225,C0397,08-06-2024,1,25680,Credit,Amy Gardner,,New Customer
S05419,CU0896,C0003,19-07-2025,2,36643,Credit,Jordan Wheeler,,Repeating Customer
S05420,CU1348,C0491,20-10-2024,1,15036,Installment,Richard Browning,,New Customer
S05421,CU0778,C0293,20-05-2025,3,33873,Cash,David Burnett,,Loyal Customer
S05422,CU1731,C0496,03-05-2025,1,47373,Cash,Allison Ramirez,,New Customer
S05423,CU0457,C0062,25-04-2023,1,17995,Credit,Jessica Andrews,,New Customer
S05424,CU1519,C0296,27-01-2025,1,92708,Cash,Matthew Jackson,,New Customer
S05425,CU1818,C0214,10-05-2023,2,42251,Credit,Lauren Nicholson,,Repeating Customer
S05426,CU1058,C0159,27-10-2024,1,22686,Installment,Courtney Brown,,New Customer
S05427,CU1645,C0466,18-06-2025,2,19588,Credit,Steven Miller Jr.,,Repeating Customer
S05428,CU1728,C0264,27-07-2023,2,50884,Credit,Eric Avila,,Repeating Customer
S05429,CU1068,C0097,04-05-2023,2,42956,Installment,Jose Rivas,,Repeating Customer
S05430,CU0550,C0391,30-11-2024,3,58006,Credit,Tammy Gordon,,Loyal Customer
S05431,CU0338,C0286,27-10-2023,3,17806,Installment,Glenn Myers,,Loyal Customer
S05432,CU0687,C0439,06-05-2023,3,52119,Installment,Dana Thomas,,Loyal Customer
S05433,CU1534,C0140,09-12-2023,2,80193,Credit,Dana Preston,,Repeating Customer
S05434,CU0268,C0395,02-06-2023,1,97169,Credit,Ronald Brown,,New Customer
S05435,CU0965,C0092,04-06-2024,3,30930,Credit,Phillip Davis,,Loyal Customer
S05436,CU0587,C0113,23-07-2023,1,43828,Installment,Timothy Horton,,New Customer
S05437,CU1575,C0431,06-01-2025,1,99253,Installment,Jennifer Walker,,New Customer
S05438,CU0023,C0267,29-02-2024,2,18171,Credit,Catherine Johnson,,Repeating Customer
S05439,CU0833,C0285,05-05-2024,3,63498,Credit,Lisa Garcia,,Loyal Customer
S05440,CU0184,C0454,16-12-2022,3,34330,Cash,Sherry Lang,,Loyal Customer
S05441,CU0139,C0111,21-01-2025,3,21997,Cash,Terri Miller,,Loyal Customer
S05442,CU0584,C0122,08-02-2025,3,93032,Cash,Margaret Morgan,,Loyal Customer
S05443,CU0710,C0414,03-08-2024,1,50848,Installment,Ann Hodge,,New Customer
S05444,CU0466,C0226,15-01-2025,2,80628,Cash,Kimberly Carrillo,,Repeating Customer
S05445,CU0885,C0437,19-08-2023,1,78411,Credit,Heather Davis,,New Customer
S05446,CU1266,C0102,12-01-2023,3,35541,Cash,Theresa Ortiz,,Loyal Customer
S05447,CU1182,C0301,09-04-2023,1,55207,Credit,Shelby Weber,,New Customer
S05448,CU0336,C0148,12-01-2023,3,77208,Credit,Justin Jimenez,,Loyal Customer
S05449,CU1100,C0213,20-09-2024,1,57706,Cash,Lonnie Weiss,,New Customer
S05450,CU0124,C0458,20-07-2025,3,28659,Credit,Jesse Shields,,Loyal Customer
S05451,CU1947,C0483,20-02-2023,3,42890,Credit,Alan Shepherd,,Loyal Customer
S05452,CU0334,C0233,29-07-2024,3,39074,Credit,Gina Adams,,Loyal Customer
S05453,CU1388,C0271,02-03-2023,1,44271,Installment,Matthew Davis,,New Customer
S05454,CU0749,C0353,08-11-2024,3,26784,Cash,Christopher Clark,,Loyal Customer
S05455,CU0055,C0331,27-12-2022,1,80315,Credit,Nicole Barnett,,New Customer
S05456,CU0071,C0334,02-11-2024,3,40721,Installment,Charles Miller,,Loyal Customer
S05457,CU0469,C0492,26-05-2024,2,24605,Credit,Austin White,,Repeating Customer
S05458,CU0154,C0392,15-01-2024,3,47958,Installment,Dawn Phillips,,Loyal Customer
S05459,CU1363,C0243,12-03-2025,2,41129,Credit,Kimberly Hayes,,Repeating Customer
S05460,CU1149,C0097,08-08-2023,2,74228,Credit,Megan Schneider,,Repeating Customer
S05461,CU1511,C0383,19-10-2023,1,68029,Installment,Paul Harper,,New Customer
S05462,CU1800,C0061,22-03-2025,3,81993,Cash,Monica Keller,,Loyal Customer
S05463,CU0683,C0316,23-07-2024,1,93400,Credit,Michael Green,,New Customer
S05464,CU1618,C0488,04-09-2025,3,54026,Cash,Crystal Banks,,Loyal Customer
S05465,CU0473,C0329,11-10-2025,3,17011,Credit,Dennis Mitchell,,Loyal Customer
S05466,CU0794,C0098,19-11-2023,1,40813,Cash,Brandon Clark DDS,,New Customer
S05467,CU0989,C0140,05-03-2025,2,74713,Credit,Jasmin Grant,,Repeating Customer
S05468,CU1132,C0457,16-07-2025,1,17111,Installment,Carlos Jones,,New Customer
S05469,CU0316,C0096,14-02-2024,2,34240,Credit,Amanda Travis,,Repeating Customer
S05470,CU0162,C0442,10-04-2024,2,87257,Installment,Stephen Tucker,,Repeating Customer
S05471,CU1515,C0104,20-03-2023,2,52280,Installment,Dr. Jon Martinez,,Repeating Customer
S05472,CU0511,C0458,11-08-2025,2,64532,Cash,Charles Aguilar,,Repeating Customer
S05473,CU0516,C0263,30-04-2024,2,88542,Installment,Jessica Chandler,,Repeating Customer
S05474,CU1589,C0139,28-11-2024,2,67382,Installment,Zachary Johnson,,Repeating Customer
S05475,CU1631,C0019,13-02-2024,2,34924,Installment,Andrew Richardson,,Repeating Customer
S05476,CU1209,C0226,07-03-2024,1,87893,Cash,Ms. Robin Wilson,,New Customer
S05477,CU1327,C0183,30-03-2024,1,82359,Installment,Jason Watson,,New Customer
S05478,CU0580,C0146,28-02-2025,2,42828,Installment,Sarah Mcclure,,Repeating Customer
S05479,CU1574,C0315,01-10-2023,2,54898,Cash,John Hernandez,,Repeating Customer
S05480,CU1722,C0470,03-10-2023,1,91229,Cash,Julie Gates,,New Customer
S05481,CU1372,C0188,05-06-2025,3,65188,Installment,Brent Davis,,Loyal Customer
S05482,CU0128,C0365,24-03-2024,2,66425,Cash,Barbara Lewis,,Repeating Customer
S05483,CU0129,C0041,12-06-2025,3,19560,Credit,Laura Daniels,,Loyal Customer
S05484,CU1508,C0248,16-12-2023,3,46430,Cash,Margaret Scott,,Loyal Customer
S05485,CU1027,C0290,06-07-2023,1,96288,Cash,Kevin Sanchez,,New Customer
S05486,CU1523,C0372,17-04-2025,2,62932,Cash,Whitney Bennett,,Repeating Customer
S05487,CU1762,C0486,13-07-2024,2,93500,Installment,Steven Smith,,Repeating Customer
S05488,CU0951,C0048,24-09-2024,1,57083,Installment,Melissa Marshall,,New Customer
S05489,CU1289,C0437,18-05-2025,1,86551,Credit,Amber Sellers,,New Customer
S05490,CU1015,C0155,31-07-2023,2,34545,Cash,Kathy Beard,,Repeating Customer
S05491,CU0752,C0036,15-07-2023,1,77306,Credit,Megan Krueger,,New Customer
S05492,CU0504,C0271,07-06-2025,1,38048,Credit,Sarah Thompson,,New Customer
S05493,CU1177,C0142,02-05-2024,3,40078,Installment,Jamie Ramos,,Loyal Customer
S05494,CU0279,C0015,25-11-2024,1,86678,Installment,Larry Preston,,New Customer
S05495,CU0454,C0458,01-10-2023,1,46970,Installment,Marie Jackson,,New Customer
S05496,CU1051,C0032,13-04-2023,1,26767,Installment,Sara Wade,,New Customer
S05497,CU0635,C0349,18-06-2023,1,46621,Credit,Jacqueline Williams,,New Customer
S05498,CU0671,C0111,18-04-2024,1,24095,Credit,Robin Hardy,,New Customer
S05499,CU0776,C0015,26-01-2024,1,83593,Credit,Nicholas Day,,New Customer
S05500,CU0391,C0354,20-12-2023,3,89583,Installment,Heather Hill,,Loyal Customer
S05501,CU1925,C0064,07-04-2023,2,21677,Installment,Mrs. Mariah Williamson,,Repeating Customer
S05502,CU1710,C0102,31-10-2024,3,34673,Credit,Angela Barnes,,Loyal Customer
S05503,CU0302,C0299,16-11-2023,3,60497,Credit,Lance Mejia,,Loyal Customer
S05504,CU1831,C0261,04-11-2022,2,90094,Cash,Jessica Benjamin,,Repeating Customer
S05505,CU1108,C0089,16-06-2025,3,28065,Cash,Christina Hayes,,Loyal Customer
S05506,CU1421,C0241,22-02-2023,1,57100,Cash,Stacy Moore,,New Customer
S05507,CU0591,C0024,11-02-2023,3,95146,Credit,Carmen Price,,Loyal Customer
S05508,CU0210,C0280,08-10-2023,3,78709,Installment,Jeffery Smith,,Loyal Customer
S05509,CU0977,C0454,25-10-2024,2,64156,Installment,Jeffrey Anderson,,Repeating Customer
S05510,CU0012,C0385,14-09-2023,2,68568,Credit,Susan Bennett,,Repeating Customer
S05511,CU1340,C0107,20-01-2023,1,96256,Installment,Elizabeth Irwin,,New Customer
S05512,CU0870,C0136,13-06-2024,2,38763,Credit,Lucas Page,,Repeating Customer
S05513,CU0043,C0189,16-03-2023,1,52439,Installment,Phillip Romero,,New Customer
S05514,CU1851,C0023,03-07-2023,1,72220,Installment,Christopher Carr,,New Customer
S05515,CU1250,C0285,14-07-2025,2,42136,Installment,Gregory Vang III,,Repeating Customer
S05516,CU1020,C0184,28-06-2025,2,26132,Installment,Brian Duncan,,Repeating Customer
S05517,CU0358,C0435,28-07-2023,1,37227,Installment,Joseph Chen,,New Customer
S05518,CU1615,C0222,02-09-2023,1,33960,Cash,Morgan Patrick,,New Customer
S05519,CU1619,C0227,16-07-2024,2,73642,Installment,Sara Parrish,,Repeating Customer
S05520,CU1149,C0112,10-10-2025,3,62678,Cash,Ryan Crawford,,Loyal Customer
S05521,CU1331,C0248,09-03-2025,3,89338,Credit,Renee Butler,,Loyal Customer
S05522,CU0120,C0238,30-03-2025,2,80344,Cash,Jose Ruiz,,Repeating Customer
S05523,CU0696,C0438,17-01-2024,1,63106,Credit,Michael Perez,,New Customer
S05524,CU0759,C0080,03-02-2025,1,70830,Credit,Keith Moss,,New Customer
S05525,CU1920,C0055,09-04-2025,1,22670,Installment,Christopher Robinson,,New Customer
S05526,CU0778,C0448,17-05-2023,1,97436,Credit,Tamara Thompson,,New Customer
S05527,CU1110,C0234,05-10-2025,2,44031,Credit,Kyle Mccarthy,,Repeating Customer
S05528,CU1602,C0477,25-05-2024,1,17229,Credit,Molly Ball,,New Customer
S05529,CU0814,C0187,05-07-2025,2,71534,Cash,Willie Young,,Repeating Customer
S05530,CU1576,C0183,11-07-2024,3,52625,Installment,Kimberly Armstrong,,Loyal Customer
S05531,CU1214,C0462,04-06-2023,3,38698,Cash,Sergio Higgins,,Loyal Customer
S05532,CU0286,C0069,14-07-2023,3,70639,Installment,Matthew Williams DDS,,Loyal Customer
S05533,CU0727,C0422,27-01-2024,2,16593,Installment,Michael Wallace,,Repeating Customer
S05534,CU1511,C0436,17-09-2024,3,86567,Cash,Tom Davis,,Loyal Customer
S05535,CU1048,C0112,08-04-2024,1,96168,Cash,Lisa Jenkins,,New Customer
S05536,CU0641,C0234,16-10-2025,2,43288,Cash,Benjamin Holmes,,Repeating Customer
S05537,CU0920,C0440,29-02-2024,1,49781,Installment,Heather Olson,,New Customer
S05538,CU0050,C0056,22-07-2024,2,81201,Installment,Katherine Rodriguez,,Repeating Customer
S05539,CU0171,C0405,08-04-2025,1,47551,Credit,Charles Carter,,New Customer
S05540,CU1895,C0250,03-04-2024,2,56785,Cash,Matthew Hodges,,Repeating Customer
S05541,CU0528,C0067,09-05-2024,1,97483,Installment,Penny Rogers,,New Customer
S05542,CU0316,C0034,04-09-2023,2,74273,Installment,Christina Davis,,Repeating Customer
S05543,CU1250,C0274,25-12-2022,2,43378,Cash,Kevin Schaefer,,Repeating Customer
S05544,CU0938,C0349,28-05-2024,2,96608,Cash,Kathy Garner,,Repeating Customer
S05545,CU1231,C0317,10-12-2023,1,58005,Cash,Carolyn Odom,,New Customer
S05546,CU0778,C0362,23-06-2024,2,67583,Installment,Mrs. Amanda Marshall DVM,,Repeating Customer
S05547,CU0139,C0154,08-11-2023,2,90203,Installment,Miguel Parks,,Repeating Customer
S05548,CU0804,C0117,29-09-2024,1,66238,Installment,Alexandra Quinn,,New Customer
S05549,CU1231,C0136,23-08-2023,3,60832,Cash,Shannon Vincent,,Loyal Customer
S05550,CU1873,C0163,14-05-2023,2,96154,Cash,Crystal Holmes,,Repeating Customer
S05551,CU0294,C0450,16-07-2023,2,76167,Installment,Jonathan Meza,,Repeating Customer
S05552,CU0842,C0253,22-06-2024,3,84173,Cash,Ashley Mata,,Loyal Customer
S05553,CU0612,C0276,26-12-2024,2,51028,Cash,Maria Kramer,,Repeating Customer
S05554,CU0503,C0359,29-07-2025,2,91031,Credit,Robert Byrd,,Repeating Customer
S05555,CU0740,C0304,04-08-2023,3,95395,Credit,Mark Wise,,Loyal Customer
S05556,CU0755,C0138,02-01-2025,2,60910,Installment,Shannon Johnson,,Repeating Customer
S05557,CU0589,C0036,04-05-2025,1,32801,Installment,Stacy Bernard,,New Customer
S05558,CU0047,C0120,27-08-2025,3,84371,Installment,Jason Anderson MD,,Loyal Customer
S05559,CU0884,C0161,28-01-2025,3,96461,Cash,Janet Davis,,Loyal Customer
S05560,CU1160,C0197,25-04-2024,2,18318,Credit,Joanna Bell,,Repeating Customer
S05561,CU1016,C0327,27-05-2023,1,70832,Installment,Teresa Martinez,,New Customer
S05562,CU0668,C0466,25-02-2025,2,70709,Installment,Oscar Martinez,,Repeating Customer
S05563,CU1074,C0094,23-01-2023,1,72476,Credit,Adam Smith,,New Customer
S05564,CU0507,C0222,25-07-2025,3,43203,Installment,Jose Johnson,,Loyal Customer
S05565,CU1832,C0033,10-01-2025,1,74175,Installment,Yolanda Jones,,New Customer
S05566,CU0474,C0376,01-12-2022,2,24873,Credit,Jo Peterson,,Repeating Customer
S05567,CU0918,C0487,24-08-2024,2,67714,Cash,Michael Gardner,,Repeating Customer
S05568,CU0711,C0021,22-11-2024,1,25279,Installment,Amanda Rose,,New Customer
S05569,CU1972,C0349,14-12-2022,3,39046,Installment,Jeremy Ellis,,Loyal Customer
S05570,CU1094,C0436,25-09-2024,2,38938,Installment,Nicole Stanley,,Repeating Customer
S05571,CU1805,C0223,22-12-2024,3,80935,Credit,Robert Black,,Loyal Customer
S05572,CU1746,C0040,16-07-2025,2,24904,Installment,Amanda Dillon,,Repeating Customer
S05573,CU0789,C0088,26-04-2025,3,55920,Cash,Melanie Ortiz,,Loyal Customer
S05574,CU1120,C0139,31-01-2024,2,75134,Installment,Ashley Santos,,Repeating Customer
S05575,CU0124,C0429,27-12-2023,3,50828,Installment,Theresa Nelson,,Loyal Customer
S05576,CU0367,C0126,15-11-2023,2,47141,Installment,Joshua Simmons,,Repeating Customer
S05577,CU0042,C0420,10-01-2025,1,75477,Installment,Robert Snyder,,New Customer
S05578,CU1766,C0458,19-05-2023,2,79954,Cash,Jonathan Douglas,,Repeating Customer
S05579,CU0684,C0296,08-05-2023,1,40973,Installment,Joe Velasquez MD,,New Customer
S05580,CU0336,C0120,20-10-2023,2,58558,Cash,Christy Lester,,Repeating Customer
S05581,CU0511,C0092,19-02-2023,2,95215,Cash,Patricia Jordan,,Repeating Customer
S05582,CU0165,C0335,11-12-2022,1,18660,Cash,Ronald Green,,New Customer
S05583,CU0249,C0041,16-11-2024,3,42716,Installment,Melissa Boyd,,Loyal Customer
S05584,CU1833,C0424,22-03-2024,1,91754,Installment,Christopher Phillips,,New Customer
S05585,CU0529,C0223,12-01-2025,2,39629,Cash,Mary Romero,,Repeating Customer
S05586,CU0131,C0472,12-01-2025,2,19265,Credit,Ellen Castro MD,,Repeating Customer
S05587,CU1839,C0081,02-07-2023,3,72361,Credit,Justin Walker,,Loyal Customer
S05588,CU1823,C0112,07-11-2024,2,55691,Installment,Jon Williams,,Repeating Customer
S05589,CU0171,C0088,04-12-2023,3,99278,Cash,Stephen Olson,,Loyal Customer
S05590,CU1085,C0063,15-11-2023,1,34001,Cash,Seth Mitchell,,New Customer
S05591,CU0776,C0169,18-02-2024,3,97004,Cash,Kimberly Thomas,,Loyal Customer
S05592,CU0238,C0493,12-09-2023,3,79841,Credit,Jennifer Downs,,Loyal Customer
S05593,CU0222,C0041,16-06-2025,1,58782,Credit,Shawn Gibson,,New Customer
S05594,CU0087,C0255,27-03-2025,2,71089,Cash,Ronald Lewis,,Repeating Customer
S05595,CU0645,C0112,08-03-2023,2,83941,Credit,Donna Hatfield,,Repeating Customer
S05596,CU0489,C0282,16-01-2025,2,39318,Credit,Jessica Harris,,Repeating Customer
S05597,CU0134,C0039,29-07-2023,1,31439,Credit,Michael Diaz,,New Customer
S05598,CU1777,C0394,03-01-2024,2,25673,Credit,Sara Lloyd,,Repeating Customer
S05599,CU0561,C0242,09-11-2022,3,18711,Cash,Brian Martinez,,Loyal Customer
S05600,CU0488,C0182,07-05-2023,1,95617,Installment,Jacob Buck,,New Customer
S05601,CU1904,C0179,29-07-2024,3,76607,Cash,Sarah Lee,,Loyal Customer
S05602,CU0164,C0412,09-08-2023,1,56373,Credit,Amanda Raymond,,New Customer
S05603,CU1901,C0027,22-06-2024,3,67467,Credit,Joshua Blake,,Loyal Customer
S05604,CU0987,C0021,09-04-2023,1,56831,Installment,Kelly Anderson,,New Customer
S05605,CU0980,C0146,07-05-2023,1,94252,Installment,Debra Armstrong,,New Customer
S05606,CU0169,C0361,26-08-2024,3,75800,Installment,Shannon Matthews,,Loyal Customer
S05607,CU1721,C0455,01-05-2025,1,20483,Installment,Jeffrey Brown,,New Customer
S05608,CU1043,C0055,15-01-2023,1,72975,Credit,Edward Holland,,New Customer
S05609,CU1001,C0348,20-10-2024,3,92009,Cash,Jason Jackson,,Loyal Customer
S05610,CU1687,C0350,06-09-2025,2,28684,Installment,Regina Simpson,,Repeating Customer
S05611,CU0488,C0066,25-11-2024,3,86157,Cash,Cynthia Le,,Loyal Customer
S05612,CU0986,C0052,19-12-2024,1,60135,Installment,Christina Neal,,New Customer
S05613,CU1465,C0073,17-09-2024,3,60077,Installment,Angela Cervantes,,Loyal Customer
S05614,CU1599,C0315,20-02-2025,3,24683,Installment,Samantha Richardson,,Loyal Customer
S05615,CU0383,C0021,18-03-2024,3,86784,Credit,Kelsey Griffin,,Loyal Customer
S05616,CU1452,C0260,06-06-2024,3,82385,Credit,Whitney Sanchez,,Loyal Customer
S05617,CU0502,C0095,09-09-2024,2,78999,Cash,Tony Robertson,,Repeating Customer
S05618,CU1757,C0326,11-03-2024,1,75237,Installment,Theresa Gonzales,,New Customer
S05619,CU1931,C0428,13-12-2022,2,62988,Cash,Brittany Mason,,Repeating Customer
S05620,CU0676,C0006,28-09-2025,3,44401,Cash,Caitlin Fuentes,,Loyal Customer
S05621,CU1744,C0469,11-01-2023,1,60667,Cash,Alexis Smith,,New Customer
S05622,CU0117,C0131,25-11-2022,1,65760,Credit,Bradley Williams PhD,,New Customer
S05623,CU0257,C0199,13-12-2023,1,88623,Cash,Susan Larson,,New Customer
S05624,CU1895,C0022,04-04-2024,1,84764,Credit,Nicholas Daniel,,New Customer
S05625,CU1085,C0030,21-01-2024,2,51386,Credit,Sean Davis,,Repeating Customer
S05626,CU0389,C0059,28-11-2023,1,73399,Cash,David Beck,,New Customer
S05627,CU0031,C0102,21-08-2023,3,64644,Installment,Christine Johnson,,Loyal Customer
S05628,CU1613,C0201,28-10-2023,1,80301,Installment,Richard Rivera,,New Customer
S05629,CU0961,C0249,17-09-2024,2,16041,Installment,Emily Newman,,Repeating Customer
S05630,CU1952,C0099,15-06-2023,2,19245,Cash,Tracy Johnson,,Repeating Customer
S05631,CU0787,C0161,25-09-2024,3,28869,Installment,Matthew Sutton,,Loyal Customer
S05632,CU1638,C0266,14-02-2024,2,92256,Cash,Jamie Stein,,Repeating Customer
S05633,CU0768,C0421,03-07-2023,3,33155,Credit,Bryan Martinez,,Loyal Customer
S05634,CU1023,C0122,04-07-2023,3,57738,Credit,Lisa Gonzalez,,Loyal Customer
S05635,CU0989,C0117,12-05-2025,2,52476,Cash,Bryan Lynch,,Repeating Customer
S05636,CU0284,C0047,27-10-2025,1,53483,Installment,William Lane,,New Customer
S05637,CU1524,C0037,20-08-2024,2,91655,Installment,Douglas Garza,,Repeating Customer
S05638,CU1505,C0359,28-01-2025,1,56775,Credit,Joseph Stevens,,New Customer
S05639,CU0904,C0243,19-07-2024,3,76610,Cash,Judith Nolan,,Loyal Customer
S05640,CU0277,C0423,14-10-2025,2,58535,Installment,Anna Anderson,,Repeating Customer
S05641,CU0842,C0126,29-07-2024,3,89850,Installment,Scott Chen,,Loyal Customer
S05642,CU0354,C0446,31-12-2024,2,48307,Installment,Sara Hull,,Repeating Customer
S05643,CU1698,C0316,05-01-2025,3,26271,Installment,William Howe,,Loyal Customer
S05644,CU1445,C0015,01-09-2025,2,89528,Installment,April Hurst,,Repeating Customer
S05645,CU1156,C0277,24-12-2024,2,38517,Installment,Erik Dyer,,Repeating Customer
S05646,CU0050,C0314,02-02-2024,3,27257,Cash,Jasmine Ramsey,,Loyal Customer
S05647,CU1073,C0363,05-03-2024,3,16465,Cash,Stephen Smith,,Loyal Customer
S05648,CU1126,C0174,16-09-2025,3,31678,Installment,Jesus Miller,,Loyal Customer
S05649,CU0610,C0212,14-01-2024,1,36689,Credit,Jennifer Cantrell,,New Customer
S05650,CU1429,C0454,10-12-2022,1,77149,Credit,Roger Wade,,New Customer
S05651,CU1477,C0251,16-09-2024,1,15120,Credit,Lawrence Summers,,New Customer
S05652,CU0782,C0272,09-09-2023,3,67810,Installment,Joseph Page,,Loyal Customer
S05653,CU0134,C0395,22-10-2024,3,43747,Installment,Denise Bailey,,Loyal Customer
S05654,CU0182,C0161,11-11-2023,1,90338,Installment,Paul Martinez,,New Customer
S05655,CU1831,C0411,30-05-2023,2,52233,Credit,Kimberly Santiago,,Repeating Customer
S05656,CU0662,C0195,18-10-2025,3,69143,Credit,Daniel Green,,Loyal Customer
S05657,CU0187,C0499,05-05-2025,3,84821,Cash,Randy Rosario,,Loyal Customer
S05658,CU0467,C0415,24-01-2024,3,54363,Cash,Tonya Garner,,Loyal Customer
S05659,CU0848,C0279,01-07-2025,2,58536,Cash,Jeremy Garcia,,Repeating Customer
S05660,CU1253,C0223,13-06-2025,2,77345,Installment,Susan Sosa,,Repeating Customer
S05661,CU0005,C0035,21-11-2022,1,40034,Credit,William Esparza,,New Customer
S05662,CU1177,C0468,08-06-2023,3,65933,Credit,Mary Stuart,,Loyal Customer
S05663,CU1267,C0008,18-06-2025,3,38393,Credit,Carol Morris,,Loyal Customer
S05664,CU1095,C0387,20-03-2025,3,57598,Installment,Edwin Ford,,Loyal Customer
S05665,CU0945,C0435,05-12-2024,1,67079,Installment,Chris Lindsey,,New Customer
S05666,CU0331,C0294,23-08-2025,3,79328,Installment,Kaylee Pearson,,Loyal Customer
S05667,CU1574,C0050,01-01-2025,2,53003,Installment,David Clark,,Repeating Customer
S05668,CU0588,C0042,01-04-2023,2,35267,Installment,Jesse Benitez,,Repeating Customer
S05669,CU0870,C0474,01-01-2025,1,78513,Cash,Todd Gordon,,New Customer
S05670,CU0822,C0403,05-09-2025,3,46809,Installment,Jody Santana,,Loyal Customer
S05671,CU0758,C0497,26-02-2023,1,81522,Installment,John Davis,,New Customer
S05672,CU0599,C0317,15-06-2025,2,24514,Cash,Elizabeth Haynes,,Repeating Customer
S05673,CU1424,C0250,11-09-2025,2,41446,Installment,Joseph Humphrey,,Repeating Customer
S05674,CU0788,C0365,19-12-2023,2,96028,Credit,Steven Ortiz MD,,Repeating Customer
S05675,CU1348,C0458,17-06-2025,1,21960,Credit,Kelly Hodge,,New Customer
S05676,CU0008,C0330,21-02-2025,3,67446,Credit,Rebecca Howe,,Loyal Customer
S05677,CU1489,C0316,10-01-2025,1,76634,Cash,Marcus Duran,,New Customer
S05678,CU1264,C0102,17-11-2023,2,83209,Cash,Sara Wilson,,Repeating Customer
S05679,CU0127,C0158,18-03-2024,2,24684,Installment,Kenneth Benson,,Repeating Customer
S05680,CU1456,C0363,21-12-2024,2,92025,Cash,Sonya Meadows,,Repeating Customer
S05681,CU0119,C0338,02-11-2022,1,28842,Cash,Hailey Shannon,,New Customer
S05682,CU0282,C0226,01-04-2023,2,74610,Installment,Derrick Barnes,,Repeating Customer
S05683,CU0401,C0463,04-07-2024,1,29499,Credit,Jeremy Smith,,New Customer
S05684,CU0251,C0254,15-09-2025,3,19567,Cash,Grant Gonzalez,,Loyal Customer
S05685,CU1454,C0249,13-08-2025,2,36679,Installment,Stephanie Johnson,,Repeating Customer
S05686,CU1991,C0058,24-11-2022,1,69020,Installment,Jared Williams,,New Customer
S05687,CU0332,C0499,23-02-2025,1,74444,Credit,Theresa Graham,,New Customer
S05688,CU1253,C0083,03-03-2025,2,59705,Cash,James Cooper,,Repeating Customer
S05689,CU1062,C0074,08-06-2023,2,98535,Cash,Ann Williams,,Repeating Customer
S05690,CU0871,C0443,18-04-2023,3,39518,Cash,Albert Ward,,Loyal Customer
S05691,CU1360,C0377,01-08-2025,3,25015,Cash,Michael Thomas,,Loyal Customer
S05692,CU1485,C0383,20-06-2023,3,20747,Credit,Jeremy Ballard,,Loyal Customer
S05693,CU1894,C0164,02-10-2024,3,97575,Cash,Emily Bryant,,Loyal Customer
S05694,CU0885,C0294,12-08-2025,2,17880,Installment,Robert Garcia,,Repeating Customer
S05695,CU0007,C0129,04-02-2025,1,93095,Cash,Catherine Brandt,,New Customer
S05696,CU0122,C0085,08-04-2025,3,18381,Credit,Kelly Allen,,Loyal Customer
S05697,CU1870,C0028,08-07-2024,3,55323,Cash,Christopher Glover,,Loyal Customer
S05698,CU0709,C0388,20-05-2023,2,46514,Installment,Dr. Karen Stafford DVM,,Repeating Customer
S05699,CU0218,C0101,24-12-2024,3,62615,Credit,Jacob Blackburn,,Loyal Customer
S05700,CU1192,C0361,25-09-2023,1,27928,Cash,Sarah Wolfe,,New Customer
S05701,CU0595,C0415,30-03-2025,2,47884,Credit,Dominic Valdez,,Repeating Customer
S05702,CU0656,C0220,17-03-2024,2,34831,Credit,Keith Hernandez,,Repeating Customer
S05703,CU0043,C0116,08-10-2024,1,15835,Installment,Sabrina Tyler,,New Customer
S05704,CU1806,C0159,18-07-2025,1,34344,Installment,Erin Hubbard,,New Customer
S05705,CU0905,C0374,06-12-2022,3,93812,Credit,Christine Lloyd,,Loyal Customer
S05706,CU0030,C0111,29-05-2024,2,24405,Credit,Jimmy Garcia,,Repeating Customer
S05707,CU0406,C0208,26-01-2024,1,23401,Installment,Caitlin Green,,New Customer
S05708,CU1378,C0031,06-11-2023,2,26802,Cash,Jason Campos,,Repeating Customer
S05709,CU0642,C0170,15-02-2025,2,21610,Credit,Steven Mcdaniel,,Repeating Customer
S05710,CU0064,C0367,25-12-2023,1,26838,Cash,Jeremy Davis,,New Customer
S05711,CU1833,C0335,17-12-2022,1,32846,Cash,April Jackson,,New Customer
S05712,CU0550,C0164,31-05-2023,1,30180,Credit,Ronald Lewis,,New Customer
S05713,CU1365,C0046,09-01-2025,1,31875,Credit,Scott Lopez,,New Customer
S05714,CU1526,C0472,02-06-2025,3,20049,Credit,Cody Richards,,Loyal Customer
S05715,CU0813,C0102,15-01-2024,2,26483,Installment,Benjamin Sandoval,,Repeating Customer
S05716,CU0213,C0303,03-05-2023,2,99885,Installment,Natalie Aguilar,,Repeating Customer
S05717,CU0335,C0361,27-11-2022,3,73103,Cash,Dawn Howard,,Loyal Customer
S05718,CU1209,C0053,08-01-2023,1,37446,Cash,Charlotte Gibson,,New Customer
S05719,CU0095,C0332,19-08-2025,2,36402,Installment,Chelsea Wilkinson,,Repeating Customer
S05720,CU0911,C0315,10-12-2022,3,44166,Credit,Matthew Johnston,,Loyal Customer
S05721,CU0436,C0245,01-04-2025,1,19039,Installment,Lauren Matthews,,New Customer
S05722,CU0998,C0466,15-04-2024,3,18713,Cash,Marissa Watson,,Loyal Customer
S05723,CU1546,C0408,08-11-2024,1,33530,Installment,Rebecca Wright,,New Customer
S05724,CU1615,C0485,25-01-2023,1,52586,Installment,Valerie Webb,,New Customer
S05725,CU0579,C0454,27-02-2023,3,45592,Credit,Timothy Lynn,,Loyal Customer
S05726,CU1183,C0356,01-09-2024,3,40512,Credit,Kevin Cohen,,Loyal Customer
S05727,CU0658,C0291,10-03-2025,2,30203,Credit,Mr. Edward Howard,,Repeating Customer
S05728,CU1670,C0338,09-09-2025,3,38967,Installment,Mark Gibson,,Loyal Customer
S05729,CU1094,C0376,10-08-2024,1,39713,Credit,Elizabeth Torres,,New Customer
S05730,CU0049,C0356,09-08-2024,3,67201,Installment,Laura Garcia,,Loyal Customer
S05731,CU0044,C0479,04-07-2025,1,16822,Credit,Paul Hall,,New Customer
S05732,CU0566,C0268,16-01-2024,2,55610,Cash,Miguel Young,,Repeating Customer
S05733,CU1778,C0330,02-04-2025,3,63587,Cash,Robert Williams,,Loyal Customer
S05734,CU1417,C0162,10-03-2025,2,78268,Cash,Gregory Arnold,,Repeating Customer
S05735,CU1171,C0234,12-11-2024,1,49247,Installment,Julie Rodriguez,,New Customer
S05736,CU1551,C0312,01-07-2023,1,73205,Credit,Kevin Townsend,,New Customer
S05737,CU0283,C0422,04-05-2025,1,17648,Credit,Crystal Kelly,,New Customer
S05738,CU0103,C0007,09-01-2023,1,66660,Installment,James Combs,,New Customer
S05739,CU0772,C0053,22-04-2023,1,43485,Installment,Crystal Diaz,,New Customer
S05740,CU0556,C0178,18-02-2023,1,51514,Credit,James Anderson,,New Customer
S05741,CU1304,C0253,21-12-2022,1,23178,Cash,Sandra Spears,,New Customer
S05742,CU0741,C0491,11-09-2025,1,88205,Credit,Jack Villanueva,,New Customer
S05743,CU1225,C0384,04-03-2023,1,92770,Credit,Taylor Hernandez,,New Customer
S05744,CU0263,C0225,16-07-2025,2,34372,Credit,Mary Mays,,Repeating Customer
S05745,CU0444,C0456,05-07-2025,3,61939,Cash,Anita Fisher,,Loyal Customer
S05746,CU0184,C0415,03-07-2025,1,94558,Credit,Julie Phillips,,New Customer
S05747,CU0465,C0001,30-04-2025,1,33656,Credit,Alyssa Alexander,,New Customer
S05748,CU1023,C0018,09-09-2025,2,56589,Installment,Andrea Cabrera,,Repeating Customer
S05749,CU1527,C0078,20-01-2023,1,99579,Installment,Daniel Crane,,New Customer
S05750,CU1440,C0279,05-08-2024,2,17692,Installment,Kathryn Jackson,,Repeating Customer
S05751,CU0037,C0160,14-09-2024,1,75762,Cash,Rebecca Brooks,,New Customer
S05752,CU1478,C0215,19-10-2023,1,59761,Credit,Robert Morrow,,New Customer
S05753,CU0818,C0212,20-08-2025,1,74008,Cash,James Powers,,New Customer
S05754,CU1611,C0301,22-04-2025,2,66665,Installment,Melissa Gallagher,,Repeating Customer
S05755,CU0745,C0059,31-08-2024,3,51521,Cash,Jennifer Bowen,,Loyal Customer
S05756,CU1896,C0297,14-08-2025,2,62131,Credit,Eric Weber,,Repeating Customer
S05757,CU1644,C0072,16-05-2023,3,55437,Cash,Hannah Joseph,,Loyal Customer
S05758,CU1828,C0379,21-07-2025,3,21441,Cash,Joy Simon,,Loyal Customer
S05759,CU1154,C0060,07-11-2022,3,38675,Cash,Christopher Sandoval,,Loyal Customer
S05760,CU1300,C0145,06-08-2023,1,39550,Cash,Benjamin Jackson,,New Customer
S05761,CU0715,C0491,11-06-2025,2,50050,Credit,Jacob Christensen,,Repeating Customer
S05762,CU0403,C0217,22-08-2023,2,48376,Installment,Denise Barnes,,Repeating Customer
S05763,CU1200,C0336,15-12-2023,1,98034,Credit,Sharon Anderson,,New Customer
S05764,CU0664,C0308,16-12-2024,1,64269,Installment,Barbara Turner,,New Customer
S05765,CU0594,C0100,20-12-2023,2,22356,Installment,Juan Henderson,,Repeating Customer
S05766,CU0262,C0486,07-01-2023,3,45151,Credit,Shawn Brock,,Loyal Customer
S05767,CU1321,C0135,21-11-2024,1,24653,Credit,Amanda Owens,,New Customer
S05768,CU0208,C0385,21-04-2024,3,39782,Installment,Mr. Gregory Smith Jr.,,Loyal Customer
S05769,CU0082,C0335,17-05-2023,3,23850,Cash,Mr. Bradley Good,,Loyal Customer
S05770,CU0389,C0404,13-05-2025,2,30545,Credit,Erica Rogers,,Repeating Customer
S05771,CU0168,C0387,06-09-2025,1,24484,Installment,Adam Rodriguez,,New Customer
S05772,CU0770,C0210,17-07-2024,2,28576,Cash,Jamie Henderson DDS,,Repeating Customer
S05773,CU0337,C0091,17-12-2023,3,70650,Cash,Matthew Pennington,,Loyal Customer
S05774,CU1778,C0361,15-02-2023,2,20874,Installment,Jasmine Haney,,Repeating Customer
S05775,CU1727,C0445,24-05-2024,1,59854,Credit,Jill Lucero,,New Customer
S05776,CU1138,C0244,29-01-2023,3,43827,Cash,Micheal Stanton,,Loyal Customer
S05777,CU1197,C0127,28-03-2025,1,64996,Installment,Richard Brown,,New Customer
S05778,CU0042,C0024,04-09-2023,3,30985,Installment,Jeffrey Gonzalez,,Loyal Customer
S05779,CU1174,C0332,23-08-2024,3,76362,Cash,Margaret Skinner,,Loyal Customer
S05780,CU0465,C0442,23-08-2025,3,34714,Credit,Amanda Colon,,Loyal Customer
S05781,CU0898,C0452,22-04-2024,1,33391,Cash,Timothy Robertson,,New Customer
S05782,CU0270,C0099,28-05-2023,3,50932,Credit,Courtney Austin,,Loyal Customer
S05783,CU1213,C0133,09-01-2023,3,79591,Credit,Linda Miller,,Loyal Customer
S05784,CU1482,C0141,22-03-2024,2,25544,Installment,Jonathan Schmidt,,Repeating Customer
S05785,CU1024,C0393,21-06-2025,1,33663,Installment,Kathleen Herman,,New Customer
S05786,CU0814,C0125,28-04-2023,3,36605,Cash,Stephanie Soto,,Loyal Customer
S05787,CU1914,C0092,13-09-2023,3,43785,Cash,Tracy Knight,,Loyal Customer
S05788,CU1680,C0477,25-05-2024,1,61898,Installment,Sandra Davis,,New Customer
S05789,CU0779,C0231,05-02-2025,3,17863,Installment,Rhonda Myers,,Loyal Customer
S05790,CU0812,C0072,01-01-2025,3,35786,Installment,Jennifer Anderson,,Loyal Customer
S05791,CU1939,C0344,02-11-2022,1,24765,Installment,Jane Fuller,,New Customer
S05792,CU1184,C0232,20-10-2025,3,35191,Installment,Sandra Lester,,Loyal Customer
S05793,CU1570,C0239,25-12-2023,1,25827,Credit,Jo Short,,New Customer
S05794,CU0504,C0092,08-06-2023,3,57214,Cash,Michael Kim,,Loyal Customer
S05795,CU0432,C0094,10-12-2022,1,55491,Cash,Lisa Kennedy,,New Customer
S05796,CU0645,C0184,18-03-2023,2,79667,Credit,Tyler Duncan,,Repeating Customer
S05797,CU1070,C0035,16-01-2023,3,40808,Cash,Vanessa Hunter,,Loyal Customer
S05798,CU1964,C0273,14-10-2023,3,86036,Credit,James Mcfarland,,Loyal Customer
S05799,CU1577,C0334,28-04-2025,2,61422,Credit,Justin Bailey,,Repeating Customer
S05800,CU0058,C0019,13-09-2024,1,41647,Installment,Tina Tran,,New Customer
S05801,CU1811,C0028,29-05-2025,3,66263,Cash,Mario Lee,,Loyal Customer
S05802,CU0497,C0380,12-06-2025,3,62662,Cash,Ryan Sanders,,Loyal Customer
S05803,CU0311,C0042,05-05-2025,2,67532,Installment,Melissa Washington,,Repeating Customer
S05804,CU1194,C0340,22-01-2023,2,48405,Installment,Amanda Davis,,Repeating Customer
S05805,CU1252,C0191,01-02-2023,3,23281,Cash,Peter Walters,,Loyal Customer
S05806,CU1950,C0341,21-02-2025,2,96650,Cash,Tyler Kelly,,Repeating Customer
S05807,CU1095,C0485,27-06-2023,1,55928,Installment,Matthew Ford,,New Customer
S05808,CU1316,C0252,06-12-2024,2,62027,Installment,Molly Patton,,Repeating Customer
S05809,CU1090,C0176,24-02-2023,1,50023,Installment,Tim Fisher,,New Customer
S05810,CU0041,C0347,26-11-2024,3,61019,Credit,Tonya Jackson,,Loyal Customer
S05811,CU1842,C0493,21-12-2024,1,28801,Installment,Katherine Vance,,New Customer
S05812,CU0285,C0002,13-04-2024,3,35706,Installment,Kevin Kennedy,,Loyal Customer
S05813,CU1988,C0081,22-07-2025,1,68652,Credit,Heather Petersen,,New Customer
S05814,CU1071,C0175,07-06-2025,1,24969,Credit,Jesse Jones,,New Customer
S05815,CU0015,C0083,10-12-2023,2,78675,Installment,Courtney Mitchell,,Repeating Customer
S05816,CU1012,C0479,24-08-2023,3,72730,Cash,Lonnie Sullivan,,Loyal Customer
S05817,CU0375,C0412,04-02-2023,2,25182,Credit,Michael Scott,,Repeating Customer
S05818,CU0336,C0019,20-03-2025,1,77208,Installment,Anthony Nolan,,New Customer
S05819,CU0328,C0290,07-04-2024,3,91655,Credit,Sara Edwards,,Loyal Customer
S05820,CU0440,C0043,19-06-2025,2,36321,Installment,Makayla Johnson,,Repeating Customer
S05821,CU0214,C0081,01-12-2024,2,84608,Cash,Katherine Harris,,Repeating Customer
S05822,CU0680,C0206,05-01-2024,2,48337,Credit,John Fields,,Repeating Customer
S05823,CU1781,C0218,22-12-2022,3,81321,Cash,Judith Jenkins,,Loyal Customer
S05824,CU1697,C0152,26-01-2025,3,68656,Cash,Donna Martin,,Loyal Customer
S05825,CU0265,C0489,29-04-2024,2,87044,Installment,Cristina Figueroa,,Repeating Customer
S05826,CU1039,C0099,01-05-2025,1,94871,Installment,Brittany Davis,,New Customer
S05827,CU0273,C0231,08-08-2023,2,64883,Installment,Stephen Johnson,,Repeating Customer
S05828,CU1758,C0170,15-02-2025,1,33931,Cash,Felicia Lee,,New Customer
S05829,CU1203,C0137,16-10-2025,3,38621,Installment,Melinda Salazar MD,,Loyal Customer
S05830,CU1533,C0122,05-01-2024,2,84826,Cash,Kimberly Beck,,Repeating Customer
S05831,CU0612,C0464,26-10-2025,2,21137,Credit,Richard Nunez,,Repeating Customer
S05832,CU1029,C0002,13-08-2024,2,91687,Cash,Jay Ross,,Repeating Customer
S05833,CU1194,C0136,24-05-2025,3,54468,Installment,Nicole Thornton,,Loyal Customer
S05834,CU1426,C0219,24-10-2025,1,68341,Credit,Anna Peters,,New Customer
S05835,CU0293,C0055,23-06-2024,3,53106,Credit,Randall Stone,,Loyal Customer
S05836,CU0308,C0328,24-06-2023,1,70342,Cash,Susan Montgomery,,New Customer
S05837,CU0125,C0103,22-09-2025,1,86717,Credit,Marie Hill,,New Customer
S05838,CU0713,C0459,26-07-2025,3,61359,Cash,Robin Rice,,Loyal Customer
S05839,CU1876,C0193,10-04-2025,2,26712,Installment,Kathleen Wilkins,,Repeating Customer
S05840,CU1704,C0141,06-06-2023,1,28772,Installment,Pam Williams,,New Customer
S05841,CU0797,C0408,02-03-2025,1,16860,Cash,Anthony Malone,,New Customer
S05842,CU1324,C0199,24-03-2024,1,98992,Credit,Rebecca Jones,,New Customer
S05843,CU0216,C0071,20-07-2024,2,45112,Cash,Frank Johnson,,Repeating Customer
S05844,CU1891,C0250,02-09-2024,1,85108,Cash,Kathy Garcia,,New Customer
S05845,CU1412,C0016,25-06-2024,3,44059,Credit,Shane Simon,,Loyal Customer
S05846,CU0690,C0263,20-09-2023,3,32859,Cash,Michael Acevedo,,Loyal Customer
S05847,CU1896,C0406,18-09-2024,3,85789,Installment,Curtis Cruz,,Loyal Customer
S05848,CU1885,C0015,09-11-2022,2,68045,Credit,Ariel Gonzalez,,Repeating Customer
S05849,CU1481,C0473,10-06-2023,1,43076,Installment,Brian Blair,,New Customer
S05850,CU0576,C0082,17-01-2025,2,74109,Installment,Benjamin Norris,,Repeating Customer
S05851,CU0652,C0054,13-03-2024,2,36643,Cash,Nicole Bailey,,Repeating Customer
S05852,CU0383,C0271,02-06-2025,1,28887,Installment,Kathryn Baker,,New Customer
S05853,CU0883,C0008,21-11-2023,3,84141,Cash,Allison Williams,,Loyal Customer
S05854,CU1020,C0063,30-09-2024,2,59902,Credit,Angela Hill,,Repeating Customer
S05855,CU1001,C0076,22-10-2025,3,39777,Credit,Nathan Chandler,,Loyal Customer
S05856,CU1833,C0326,02-11-2024,1,60567,Credit,Joseph Jones,,New Customer
S05857,CU0808,C0220,20-04-2023,3,70187,Cash,Diane Jones,,Loyal Customer
S05858,CU0881,C0496,23-03-2025,2,38531,Cash,Kathryn Graham,,Repeating Customer
S05859,CU1112,C0133,18-09-2024,1,71838,Credit,Deborah King,,New Customer
S05860,CU1042,C0404,08-08-2024,1,23892,Installment,Karen Rosario,,New Customer
S05861,CU0808,C0174,27-06-2024,1,65636,Credit,Cheryl Moss,,New Customer
S05862,CU0072,C0255,27-12-2023,1,20154,Credit,Jeffrey Williams,,New Customer
S05863,CU0143,C0150,14-08-2024,1,41874,Cash,Julie Ramirez,,New Customer
S05864,CU0418,C0169,04-10-2024,1,51281,Credit,Gary Davenport,,New Customer
S05865,CU1161,C0356,18-03-2023,1,86341,Installment,Jacqueline Taylor,,New Customer
S05866,CU0496,C0043,05-02-2024,3,29582,Credit,Katherine Davis,,Loyal Customer
S05867,CU1379,C0068,01-04-2023,2,70394,Installment,Tonya Hubbard,,Repeating Customer
S05868,CU1987,C0196,24-09-2023,1,79581,Credit,Joseph Carson,,New Customer
S05869,CU0333,C0287,21-08-2024,1,68079,Cash,Bryce Craig,,New Customer
S05870,CU0555,C0190,06-11-2023,2,87355,Installment,Jessica Williams,,Repeating Customer
S05871,CU1208,C0069,21-01-2023,1,92181,Installment,Ryan Collins,,New Customer
S05872,CU1996,C0201,13-08-2023,3,63235,Credit,Valerie Willis,,Loyal Customer
S05873,CU0941,C0234,27-07-2024,2,57289,Cash,Alicia Nash,,Repeating Customer
S05874,CU0351,C0136,03-12-2022,1,93860,Credit,Cory Hopkins,,New Customer
S05875,CU1459,C0298,10-05-2023,1,97226,Installment,Lisa Mccullough,,New Customer
S05876,CU1922,C0174,24-02-2024,2,86373,Credit,John Gonzalez,,Repeating Customer
S05877,CU1081,C0141,10-08-2025,1,30944,Credit,Sara Brown,,New Customer
S05878,CU1576,C0298,20-10-2024,1,50396,Installment,Jerry Padilla,,New Customer
S05879,CU0640,C0355,13-12-2022,3,54037,Cash,Katrina Jenkins,,Loyal Customer
S05880,CU0549,C0443,23-01-2025,2,64677,Cash,Jacob Johnson,,Repeating Customer
S05881,CU1989,C0068,10-10-2023,1,75061,Credit,Brent Martinez,,New Customer
S05882,CU1207,C0023,31-12-2024,1,71538,Installment,Chris Lozano,,New Customer
S05883,CU0389,C0097,26-12-2022,1,33802,Cash,Joseph Arias,,New Customer
S05884,CU1346,C0057,17-01-2025,2,91011,Installment,Michael White,,Repeating Customer
S05885,CU1726,C0338,25-05-2025,2,20124,Installment,Latasha Jenkins,,Repeating Customer
S05886,CU1227,C0128,21-12-2024,1,34097,Cash,Amanda Chandler,,New Customer
S05887,CU1211,C0178,31-12-2023,3,49512,Credit,Melissa Williamson,,Loyal Customer
S05888,CU1735,C0379,25-07-2025,2,16998,Credit,Hector Brown,,Repeating Customer
S05889,CU1722,C0282,20-04-2025,3,83572,Cash,Pamela Nelson,,Loyal Customer
S05890,CU0628,C0092,11-01-2023,2,63722,Credit,Tyrone Thompson,,Repeating Customer
S05891,CU1352,C0244,02-05-2023,1,65323,Installment,Ricky Vaughn,,New Customer
S05892,CU1939,C0435,02-04-2025,2,91446,Installment,Michael Thompson,,Repeating Customer
S05893,CU0242,C0011,09-07-2025,2,93246,Cash,Gabrielle Holloway,,Repeating Customer
S05894,CU1901,C0436,15-10-2024,3,32546,Credit,Steven Carson,,Loyal Customer
S05895,CU1218,C0049,11-04-2023,1,43167,Cash,Edwin Rodriguez,,New Customer
S05896,CU0562,C0119,15-06-2024,3,51243,Credit,Melinda Howell,,Loyal Customer
S05897,CU1387,C0213,30-10-2023,3,21229,Installment,Matthew Strickland,,Loyal Customer
S05898,CU1347,C0359,17-08-2025,1,61486,Credit,Corey Evans,,New Customer
S05899,CU1963,C0208,13-05-2024,1,32992,Installment,Taylor Green MD,,New Customer
S05900,CU1099,C0274,16-08-2023,2,63349,Installment,Nicholas Mendoza,,Repeating Customer
S05901,CU0853,C0349,04-06-2025,3,93584,Cash,Aaron Brown,,Loyal Customer
S05902,CU0944,C0157,14-02-2023,3,54857,Cash,Robert Jones,,Loyal Customer
S05903,CU1325,C0030,17-06-2025,3,98368,Cash,Jennifer Allen,,Loyal Customer
S05904,CU0929,C0483,30-08-2025,2,85206,Credit,Kristina Mueller,,Repeating Customer
S05905,CU0061,C0360,27-10-2024,3,65173,Installment,Kimberly Vargas,,Loyal Customer
S05906,CU0525,C0248,16-02-2025,2,89819,Installment,Steven Wright,,Repeating Customer
S05907,CU0439,C0324,15-05-2024,3,84651,Cash,Duane Johnson,,Loyal Customer
S05908,CU1028,C0469,23-08-2023,1,46974,Cash,Tiffany Morse,,New Customer
S05909,CU1528,C0313,05-10-2023,2,26994,Credit,Ariana Morgan,,Repeating Customer
S05910,CU0651,C0097,11-03-2024,1,58440,Credit,Stephanie Williamson,,New Customer
S05911,CU0027,C0193,01-09-2024,1,53724,Credit,Dana Alexander,,New Customer
S05912,CU1304,C0355,09-01-2024,3,75867,Credit,Craig Doyle,,Loyal Customer
S05913,CU0657,C0099,06-03-2024,2,18078,Credit,Melissa Johnson,,Repeating Customer
S05914,CU0543,C0299,12-12-2024,2,34477,Credit,Blake Smith,,Repeating Customer
S05915,CU0314,C0468,18-05-2024,1,23272,Installment,Teresa Harmon,,New Customer
S05916,CU0691,C0444,03-04-2025,2,45741,Installment,Daniel Benson,,Repeating Customer
S05917,CU0962,C0096,10-01-2023,3,56739,Credit,Joshua Austin,,Loyal Customer
S05918,CU0593,C0324,25-07-2024,3,53918,Installment,Lindsey Freeman,,Loyal Customer
S05919,CU1948,C0210,20-09-2024,1,36374,Cash,Kevin Howard,,New Customer
S05920,CU0866,C0336,26-08-2024,2,19853,Cash,Matthew Miller,,Repeating Customer
S05921,CU0196,C0027,15-02-2023,1,51612,Credit,Carla Stephens,,New Customer
S05922,CU1296,C0276,26-09-2023,2,47339,Cash,Amy Nunez,,Repeating Customer
S05923,CU0539,C0408,13-03-2025,1,96992,Installment,Casey Hill,,New Customer
S05924,CU1208,C0147,06-05-2023,1,64805,Cash,Joanna Baker,,New Customer
S05925,CU1863,C0284,15-01-2023,2,50732,Cash,Edward Terry,,Repeating Customer
S05926,CU1300,C0227,29-07-2023,2,70911,Installment,Lisa Pham,,Repeating Customer
S05927,CU1586,C0289,25-02-2024,3,24321,Credit,Jennifer Chase,,Loyal Customer
S05928,CU0636,C0270,17-10-2025,3,95851,Installment,Andrew Knox,,Loyal Customer
S05929,CU0798,C0180,23-09-2024,1,65750,Credit,Christine Moody,,New Customer
S05930,CU1949,C0170,16-08-2023,3,67610,Credit,Mackenzie Rivera,,Loyal Customer
S05931,CU1664,C0399,27-05-2024,2,76313,Installment,Jorge Robertson,,Repeating Customer
S05932,CU1164,C0431,19-07-2024,3,51867,Cash,Julie King,,Loyal Customer
S05933,CU1719,C0204,11-05-2023,3,53231,Installment,Cindy Aguilar,,Loyal Customer
S05934,CU1157,C0010,22-02-2023,1,54620,Credit,Thomas Perez,,New Customer
S05935,CU1075,C0449,25-05-2025,1,67627,Installment,Stephen Burns,,New Customer
S05936,CU0654,C0433,12-10-2025,2,63223,Credit,Brian Dean,,Repeating Customer
S05937,CU1085,C0429,31-12-2023,2,74604,Credit,Jerry Moore,,Repeating Customer
S05938,CU0750,C0128,25-09-2023,1,78612,Credit,Joseph King,,New Customer
S05939,CU1061,C0044,07-05-2023,3,84722,Credit,Michael Christensen,,Loyal Customer
S05940,CU1533,C0376,12-08-2025,2,44400,Credit,Lori Cross,,Repeating Customer
S05941,CU0034,C0112,31-03-2023,3,37008,Credit,Francisco Garza,,Loyal Customer
S05942,CU0654,C0015,04-05-2024,2,87447,Installment,Kathryn Tucker,,Repeating Customer
S05943,CU0507,C0066,18-09-2023,1,50203,Cash,Michelle Anthony,,New Customer
S05944,CU1641,C0382,24-04-2024,2,50764,Cash,Ryan Bryant,,Repeating Customer
S05945,CU1649,C0380,25-10-2024,3,85008,Installment,Carlos Hernandez,,Loyal Customer
S05946,CU1512,C0072,27-04-2024,2,34975,Credit,Pamela Hughes,,Repeating Customer
S05947,CU0864,C0137,25-07-2023,1,81858,Cash,Randall Nguyen,,New Customer
S05948,CU0020,C0492,04-04-2025,3,92421,Cash,Chelsea Robertson,,Loyal Customer
S05949,CU0196,C0425,04-05-2024,1,45581,Cash,Tiffany Morse,,New Customer
S05950,CU0019,C0235,17-12-2023,1,91101,Cash,Megan Wu,,New Customer
S05951,CU0659,C0079,16-06-2025,2,74184,Credit,Lance Pierce,,Repeating Customer
S05952,CU1037,C0020,22-03-2024,2,27211,Installment,Kimberly Mcgrath,,Repeating Customer
S05953,CU1512,C0096,30-09-2025,1,53203,Credit,Michelle Rodgers MD,,New Customer
S05954,CU0526,C0314,21-09-2025,1,81860,Installment,John Turner,,New Customer
S05955,CU0440,C0425,26-01-2025,1,80269,Cash,Sophia Flores,,New Customer
S05956,CU1016,C0051,11-02-2024,1,53306,Credit,Gerald Smith,,New Customer
S05957,CU1866,C0395,24-02-2024,3,43890,Cash,Marie Gomez,,Loyal Customer
S05958,CU1419,C0279,16-08-2024,2,55207,Installment,Dr. David Andrade PhD,,Repeating Customer
S05959,CU0446,C0185,16-09-2024,2,32292,Installment,Christopher Buckley,,Repeating Customer
S05960,CU1008,C0355,21-05-2024,2,50619,Cash,John Weiss,,Repeating Customer
S05961,CU1126,C0385,21-10-2024,1,77435,Cash,Scott Griffin,,New Customer
S05962,CU1999,C0104,11-09-2025,2,42384,Cash,Natasha Ross,,Repeating Customer
S05963,CU0723,C0004,19-09-2024,1,31518,Installment,Peter Young,,New Customer
S05964,CU1931,C0407,06-11-2022,2,79404,Cash,Michael Sweeney,,Repeating Customer
S05965,CU1327,C0197,18-07-2025,1,61142,Cash,Harry May,,New Customer
S05966,CU1717,C0110,24-03-2025,1,27081,Credit,Michele Wilson,,New Customer
S05967,CU1072,C0418,02-12-2022,3,93264,Credit,Christine Hamilton,,Loyal Customer
S05968,CU0428,C0439,04-10-2023,2,82107,Installment,Candice Thompson,,Repeating Customer
S05969,CU1434,C0323,13-07-2025,2,38145,Installment,Erin Small,,Repeating Customer
S05970,CU1917,C0103,28-09-2025,3,78387,Cash,Matthew Haney,,Loyal Customer
S05971,CU0456,C0195,27-07-2023,1,65664,Credit,James Scott,,New Customer
S05972,CU0592,C0234,17-01-2025,1,79584,Cash,Nicholas Griffin,,New Customer
S05973,CU1794,C0436,28-05-2024,2,53557,Credit,Jason Wright,,Repeating Customer
S05974,CU1169,C0344,25-07-2024,1,81124,Credit,Matthew Bush,,New Customer
S05975,CU0347,C0439,15-03-2025,3,92211,Cash,Thomas Thomas,,Loyal Customer
S05976,CU1037,C0118,05-03-2025,3,51353,Cash,Alicia Jones,,Loyal Customer
S05977,CU0877,C0263,01-12-2024,1,18350,Credit,James Phillips,,New Customer
S05978,CU1933,C0499,19-10-2023,3,88039,Credit,Jeremy Garcia,,Loyal Customer
S05979,CU1059,C0360,08-04-2023,1,87251,Credit,Christian Lee II,,New Customer
S05980,CU1644,C0432,22-12-2023,1,38052,Credit,Christy Sims PhD,,New Customer
S05981,CU1743,C0451,14-09-2025,3,44788,Cash,Connie Coleman,,Loyal Customer
S05982,CU1434,C0165,25-02-2025,3,71069,Installment,Crystal Buck,,Loyal Customer
S05983,CU1280,C0041,14-05-2024,1,67836,Installment,Paul Dominguez,,New Customer
S05984,CU1179,C0048,05-12-2022,2,53900,Cash,James Gilbert,,Repeating Customer
S05985,CU0728,C0239,01-03-2025,1,80502,Credit,Tracy West,,New Customer
S05986,CU1135,C0043,02-01-2024,1,92942,Credit,Pedro Ortiz,,New Customer
S05987,CU0228,C0090,05-04-2024,1,20527,Cash,Maria Santos,,New Customer
S05988,CU0038,C0183,26-10-2023,1,58215,Installment,Alison Adams,,New Customer
S05989,CU1382,C0471,20-06-2023,1,15418,Credit,Kathleen Ortiz,,New Customer
S05990,CU1403,C0052,26-08-2025,2,70625,Installment,Daniel Solomon,,Repeating Customer
S05991,CU0670,C0076,04-06-2024,1,92234,Cash,Juan Pratt,,New Customer
S05992,CU0866,C0204,20-09-2023,2,56842,Credit,Teresa Martin,,Repeating Customer
S05993,CU1896,C0047,15-12-2022,1,77922,Cash,William Soto,,New Customer
S05994,CU0378,C0415,02-03-2025,3,93286,Credit,Daniel Morgan MD,,Loyal Customer
S05995,CU1072,C0240,14-08-2025,3,54461,Installment,Deanna Sparks,,Loyal Customer
S05996,CU0598,C0034,01-07-2025,3,57612,Installment,Paul Stewart,,Loyal Customer
S05997,CU1897,C0389,26-03-2025,2,63938,Cash,Edward Faulkner,,Repeating Customer
S05998,CU1178,C0416,17-09-2024,1,74063,Installment,Casey Garcia,,New Customer
S05999,CU1922,C0479,06-11-2024,2,79917,Cash,Kyle Taylor,,Repeating Customer
S06000,CU1548,C0018,18-04-2025,2,55094,Credit,Christian Hopkins,,Repeating Customer
S06001,CU0126,C0158,15-11-2024,2,55254,Installment,Lauren Diaz,,Repeating Customer
S06002,CU0597,C0215,19-01-2023,1,75773,Cash,Ricardo Browning,,New Customer
S06003,CU0016,C0027,03-05-2023,3,44988,Installment,Tara Harris,,Loyal Customer
S06004,CU0164,C0143,06-01-2023,2,78239,Credit,Michael Alexander,,Repeating Customer
S06005,CU1671,C0434,22-05-2023,3,30780,Installment,Jeremy Phillips,,Loyal Customer
S06006,CU1175,C0145,06-06-2024,2,48510,Credit,Rebecca Gonzalez,,Repeating Customer
S06007,CU0100,C0318,12-01-2023,2,19008,Cash,Brandy Simmons,,Repeating Customer
S06008,CU0696,C0195,02-05-2023,3,34316,Cash,Laura Young,,Loyal Customer
S06009,CU0367,C0036,19-07-2024,3,72152,Cash,Carl Murray,,Loyal Customer
S06010,CU0433,C0148,26-09-2023,2,56972,Cash,Robert Kelley,,Repeating Customer
S06011,CU1301,C0235,13-04-2023,1,25430,Credit,Heidi Davis,,New Customer
S06012,CU0041,C0202,20-06-2023,1,80515,Cash,Stacy Stevenson,,New Customer
S06013,CU0549,C0041,20-05-2025,2,93312,Cash,Elizabeth Wilson,,Repeating Customer
S06014,CU1481,C0289,12-03-2024,3,58549,Cash,Pedro Nicholson,,Loyal Customer
S06015,CU1032,C0459,05-12-2023,2,71800,Installment,Angela Carson,,Repeating Customer
S06016,CU0670,C0483,11-10-2023,3,41550,Credit,Christine Briggs,,Loyal Customer
S06017,CU0192,C0214,17-06-2024,2,76564,Cash,Sherri Cook,,Repeating Customer
S06018,CU0740,C0405,15-12-2023,2,23980,Installment,Elizabeth Thompson,,Repeating Customer
S06019,CU0860,C0345,21-06-2025,3,21134,Installment,Matthew Graham,,Loyal Customer
S06020,CU1240,C0189,13-09-2024,1,36915,Cash,David Robinson,,New Customer
S06021,CU1987,C0077,02-02-2025,1,22342,Cash,Tammy Singleton,,New Customer
S06022,CU0707,C0280,21-11-2024,3,86829,Credit,Janet Williams,,Loyal Customer
S06023,CU0349,C0099,04-09-2024,2,74911,Installment,Jordan Williams,,Repeating Customer
S06024,CU0402,C0239,08-02-2025,1,95273,Cash,Christine Malone,,New Customer
S06025,CU1621,C0047,09-08-2024,3,33971,Installment,Diana Webb,,Loyal Customer
S06026,CU1021,C0120,15-09-2025,3,39909,Cash,Kayla Melton,,Loyal Customer
S06027,CU1178,C0254,05-06-2025,1,85777,Cash,Susan Krause,,New Customer
S06028,CU0919,C0472,13-08-2025,1,25381,Installment,Vicki Rivera,,New Customer
S06029,CU0558,C0068,17-04-2024,1,78512,Credit,William Pope,,New Customer
S06030,CU1180,C0417,01-06-2025,3,26632,Installment,Ann Murray,,Loyal Customer
S06031,CU1783,C0207,25-01-2024,1,70723,Credit,Elizabeth Curry,,New Customer
S06032,CU1839,C0424,05-07-2024,3,76172,Credit,Chad Wright,,Loyal Customer
S06033,CU0938,C0394,21-02-2023,3,56514,Credit,Ray Weber,,Loyal Customer
S06034,CU0369,C0067,08-01-2023,3,17986,Credit,Carlos Smith,,Loyal Customer
S06035,CU0296,C0021,10-01-2025,3,88926,Cash,Benjamin Bean,,Loyal Customer
S06036,CU1586,C0165,24-10-2025,1,67792,Cash,Rachel Johnson,,New Customer
S06037,CU0098,C0397,19-01-2024,3,55511,Installment,Michael Abbott,,Loyal Customer
S06038,CU1018,C0008,28-08-2024,3,67165,Installment,Erica Vargas,,Loyal Customer
S06039,CU1097,C0007,06-07-2023,1,37986,Cash,Brenda Rodriguez,,New Customer
S06040,CU0116,C0055,25-05-2025,3,23070,Cash,Karen Sandoval,,Loyal Customer
S06041,CU1770,C0182,29-04-2024,1,23153,Installment,Victoria Guerrero,,New Customer
S06042,CU1721,C0339,08-04-2025,3,17758,Installment,Kevin Richardson,,Loyal Customer
S06043,CU1463,C0098,23-07-2023,1,24260,Cash,Shannon Young,,New Customer
S06044,CU1356,C0441,06-10-2023,1,98952,Installment,Tiffany Woods,,New Customer
S06045,CU1781,C0057,28-09-2024,2,96310,Credit,Edward Lane,,Repeating Customer
S06046,CU1772,C0002,11-10-2025,3,20351,Cash,Thomas Campbell,,Loyal Customer
S06047,CU1407,C0392,30-06-2023,1,83894,Cash,John Gordon,,New Customer
S06048,CU0747,C0176,04-09-2024,1,89880,Credit,Dave Mendoza,,New Customer
S06049,CU0521,C0016,08-10-2025,3,17156,Installment,Brenda White,,Loyal Customer
S06050,CU0540,C0215,29-12-2024,2,50658,Cash,Sandy Jones,,Repeating Customer
S06051,CU1237,C0329,10-03-2024,3,69636,Installment,Teresa Bradley,,Loyal Customer
S06052,CU0747,C0390,08-06-2024,2,35927,Installment,Marcia Howell,,Repeating Customer
S06053,CU1080,C0119,23-04-2023,2,21602,Installment,Lauren Miller,,Repeating Customer
S06054,CU1982,C0083,03-05-2025,3,26107,Installment,Jennifer Smith,,Loyal Customer
S06055,CU0705,C0188,12-04-2024,2,47784,Cash,Lindsay Ellis,,Repeating Customer
S06056,CU0250,C0136,10-08-2024,1,47734,Cash,Thomas Fox,,New Customer
S06057,CU0008,C0287,07-10-2025,1,47240,Installment,Adam Smith,,New Customer
S06058,CU1976,C0494,27-03-2024,3,51844,Credit,Heather Johnson,,Loyal Customer
S06059,CU0482,C0288,12-04-2024,1,90343,Credit,Robert Rivera,,New Customer
S06060,CU0269,C0255,16-11-2023,1,83590,Installment,Christopher Mercado,,New Customer
S06061,CU0738,C0249,29-04-2025,3,26778,Cash,Brittany Fuller,,Loyal Customer
S06062,CU1795,C0187,24-09-2025,2,51113,Credit,Fred Mccarthy,,Repeating Customer
S06063,CU1704,C0082,25-07-2023,2,67220,Cash,Tiffany Mack,,Repeating Customer
S06064,CU0215,C0218,02-07-2024,1,21182,Credit,Kellie Hammond,,New Customer
S06065,CU0132,C0095,16-10-2024,3,53494,Credit,Tanya Schmidt MD,,Loyal Customer
S06066,CU1684,C0338,18-09-2023,1,31652,Cash,Heather Walker,,New Customer
S06067,CU1386,C0397,14-05-2025,1,18797,Installment,Angela Willis,,New Customer
S06068,CU1530,C0288,05-11-2023,3,83774,Installment,Stephen Barnett,,Loyal Customer
S06069,CU0638,C0114,23-04-2024,1,45448,Credit,Patrick Burke,,New Customer
S06070,CU1704,C0480,18-05-2023,1,39392,Installment,David Rogers,,New Customer
S06071,CU0037,C0193,10-12-2023,1,80499,Credit,Michelle Smith,,New Customer
S06072,CU0545,C0046,07-02-2024,2,46703,Cash,Kristi Smith,,Repeating Customer
S06073,CU0660,C0291,16-07-2024,2,83051,Credit,Emily Hawkins,,Repeating Customer
S06074,CU1324,C0251,23-01-2023,2,48283,Cash,Mr. Joseph Frey MD,,Repeating Customer
S06075,CU1037,C0375,22-08-2025,2,88042,Cash,Vickie James,,Repeating Customer
S06076,CU1795,C0400,18-12-2023,2,32411,Cash,Brooke Walsh,,Repeating Customer
S06077,CU1478,C0223,26-10-2023,1,25861,Installment,Michael James,,New Customer
S06078,CU0820,C0317,31-07-2024,1,46562,Installment,Timothy Hampton,,New Customer
S06079,CU1885,C0253,17-12-2024,1,67329,Installment,Tommy Joseph,,New Customer
S06080,CU1287,C0065,25-04-2023,3,80085,Cash,Brian Stephens,,Loyal Customer
S06081,CU0672,C0380,23-12-2022,1,76284,Cash,Michael Mueller,,New Customer
S06082,CU0397,C0405,08-07-2023,2,69837,Installment,Peggy Osborn,,Repeating Customer
S06083,CU1651,C0103,18-07-2023,3,20764,Credit,Mark Mccarthy,,Loyal Customer
S06084,CU0715,C0132,21-04-2025,1,84263,Installment,Patrick Jones,,New Customer
S06085,CU1009,C0465,02-11-2024,1,43115,Cash,Erin Chavez,,New Customer
S06086,CU0968,C0220,13-08-2023,3,98517,Installment,Sydney Bell,,Loyal Customer
S06087,CU0684,C0499,27-02-2024,2,16124,Credit,Anthony Hobbs,,Repeating Customer
S06088,CU0746,C0242,24-02-2025,2,93819,Installment,Patricia Rodgers,,Repeating Customer
S06089,CU1581,C0059,19-04-2024,1,59402,Cash,Susan Gould,,New Customer
S06090,CU0488,C0471,03-11-2023,1,24831,Cash,Diane Clark,,New Customer
S06091,CU0394,C0192,25-06-2024,3,80320,Credit,Frank Mendoza,,Loyal Customer
S06092,CU0515,C0458,22-03-2023,3,26828,Cash,Mark Taylor,,Loyal Customer
S06093,CU0543,C0423,31-07-2023,2,44114,Credit,Margaret Lopez,,Repeating Customer
S06094,CU1852,C0315,25-10-2023,2,78807,Cash,Crystal Baker,,Repeating Customer
S06095,CU1594,C0378,06-03-2025,1,61692,Installment,Angel Long,,New Customer
S06096,CU1408,C0009,26-12-2023,2,91929,Installment,Matthew Campos,,Repeating Customer
S06097,CU1335,C0457,23-07-2025,3,24910,Installment,Dr. Joshua Johns PhD,,Loyal Customer
S06098,CU1256,C0148,03-02-2025,2,92998,Installment,Emily Tucker,,Repeating Customer
S06099,CU0285,C0363,09-12-2023,2,36723,Credit,Kenneth Silva,,Repeating Customer
S06100,CU1308,C0134,31-12-2022,1,53666,Cash,Daniel Parker,,New Customer
S06101,CU0189,C0435,16-04-2025,3,63788,Cash,Tyler Collins,,Loyal Customer
S06102,CU0729,C0352,05-12-2023,3,77719,Installment,Larry Waters,,Loyal Customer
S06103,CU0834,C0102,03-10-2023,1,66810,Installment,Kathleen Caldwell,,New Customer
S06104,CU1594,C0028,05-12-2022,2,22738,Cash,Amy Allen,,Repeating Customer
S06105,CU0609,C0478,16-05-2025,1,98882,Cash,Ashley Bowers,,New Customer
S06106,CU0389,C0017,27-04-2024,3,23460,Credit,Elizabeth Butler,,Loyal Customer
S06107,CU1494,C0168,28-01-2023,1,71913,Credit,Jessica Becker,,New Customer
S06108,CU0535,C0317,31-01-2023,3,80704,Installment,Kristopher King,,Loyal Customer
S06109,CU1711,C0024,24-03-2024,2,19051,Installment,Cynthia Larson,,Repeating Customer
S06110,CU0694,C0311,22-10-2023,2,81110,Installment,Alexandra Alexander,,Repeating Customer
S06111,CU0007,C0255,24-07-2024,2,41272,Cash,Matthew Stephenson,,Repeating Customer
S06112,CU1541,C0172,02-12-2024,1,27052,Credit,Sarah Barnett,,New Customer
S06113,CU1638,C0073,16-07-2025,3,55820,Cash,Penny Jarvis,,Loyal Customer
S06114,CU0458,C0034,13-03-2023,2,62742,Cash,Michael Miller,,Repeating Customer
S06115,CU1737,C0414,26-05-2025,2,61392,Cash,Stacey Floyd,,Repeating Customer
S06116,CU1396,C0430,28-01-2025,1,84724,Installment,Devin Morris,,New Customer
S06117,CU0908,C0465,12-09-2023,1,79105,Installment,Robert Rice,,New Customer
S06118,CU1344,C0265,26-11-2022,2,16032,Credit,Patricia Kent,,Repeating Customer
S06119,CU0776,C0034,22-06-2024,1,46055,Installment,Kathleen Lewis,,New Customer
S06120,CU0022,C0337,05-11-2024,2,58172,Cash,Nancy Fisher,,Repeating Customer
S06121,CU0776,C0022,08-06-2025,1,53135,Cash,Brian Eaton,,New Customer
S06122,CU0481,C0027,09-11-2024,1,32906,Cash,Marilyn Chandler,,New Customer
S06123,CU1778,C0013,16-01-2025,3,36144,Installment,Joseph Tran,,Loyal Customer
S06124,CU1392,C0351,25-10-2024,2,98984,Cash,Lisa Dunn,,Repeating Customer
S06125,CU1796,C0476,27-09-2024,3,23565,Installment,Maria Clark,,Loyal Customer
S06126,CU0899,C0110,13-10-2024,1,37845,Cash,Mary Murphy,,New Customer
S06127,CU1317,C0214,28-06-2023,2,54722,Cash,Kristen Robinson,,Repeating Customer
S06128,CU0378,C0320,12-02-2024,2,90391,Credit,Alan Baker,,Repeating Customer
S06129,CU0293,C0196,22-12-2023,2,37954,Installment,Sandra Smith,,Repeating Customer
S06130,CU1135,C0421,18-01-2023,2,82031,Installment,Andrea Watts,,Repeating Customer
S06131,CU0284,C0040,09-07-2024,3,42808,Cash,Robert Jacobson,,Loyal Customer
S06132,CU0490,C0118,10-02-2025,3,71350,Credit,Mr. John Jordan MD,,Loyal Customer
S06133,CU1092,C0253,29-06-2025,3,67975,Cash,Nicole Horton,,Loyal Customer
S06134,CU0917,C0193,19-01-2024,3,39848,Cash,Rita Morris,,Loyal Customer
S06135,CU1979,C0064,23-12-2023,1,52484,Installment,Tammy Clark,,New Customer
S06136,CU1361,C0204,25-07-2025,3,57389,Cash,Luke Cowan,,Loyal Customer
S06137,CU1006,C0282,16-06-2024,2,57563,Installment,Wendy Blankenship,,Repeating Customer
S06138,CU1829,C0145,22-07-2024,2,42978,Cash,Timothy Neal,,Repeating Customer
S06139,CU1202,C0037,15-10-2024,3,76696,Credit,Amy Boyle,,Loyal Customer
S06140,CU1390,C0407,24-09-2025,1,37769,Installment,Joseph King,,New Customer
S06141,CU0212,C0133,25-06-2024,3,97352,Cash,Henry Berry,,Loyal Customer
S06142,CU1547,C0093,16-06-2023,2,28649,Credit,James Ponce,,Repeating Customer
S06143,CU0577,C0432,19-07-2024,1,17829,Cash,Lee Green,,New Customer
S06144,CU1343,C0353,18-10-2025,1,17774,Installment,Kevin Evans,,New Customer
S06145,CU1084,C0051,16-01-2023,2,77601,Installment,George Larson,,Repeating Customer
S06146,CU1059,C0088,23-01-2023,2,56636,Credit,Lori Willis,,Repeating Customer
S06147,CU0746,C0142,01-01-2025,1,41037,Cash,Abigail Bowman,,New Customer
S06148,CU0387,C0495,23-03-2025,3,59087,Installment,Daniel Allen,,Loyal Customer
S06149,CU0267,C0491,24-04-2025,3,90431,Credit,Joseph Rangel,,Loyal Customer
S06150,CU1561,C0372,13-01-2025,3,70338,Installment,Eric Allen,,Loyal Customer
S06151,CU0909,C0305,13-07-2024,3,95787,Credit,Sarah Parker,,Loyal Customer
S06152,CU0686,C0413,08-05-2025,2,57347,Credit,Gabriella White,,Repeating Customer
S06153,CU1885,C0313,23-03-2023,3,71971,Cash,Elizabeth Taylor,,Loyal Customer
S06154,CU0870,C0187,04-02-2023,3,85155,Installment,William Scott,,Loyal Customer
S06155,CU1171,C0188,13-10-2025,2,25931,Installment,Richard Watson,,Repeating Customer
S06156,CU1398,C0264,07-04-2025,3,65601,Credit,Teresa Mendez,,Loyal Customer
S06157,CU0925,C0363,26-08-2023,1,18679,Installment,Michelle Brooks,,New Customer
S06158,CU1449,C0179,21-01-2024,1,44914,Installment,Alexander Hill,,New Customer
S06159,CU0141,C0125,22-02-2025,1,85436,Credit,Evelyn Marsh,,New Customer
S06160,CU1932,C0295,01-10-2024,1,58299,Credit,Brianna Diaz,,New Customer
S06161,CU1925,C0003,15-03-2025,3,81698,Cash,William Sawyer,,Loyal Customer
S06162,CU0622,C0413,01-04-2024,3,64101,Installment,Anita Kelly,,Loyal Customer
S06163,CU1369,C0142,25-10-2023,3,81563,Credit,Martha Wright,,Loyal Customer
S06164,CU0569,C0467,05-12-2022,3,29585,Installment,Billy Watkins,,Loyal Customer
S06165,CU0756,C0407,07-10-2023,2,36585,Installment,Donald Campbell,,Repeating Customer
S06166,CU1119,C0032,01-06-2024,3,80800,Cash,Laura Hale,,Loyal Customer
S06167,CU0544,C0264,22-01-2024,3,35665,Installment,Kirk Smith,,Loyal Customer
S06168,CU1438,C0264,26-04-2023,1,15585,Installment,Martha Lam,,New Customer
S06169,CU0720,C0174,24-05-2024,2,72981,Cash,John Johnson,,Repeating Customer
S06170,CU1179,C0330,05-01-2025,2,44962,Credit,Valerie Morales,,Repeating Customer
S06171,CU1665,C0394,26-12-2023,2,66748,Installment,Amanda Martinez,,Repeating Customer
S06172,CU0120,C0341,07-03-2023,1,22714,Credit,Cody Morales,,New Customer
S06173,CU1282,C0062,17-11-2022,3,92232,Installment,Nicole Marshall,,Loyal Customer
S06174,CU1263,C0148,16-01-2023,2,21269,Installment,Nicholas Hogan,,Repeating Customer
S06175,CU1159,C0406,09-05-2025,1,25812,Installment,Rebecca Jenkins,,New Customer
S06176,CU1877,C0019,13-02-2023,1,23468,Credit,Kimberly Lin,,New Customer
S06177,CU1664,C0361,26-03-2024,1,34404,Cash,Robin Fox,,New Customer
S06178,CU1694,C0347,04-01-2025,3,90778,Installment,Jacob Merritt,,Loyal Customer
S06179,CU1616,C0176,22-02-2023,1,91948,Credit,Shane Gonzalez,,New Customer
S06180,CU1801,C0021,11-06-2025,2,97690,Cash,Sarah Scott,,Repeating Customer
S06181,CU1547,C0260,22-01-2025,2,73796,Cash,Adam Carter,,Repeating Customer
S06182,CU0878,C0242,08-09-2023,2,16882,Installment,Jason Ross,,Repeating Customer
S06183,CU1595,C0352,02-12-2023,3,60272,Cash,Gabrielle Haynes,,Loyal Customer
S06184,CU0358,C0362,31-10-2023,1,23970,Cash,Daniel Vargas,,New Customer
S06185,CU1922,C0041,04-07-2024,3,53862,Installment,Tony Smith,,Loyal Customer
S06186,CU0203,C0371,27-05-2023,1,43299,Cash,Elizabeth Pierce PhD,,New Customer
S06187,CU0054,C0422,24-11-2022,3,33458,Cash,Michelle Lowe,,Loyal Customer
S06188,CU0093,C0086,19-08-2025,2,40556,Installment,Gregory Gutierrez,,Repeating Customer
S06189,CU1564,C0285,14-09-2024,1,94480,Installment,Kyle Baird,,New Customer
S06190,CU1594,C0282,01-04-2024,3,87457,Credit,Justin Taylor,,Loyal Customer
S06191,CU0679,C0041,09-05-2024,1,67998,Credit,Theresa Castillo,,New Customer
S06192,CU0193,C0233,02-07-2025,3,93291,Installment,Robert Baird,,Loyal Customer
S06193,CU1738,C0226,07-01-2023,2,52067,Cash,Penny Meyer,,Repeating Customer
S06194,CU0601,C0244,10-10-2025,1,30106,Credit,Julie Powell,,New Customer
S06195,CU0881,C0383,22-10-2023,1,76390,Credit,Morgan Schmidt,,New Customer
S06196,CU1626,C0210,08-10-2023,1,48499,Cash,Carol Garrett,,New Customer
S06197,CU0537,C0134,28-12-2023,1,79944,Credit,Teresa Neal,,New Customer
S06198,CU0937,C0484,14-03-2024,2,57685,Installment,James Rojas,,Repeating Customer
S06199,CU1689,C0178,19-10-2023,1,22378,Installment,Jerry Delgado,,New Customer
S06200,CU0758,C0133,16-10-2024,1,86439,Credit,Andrew Johnson,,New Customer
S06201,CU0448,C0016,28-04-2025,3,83305,Credit,Julia Hernandez,,Loyal Customer
S06202,CU0724,C0367,08-10-2025,3,78906,Installment,Thomas Norton,,Loyal Customer
S06203,CU1566,C0170,13-05-2023,2,77471,Cash,Tiffany Park,,Repeating Customer
S06204,CU1992,C0353,25-12-2024,3,56739,Credit,William Garcia,,Loyal Customer
S06205,CU1289,C0118,04-10-2023,1,33722,Installment,Eddie Gonzalez,,New Customer
S06206,CU0464,C0036,21-01-2024,1,65343,Cash,Eduardo Cook,,New Customer
S06207,CU1511,C0444,01-08-2023,1,82506,Credit,Nancy Miller,,New Customer
S06208,CU0341,C0077,23-09-2023,1,65261,Installment,David Wheeler,,New Customer
S06209,CU1461,C0202,05-10-2024,3,43854,Cash,Pedro Glover,,Loyal Customer
S06210,CU1407,C0443,14-12-2023,2,39221,Installment,Harold Riggs DVM,,Repeating Customer
S06211,CU1125,C0125,15-03-2025,2,69057,Credit,Courtney Thompson,,Repeating Customer
S06212,CU1356,C0421,21-09-2024,2,96009,Cash,Melissa Baker,,Repeating Customer
S06213,CU0946,C0116,22-01-2024,3,82208,Credit,Ashley Warner,,Loyal Customer
S06214,CU0729,C0022,20-03-2023,1,21504,Credit,Shannon Thomas,,New Customer
S06215,CU0754,C0344,24-10-2025,3,86397,Credit,Jeffrey Ward,,Loyal Customer
S06216,CU0069,C0415,20-07-2023,1,66240,Cash,Richard Moore,,New Customer
S06217,CU1916,C0311,13-01-2025,2,33138,Installment,Shannon Larson,,Repeating Customer
S06218,CU1450,C0087,21-11-2024,3,92272,Cash,Eric Martinez,,Loyal Customer
S06219,CU1944,C0141,28-04-2024,1,15184,Installment,Amber Lee,,New Customer
S06220,CU1058,C0128,20-07-2023,2,45754,Credit,Daniel Lucas,,Repeating Customer
S06221,CU0520,C0395,03-09-2023,2,43522,Credit,Felicia Myers,,Repeating Customer
S06222,CU1049,C0095,02-10-2025,1,55616,Credit,Peter Best,,New Customer
S06223,CU0774,C0136,04-11-2023,1,17228,Credit,Cynthia English,,New Customer
S06224,CU1728,C0325,12-08-2023,2,44724,Credit,William Guzman,,Repeating Customer
S06225,CU1390,C0214,19-01-2025,2,78579,Credit,Kenneth Reed,,Repeating Customer
S06226,CU0847,C0010,04-11-2024,2,67656,Installment,Ana Ellis,,Repeating Customer
S06227,CU1047,C0178,10-08-2023,3,54153,Installment,John Barnes,,Loyal Customer
S06228,CU0868,C0409,08-04-2024,3,92106,Installment,Richard Ortiz,,Loyal Customer
S06229,CU1901,C0205,28-06-2025,2,95346,Installment,Jay Jones,,Repeating Customer
S06230,CU0352,C0361,13-09-2023,2,38726,Credit,Alan Simmons,,Repeating Customer
S06231,CU0066,C0243,16-02-2024,1,62019,Credit,Angela Wilson,,New Customer
S06232,CU0255,C0275,09-09-2025,1,80880,Installment,Robert Jackson,,New Customer
S06233,CU1320,C0017,29-02-2024,2,78483,Cash,Cody Allen,,Repeating Customer
S06234,CU0254,C0051,17-08-2025,2,56888,Credit,Haley Sherman,,Repeating Customer
S06235,CU0947,C0098,05-03-2024,2,54327,Installment,Dakota Sandoval,,Repeating Customer
S06236,CU1127,C0024,14-08-2024,2,41888,Installment,Sarah Parker,,Repeating Customer
S06237,CU0160,C0099,17-12-2022,2,59360,Credit,Kimberly White,,Repeating Customer
S06238,CU0084,C0149,28-06-2023,1,28190,Credit,Robert Pittman,,New Customer
S06239,CU0016,C0244,16-04-2024,3,76141,Installment,Julian Hutchinson,,Loyal Customer
S06240,CU1423,C0258,25-08-2025,1,26219,Installment,Tracy Mahoney,,New Customer
S06241,CU1387,C0138,18-09-2023,1,99563,Installment,Jade Chen,,New Customer
S06242,CU1577,C0374,29-09-2023,1,89871,Installment,Jean Diaz,,New Customer
S06243,CU0940,C0403,03-04-2025,3,20521,Credit,Matthew Elliott,,Loyal Customer
S06244,CU0612,C0304,06-12-2024,2,93739,Credit,Christine Lewis,,Repeating Customer
S06245,CU0474,C0226,29-01-2025,2,39744,Credit,Marc Holmes,,Repeating Customer
S06246,CU0971,C0032,29-08-2025,1,28168,Credit,Debbie Sullivan,,New Customer
S06247,CU0844,C0086,25-09-2024,1,57744,Installment,Jeffrey Lindsey,,New Customer
S06248,CU1810,C0042,14-02-2024,2,54723,Credit,Patricia Porter,,Repeating Customer
S06249,CU0194,C0277,14-07-2024,1,21419,Credit,Rebecca Johnson,,New Customer
S06250,CU0772,C0128,09-09-2023,3,23543,Credit,Danielle Wolfe,,Loyal Customer
S06251,CU1134,C0025,21-04-2025,3,60550,Installment,Allen Clark,,Loyal Customer
S06252,CU0267,C0385,07-11-2024,1,80298,Credit,Scott Baker,,New Customer
S06253,CU0424,C0069,18-12-2024,1,51762,Installment,Joann Roach,,New Customer
S06254,CU0512,C0264,11-06-2025,3,54075,Installment,Christopher Marsh,,Loyal Customer
S06255,CU1611,C0266,02-05-2023,1,73157,Credit,Barry Frey,,New Customer
S06256,CU1584,C0397,26-04-2025,3,31241,Credit,Heather Fitzpatrick,,Loyal Customer
S06257,CU0951,C0485,01-06-2024,2,95578,Cash,Mark Wright,,Repeating Customer
S06258,CU1049,C0097,26-05-2024,2,73791,Installment,Eduardo Austin,,Repeating Customer
S06259,CU1017,C0167,04-07-2023,1,86050,Installment,Kevin Baker,,New Customer
S06260,CU1263,C0253,05-10-2024,3,18187,Cash,Christian Webb,,Loyal Customer
S06261,CU0516,C0069,29-05-2024,3,27345,Cash,Jimmy Smith,,Loyal Customer
S06262,CU1014,C0393,04-11-2024,1,46872,Installment,Catherine Keller,,New Customer
S06263,CU1680,C0068,03-10-2023,3,83492,Installment,David Maldonado,,Loyal Customer
S06264,CU0485,C0416,14-05-2024,2,61567,Credit,Wesley Davies,,Repeating Customer
S06265,CU0634,C0175,24-07-2025,1,35100,Cash,Sheryl Richardson,,New Customer
S06266,CU0780,C0336,08-03-2025,1,25011,Installment,David Schmidt,,New Customer
S06267,CU1006,C0004,13-10-2025,1,34019,Cash,Michael Gonzales,,New Customer
S06268,CU1834,C0179,16-10-2025,3,36500,Installment,Brian Romero,,Loyal Customer
S06269,CU0473,C0221,04-09-2023,2,31377,Cash,John Maldonado,,Repeating Customer
S06270,CU1486,C0358,05-05-2024,3,17885,Installment,Sheryl Daniels,,Loyal Customer
S06271,CU0747,C0032,19-07-2024,3,22298,Installment,Victoria Fisher,,Loyal Customer
S06272,CU0682,C0226,29-12-2024,2,71915,Cash,James Padilla,,Repeating Customer
S06273,CU1607,C0064,24-11-2023,1,64980,Cash,Anthony Hill,,New Customer
S06274,CU0175,C0436,02-06-2025,3,39260,Credit,Brandon Shaw,,Loyal Customer
S06275,CU1398,C0378,24-11-2022,1,40961,Credit,Nathan Gill,,New Customer
S06276,CU0189,C0168,26-06-2024,3,62216,Credit,Daniel Rubio,,Loyal Customer
S06277,CU1112,C0434,04-05-2023,3,15884,Cash,Jessica Martinez,,Loyal Customer
S06278,CU0273,C0297,28-03-2024,2,37618,Cash,Jennifer Griffin,,Repeating Customer
S06279,CU1929,C0411,05-04-2024,1,96093,Credit,Tamara Estrada,,New Customer
S06280,CU0082,C0289,12-03-2023,3,36334,Credit,Michael Phillips,,Loyal Customer
S06281,CU0594,C0202,25-12-2023,3,93188,Installment,Juan Howard,,Loyal Customer
S06282,CU1982,C0136,26-05-2024,2,21984,Cash,Suzanne Terry,,Repeating Customer
S06283,CU0318,C0260,06-11-2022,2,80858,Installment,William Swanson,,Repeating Customer
S06284,CU0436,C0383,12-06-2024,2,17639,Cash,Tracy Patterson,,Repeating Customer
S06285,CU1946,C0115,04-04-2023,2,31092,Credit,Sean Melton,,Repeating Customer
S06286,CU1966,C0144,06-10-2024,2,17968,Cash,Gary Franco,,Repeating Customer
S06287,CU1411,C0011,19-11-2024,1,59500,Cash,Henry Holden,,New Customer
S06288,CU0389,C0049,15-11-2024,2,59527,Credit,Edward Joyce,,Repeating Customer
S06289,CU1976,C0492,15-05-2025,2,97700,Credit,Brandon Farmer,,Repeating Customer
S06290,CU1905,C0443,18-02-2023,2,50269,Credit,Margaret Crawford,,Repeating Customer
S06291,CU0338,C0059,02-01-2025,3,35929,Installment,Kathleen Martin,,Loyal Customer
S06292,CU1653,C0011,11-06-2024,3,74325,Credit,Suzanne Vargas,,Loyal Customer
S06293,CU0653,C0085,19-05-2023,3,52896,Cash,Jerry Rojas,,Loyal Customer
S06294,CU0193,C0160,26-01-2023,1,15248,Cash,Tonya Wilson,,New Customer
S06295,CU0045,C0266,08-05-2024,3,63593,Credit,Jerry Carpenter,,Loyal Customer
S06296,CU1831,C0457,26-01-2023,1,67332,Installment,James Smith,,New Customer
S06297,CU1136,C0105,21-08-2025,3,76177,Installment,Michael White,,Loyal Customer
S06298,CU1911,C0496,24-09-2024,3,43059,Credit,Derek White,,Loyal Customer
S06299,CU1394,C0039,02-03-2023,1,25799,Installment,Jason Banks,,New Customer
S06300,CU0570,C0273,02-03-2024,1,84415,Installment,Amanda Rose,,New Customer
S06301,CU1746,C0288,26-08-2025,1,60969,Cash,Jesus Forbes,,New Customer
S06302,CU1430,C0201,08-02-2025,1,26480,Credit,Robert George,,New Customer
S06303,CU1976,C0015,10-02-2025,3,61112,Installment,Donna Patel,,Loyal Customer
S06304,CU0386,C0310,27-07-2023,2,17612,Installment,Cody Burton,,Repeating Customer
S06305,CU0433,C0012,03-11-2023,3,78176,Cash,Alexander Reynolds,,Loyal Customer
S06306,CU0680,C0427,19-07-2024,1,16258,Credit,Jared Rodriguez,,New Customer
S06307,CU0655,C0111,01-10-2024,2,50138,Cash,Kari Walker,,Repeating Customer
S06308,CU1087,C0205,27-10-2024,1,60464,Cash,Edward Ayers,,New Customer
S06309,CU1324,C0018,22-08-2025,2,15870,Installment,Sandra Taylor,,Repeating Customer
S06310,CU0179,C0490,07-05-2023,2,15870,Cash,Cassidy Rodriguez,,Repeating Customer
S06311,CU0923,C0287,07-05-2024,1,17059,Cash,Daniel Jackson,,New Customer
S06312,CU1300,C0024,12-07-2025,2,89852,Credit,Michael White,,Repeating Customer
S06313,CU0165,C0363,19-07-2025,3,35569,Cash,Joseph Mcgee,,Loyal Customer
S06314,CU0328,C0428,12-10-2025,2,85320,Credit,Carla Gomez,,Repeating Customer
S06315,CU1172,C0377,16-04-2023,2,60037,Cash,Karen Smith DDS,,Repeating Customer
S06316,CU1937,C0028,12-07-2025,1,72188,Credit,James Cameron,,New Customer
S06317,CU1970,C0225,12-07-2023,1,25717,Installment,Aaron Allen,,New Customer
S06318,CU1201,C0453,31-07-2024,2,69625,Credit,Timothy Hobbs,,Repeating Customer
S06319,CU0868,C0406,26-12-2023,3,40309,Cash,Adam Chandler,,Loyal Customer
S06320,CU1330,C0256,07-04-2025,2,43651,Cash,Ashley Palmer,,Repeating Customer
S06321,CU0068,C0285,26-02-2025,2,82824,Installment,Shelby Schmidt,,Repeating Customer
S06322,CU0676,C0473,22-01-2023,1,80521,Installment,Stephen Acevedo,,New Customer
S06323,CU1761,C0417,10-01-2024,1,89579,Installment,David Mullins,,New Customer
S06324,CU0341,C0272,25-02-2024,3,28416,Installment,Jennifer Bruce,,Loyal Customer
S06325,CU0243,C0104,11-01-2023,1,22150,Installment,Joseph Turner,,New Customer
S06326,CU0381,C0032,08-02-2025,3,17657,Credit,Carol Hill,,Loyal Customer
S06327,CU1014,C0311,08-12-2024,2,61531,Credit,Jennifer Johnson,,Repeating Customer
S06328,CU0231,C0478,02-07-2023,1,68924,Credit,Jason White,,New Customer
S06329,CU1575,C0141,16-05-2023,3,76330,Installment,Amy Williams,,Loyal Customer
S06330,CU0979,C0446,26-11-2022,1,77193,Cash,Barbara Yoder,,New Customer
S06331,CU0332,C0011,21-09-2025,2,39686,Credit,Taylor Brooks,,Repeating Customer
S06332,CU0080,C0399,15-02-2024,2,70543,Credit,Jodi Jones,,Repeating Customer
S06333,CU1844,C0089,04-09-2023,3,92397,Credit,John Krueger,,Loyal Customer
S06334,CU0126,C0037,11-06-2025,2,25152,Installment,Monica Mcdaniel,,Repeating Customer
S06335,CU0016,C0405,21-12-2022,2,26699,Credit,Anne Gray,,Repeating Customer
S06336,CU1685,C0209,05-05-2024,2,49503,Cash,Abigail Coleman,,Repeating Customer
S06337,CU1159,C0446,15-05-2023,3,92546,Credit,Mikayla Chavez,,Loyal Customer
S06338,CU0492,C0210,29-03-2024,1,73542,Installment,Heidi Reid,,New Customer
S06339,CU0926,C0286,18-09-2025,1,85230,Installment,Kelly Espinoza,,New Customer
S06340,CU0403,C0045,13-01-2024,2,19127,Credit,Jennifer Wells,,Repeating Customer
S06341,CU0570,C0394,10-06-2024,3,61669,Credit,Joshua King,,Loyal Customer
S06342,CU1681,C0115,13-03-2023,1,35513,Credit,Larry Hooper,,New Customer
S06343,CU0700,C0413,15-07-2025,2,40737,Cash,Olivia Anderson,,Repeating Customer
S06344,CU0458,C0307,29-04-2025,3,17776,Cash,Michael Rodriguez,,Loyal Customer
S06345,CU1095,C0317,25-02-2025,1,35854,Credit,Ellen Reyes,,New Customer
S06346,CU1137,C0349,16-05-2025,2,96056,Installment,Christina Thompson,,Repeating Customer
S06347,CU1207,C0479,03-03-2025,2,24214,Installment,Craig Ferguson,,Repeating Customer
S06348,CU1869,C0063,01-12-2023,3,47267,Credit,Jose Jackson,,Loyal Customer
S06349,CU0079,C0063,27-12-2024,1,84329,Cash,Angela Jackson,,New Customer
S06350,CU0429,C0141,06-09-2023,2,85532,Cash,Cheyenne Johnson,,Repeating Customer
S06351,CU0070,C0132,31-07-2023,3,52465,Credit,Kevin Brown,,Loyal Customer
S06352,CU1341,C0500,21-12-2024,2,86310,Credit,Mr. Anthony Nelson,,Repeating Customer
S06353,CU1198,C0170,18-12-2022,3,57389,Cash,Donald Castro,,Loyal Customer
S06354,CU0296,C0015,13-02-2024,1,64858,Cash,Thomas Morales,,New Customer
S06355,CU0062,C0209,23-01-2023,1,68363,Cash,Francis Lester,,New Customer
S06356,CU0728,C0254,01-08-2025,1,15167,Installment,Michael Morgan,,New Customer
S06357,CU1775,C0391,02-09-2025,2,79422,Installment,Michael Ashley,,Repeating Customer
S06358,CU0325,C0186,31-08-2024,2,49694,Credit,Cheryl James,,Repeating Customer
S06359,CU0129,C0248,06-01-2023,2,20660,Installment,Logan Reynolds,,Repeating Customer
S06360,CU0846,C0105,09-12-2024,2,31321,Cash,Angela Hahn,,Repeating Customer
S06361,CU1217,C0072,02-08-2023,3,37554,Installment,Brandon Ortiz,,Loyal Customer
S06362,CU0997,C0313,10-04-2025,1,39667,Credit,Christina Moran,,New Customer
S06363,CU0589,C0457,08-04-2025,3,54466,Installment,Courtney Owens,,Loyal Customer
S06364,CU1379,C0065,06-05-2025,3,41676,Credit,Becky Mitchell,,Loyal Customer
S06365,CU0095,C0247,07-04-2023,2,83358,Installment,Sheila Taylor,,Repeating Customer
S06366,CU1645,C0052,05-08-2023,2,82863,Installment,Kristina Martinez,,Repeating Customer
S06367,CU1290,C0133,16-11-2022,2,42677,Cash,Sandra Ross,,Repeating Customer
S06368,CU1752,C0042,23-07-2024,1,39877,Cash,Marcus Olsen,,New Customer
S06369,CU0366,C0342,12-01-2025,1,44846,Installment,Danny Richards,,New Customer
S06370,CU0959,C0003,09-09-2024,2,27619,Cash,Stephen Bryan,,Repeating Customer
S06371,CU0896,C0315,11-12-2023,1,23805,Credit,Scott Patterson,,New Customer
S06372,CU1903,C0244,09-07-2025,2,83166,Cash,Christopher Foster,,Repeating Customer
S06373,CU0880,C0445,22-05-2025,3,24269,Installment,Christopher Rivera,,Loyal Customer
S06374,CU1849,C0050,10-10-2024,3,28997,Installment,Ricky Barnett,,Loyal Customer
S06375,CU1759,C0021,25-11-2024,3,22994,Installment,Ruth Wells,,Loyal Customer
S06376,CU0312,C0115,27-06-2025,2,22575,Cash,Bridget Robertson,,Repeating Customer
S06377,CU1500,C0019,06-10-2024,3,70369,Credit,Kimberly Ramirez,,Loyal Customer
S06378,CU0919,C0457,22-12-2022,3,94775,Credit,Jennifer Knox,,Loyal Customer
S06379,CU0879,C0068,18-04-2023,1,86342,Cash,Priscilla Barnes,,New Customer
S06380,CU0358,C0347,04-02-2025,2,34547,Credit,Elizabeth Doyle,,Repeating Customer
S06381,CU1851,C0073,23-03-2025,2,95720,Cash,Jeff Chandler,,Repeating Customer
S06382,CU0849,C0495,09-03-2023,3,54778,Cash,Amber Carter,,Loyal Customer
S06383,CU0306,C0379,20-04-2023,3,85899,Cash,Kimberly Mcdaniel,,Loyal Customer
S06384,CU1217,C0115,08-11-2024,3,68546,Credit,Mark Johnston,,Loyal Customer
S06385,CU0547,C0307,02-08-2025,1,49839,Installment,Kyle Hamilton,,New Customer
S06386,CU1640,C0038,01-05-2023,1,59907,Installment,Michael Perez,,New Customer
S06387,CU1682,C0019,24-09-2023,2,88208,Cash,Robert Scott,,Repeating Customer
S06388,CU0327,C0093,24-11-2024,1,81467,Cash,Jamie Wagner,,New Customer
S06389,CU1326,C0071,29-03-2023,3,72347,Credit,Timothy Garza,,Loyal Customer
S06390,CU1087,C0258,23-11-2023,3,79957,Cash,Kathy Walters,,Loyal Customer
S06391,CU0570,C0169,14-07-2025,3,18673,Cash,Kerri Price,,Loyal Customer
S06392,CU0388,C0062,23-09-2023,1,30294,Installment,Justin Franco,,New Customer
S06393,CU0967,C0051,27-02-2023,2,15555,Credit,Brianna Turner,,Repeating Customer
S06394,CU1263,C0422,25-06-2024,2,65092,Credit,Shelby Pratt,,Repeating Customer
S06395,CU0368,C0360,22-07-2024,2,85785,Installment,Matthew Peters,,Repeating Customer
S06396,CU1075,C0476,23-05-2025,1,61496,Installment,Steven Taylor,,New Customer
S06397,CU0245,C0287,17-01-2025,1,42051,Installment,Robin Gross,,New Customer
S06398,CU1040,C0429,10-02-2025,3,65164,Installment,Michael Hernandez,,Loyal Customer
S06399,CU0823,C0279,07-01-2024,1,64448,Cash,Kelly Gutierrez,,New Customer
S06400,CU1852,C0485,18-12-2022,1,57562,Credit,Michelle Schmidt,,New Customer
S06401,CU0297,C0215,07-05-2023,3,49644,Cash,Nicole Holmes,,Loyal Customer
S06402,CU1512,C0248,19-05-2024,1,28166,Installment,Morgan Wood,,New Customer
S06403,CU1764,C0123,30-06-2023,1,71837,Installment,John Kerr,,New Customer
S06404,CU1583,C0349,13-09-2025,1,56121,Credit,Julia Fowler,,New Customer
S06405,CU0167,C0057,16-08-2024,3,26608,Credit,Heather Morris,,Loyal Customer
S06406,CU0607,C0070,09-01-2024,3,57585,Credit,Melissa Stokes,,Loyal Customer
S06407,CU0261,C0252,04-10-2023,3,19711,Credit,Renee White,,Loyal Customer
S06408,CU0253,C0194,22-05-2023,3,76306,Cash,Derrick Rosario,,Loyal Customer
S06409,CU0319,C0286,30-04-2023,1,89449,Installment,Michael Kelly,,New Customer
S06410,CU1785,C0002,17-02-2025,1,42068,Installment,Melinda Brown,,New Customer
S06411,CU0709,C0232,18-03-2025,1,38742,Installment,Tasha Jones,,New Customer
S06412,CU1225,C0420,27-02-2025,3,78180,Cash,Allison Simmons,,Loyal Customer
S06413,CU0991,C0337,22-07-2024,1,74051,Credit,Taylor Griffin,,New Customer
S06414,CU0499,C0098,16-09-2024,3,41674,Installment,Ryan Smith,,Loyal Customer
S06415,CU1024,C0343,07-10-2024,2,89120,Installment,Jeanne Malone,,Repeating Customer
S06416,CU1031,C0441,14-07-2023,2,94021,Credit,Michelle Kaufman,,Repeating Customer
S06417,CU1715,C0486,04-05-2025,1,59189,Cash,Brittney Wilson,,New Customer
S06418,CU1252,C0432,06-06-2024,3,33780,Cash,Nicholas Bailey,,Loyal Customer
S06419,CU0658,C0016,09-11-2023,3,28561,Cash,Kelly Soto,,Loyal Customer
S06420,CU0843,C0457,05-10-2024,1,81722,Cash,Douglas Williams,,New Customer
S06421,CU0417,C0278,28-06-2023,2,45728,Installment,Christopher English,,Repeating Customer
S06422,CU0203,C0043,06-05-2024,2,83204,Credit,Crystal Johnson,,Repeating Customer
S06423,CU0202,C0163,03-09-2024,1,71988,Cash,Katie Ellis,,New Customer
S06424,CU1985,C0165,08-08-2024,3,71579,Installment,Larry Jacobson,,Loyal Customer
S06425,CU0022,C0176,17-08-2025,1,49775,Cash,John Morgan,,New Customer
S06426,CU1364,C0460,18-09-2023,3,96162,Installment,Nancy Campbell,,Loyal Customer
S06427,CU1993,C0433,05-07-2025,2,68835,Cash,Todd Horn,,Repeating Customer
S06428,CU1279,C0230,26-08-2024,1,87423,Credit,David Young,,New Customer
S06429,CU0836,C0343,26-03-2025,3,20387,Cash,Anthony Liu,,Loyal Customer
S06430,CU1147,C0436,21-06-2023,1,63394,Installment,Joseph Ellis,,New Customer
S06431,CU0521,C0049,09-10-2024,3,66983,Credit,Richard Hudson,,Loyal Customer
S06432,CU1520,C0430,17-09-2023,2,87183,Credit,Raymond Dillon,,Repeating Customer
S06433,CU0307,C0465,31-07-2024,1,22252,Installment,Ashley Smith,,New Customer
S06434,CU1446,C0432,19-12-2023,1,88377,Credit,Hannah Hendricks,,New Customer
S06435,CU0786,C0321,08-10-2025,3,25772,Installment,Christine Williams,,Loyal Customer
S06436,CU1878,C0480,12-09-2024,3,97816,Installment,Michael Hunter,,Loyal Customer
S06437,CU1412,C0418,14-04-2023,3,16084,Cash,Mario Glass,,Loyal Customer
S06438,CU0007,C0208,04-03-2024,2,62323,Credit,Nathan Hammond,,Repeating Customer
S06439,CU1822,C0073,29-04-2023,1,50358,Credit,Angela Reyes,,New Customer
S06440,CU1950,C0113,27-09-2024,3,43851,Installment,Shawn Booth,,Loyal Customer
S06441,CU1399,C0442,26-03-2025,1,51295,Cash,Zachary Fleming MD,,New Customer
S06442,CU1053,C0035,31-01-2023,3,67445,Installment,Colin Esparza,,Loyal Customer
S06443,CU0039,C0387,08-02-2025,3,83838,Credit,Rachel Mills,,Loyal Customer
S06444,CU0121,C0387,18-12-2022,2,77250,Installment,Kelsey Bradley,,Repeating Customer
S06445,CU0526,C0136,30-11-2022,2,69087,Installment,Ashley Cunningham,,Repeating Customer
S06446,CU0792,C0056,14-06-2023,1,61493,Cash,Jesse Williams,,New Customer
S06447,CU1530,C0261,13-12-2023,2,21728,Installment,Matthew Stout,,Repeating Customer
S06448,CU0800,C0257,21-01-2024,3,72532,Installment,Kevin Williamson,,Loyal Customer
S06449,CU1807,C0310,08-07-2025,2,83896,Cash,Katrina Ross,,Repeating Customer
S06450,CU0307,C0472,16-12-2022,1,51115,Installment,Tonya Dixon,,New Customer
S06451,CU0846,C0113,12-12-2024,2,74965,Credit,Melissa Gutierrez,,Repeating Customer
S06452,CU0898,C0013,30-01-2023,1,55741,Credit,George Randall,,New Customer
S06453,CU0681,C0361,21-08-2024,2,59307,Cash,David Smith,,Repeating Customer
S06454,CU1161,C0104,28-09-2025,2,56402,Installment,Christopher Garcia,,Repeating Customer
S06455,CU0359,C0486,16-09-2024,2,78080,Cash,Christopher Key,,Repeating Customer
S06456,CU1120,C0031,05-02-2023,2,55261,Credit,Amy Ford,,Repeating Customer
S06457,CU1577,C0124,09-12-2022,2,99379,Credit,Keith Carlson,,Repeating Customer
S06458,CU1730,C0407,12-08-2023,1,31066,Cash,Steve Pratt,,New Customer
S06459,CU0839,C0039,09-07-2024,3,34757,Installment,Ryan Golden,,Loyal Customer
S06460,CU1244,C0245,14-05-2024,2,34255,Cash,Megan Wall,,Repeating Customer
S06461,CU0433,C0081,11-02-2025,2,39687,Installment,Jillian Vazquez,,Repeating Customer
S06462,CU1711,C0374,12-01-2024,3,76620,Credit,Alexis Mcdonald,,Loyal Customer
S06463,CU0066,C0492,17-11-2023,2,23009,Installment,Michelle Mitchell,,Repeating Customer
S06464,CU1975,C0381,17-07-2025,2,92647,Installment,Glenda Rodriguez,,Repeating Customer
S06465,CU1626,C0008,11-05-2025,2,94006,Installment,April Dillon,,Repeating Customer
S06466,CU1587,C0279,12-06-2024,3,92670,Credit,Nicholas Davidson,,Loyal Customer
S06467,CU1331,C0138,31-05-2025,1,36939,Credit,Christopher Greer,,New Customer
S06468,CU0930,C0299,14-02-2024,1,28464,Cash,Sara Mckay,,New Customer
S06469,CU1990,C0080,28-08-2024,3,32789,Credit,Monica Bishop,,Loyal Customer
S06470,CU1755,C0408,20-01-2024,1,61493,Cash,Charles Price,,New Customer
S06471,CU1130,C0437,18-10-2024,2,20453,Cash,Hannah Phillips,,Repeating Customer
S06472,CU1181,C0254,03-06-2024,3,77168,Credit,Rita King,,Loyal Customer
S06473,CU0158,C0285,18-05-2023,3,70077,Credit,Tammy Young,,Loyal Customer
S06474,CU0333,C0029,11-02-2024,1,17330,Cash,Robert Baker,,New Customer
S06475,CU0084,C0152,01-07-2023,1,96531,Credit,Andrew Freeman,,New Customer
S06476,CU1138,C0234,11-09-2024,1,73347,Credit,Ann Li,,New Customer
S06477,CU0083,C0194,04-10-2023,2,65748,Credit,Lisa Cruz,,Repeating Customer
S06478,CU1582,C0242,09-01-2025,1,37086,Cash,Chris Murphy,,New Customer
S06479,CU1863,C0357,23-01-2024,3,63489,Credit,Jordan Zamora,,Loyal Customer
S06480,CU1391,C0273,26-06-2024,3,94818,Credit,Lauren Beltran,,Loyal Customer
S06481,CU0115,C0132,23-03-2023,3,57289,Installment,Darlene Smith,,Loyal Customer
S06482,CU0867,C0405,11-12-2023,2,42975,Cash,Joshua Johnson,,Repeating Customer
S06483,CU1583,C0258,20-04-2024,2,90227,Credit,Herbert Harris,,Repeating Customer
S06484,CU0653,C0374,21-12-2023,2,70006,Cash,Jennifer Alexander,,Repeating Customer
S06485,CU1318,C0368,16-11-2022,1,18936,Cash,Kristin Green,,New Customer
S06486,CU1916,C0116,30-07-2025,3,26983,Cash,Daniel Durham,,Loyal Customer
S06487,CU0430,C0038,17-03-2024,3,63065,Credit,Jay Castro,,Loyal Customer
S06488,CU0455,C0467,16-11-2024,1,41681,Cash,Aaron Greer,,New Customer
S06489,CU1826,C0464,20-09-2023,2,99306,Cash,Robert Bridges,,Repeating Customer
S06490,CU1875,C0322,01-02-2025,2,33908,Installment,Tara Davis,,Repeating Customer
S06491,CU1386,C0063,03-11-2024,2,93096,Installment,Terry Nguyen,,Repeating Customer
S06492,CU0577,C0367,17-09-2025,3,52667,Credit,Tyler Roberts,,Loyal Customer
S06493,CU0041,C0475,19-02-2024,2,21007,Credit,Leah Ross,,Repeating Customer
S06494,CU1867,C0182,03-07-2023,2,28551,Installment,Erin Shepherd,,Repeating Customer
S06495,CU0013,C0163,19-11-2023,2,59515,Cash,Keith Warren,,Repeating Customer
S06496,CU0178,C0149,07-06-2024,3,15769,Credit,Danielle Jennings,,Loyal Customer
S06497,CU0216,C0118,04-03-2024,1,49156,Credit,Laura Perez,,New Customer
S06498,CU1843,C0278,02-11-2023,2,20718,Cash,Michelle Butler,,Repeating Customer
S06499,CU0875,C0204,23-07-2023,2,81724,Credit,Erika Washington,,Repeating Customer
S06500,CU0227,C0275,21-06-2024,2,72251,Cash,Charles Figueroa,,Repeating Customer
S06501,CU1194,C0082,25-03-2025,2,50604,Installment,Robert Schultz,,Repeating Customer
S06502,CU1102,C0271,14-02-2023,1,94896,Installment,Timothy Brown,,New Customer
S06503,CU0902,C0313,24-08-2023,2,66986,Cash,Lauren Cortez,,Repeating Customer
S06504,CU1101,C0413,10-09-2023,1,63905,Credit,Hector Contreras,,New Customer
S06505,CU0417,C0342,08-08-2025,2,54750,Credit,Stephanie Scott,,Repeating Customer
S06506,CU1588,C0065,16-04-2023,1,97935,Cash,James Oconnor,,New Customer
S06507,CU0564,C0127,10-09-2025,3,51851,Installment,Elizabeth Robinson,,Loyal Customer
S06508,CU0557,C0255,27-12-2023,2,72717,Credit,Terry Thompson,,Repeating Customer
S06509,CU1806,C0164,02-12-2022,3,52254,Installment,Gary Hall,,Loyal Customer
S06510,CU0397,C0079,14-12-2024,2,37115,Credit,Jordan Duarte,,Repeating Customer
S06511,CU1038,C0352,04-01-2024,1,28871,Cash,Timothy Jackson,,New Customer
S06512,CU0360,C0369,12-01-2025,3,40918,Cash,Jonathan Barber,,Loyal Customer
S06513,CU0917,C0128,28-12-2023,2,34735,Credit,Antonio Walter,,Repeating Customer
S06514,CU1126,C0334,15-10-2024,3,45674,Installment,Brenda Jones,,Loyal Customer
S06515,CU0730,C0420,10-05-2023,2,31505,Credit,Peter Reyes,,Repeating Customer
S06516,CU0319,C0051,27-10-2025,3,60598,Installment,William Lee,,Loyal Customer
S06517,CU0825,C0311,05-10-2024,2,47717,Credit,Albert Gutierrez,,Repeating Customer
S06518,CU0552,C0407,28-01-2023,1,18952,Credit,Christopher Robertson,,New Customer
S06519,CU1000,C0243,22-01-2025,2,35229,Credit,Christopher Johnson,,Repeating Customer
S06520,CU1325,C0390,25-06-2025,3,91645,Installment,Melissa Sherman,,Loyal Customer
S06521,CU0978,C0331,16-07-2025,1,44470,Cash,Nicholas Lopez,,New Customer
S06522,CU1092,C0499,22-02-2024,3,89902,Credit,Karen Weaver,,Loyal Customer
S06523,CU1919,C0213,07-12-2024,1,49862,Credit,Alicia Wilson,,New Customer
S06524,CU1156,C0080,21-02-2023,1,75759,Credit,Jacob Carr,,New Customer
S06525,CU0438,C0376,17-12-2022,2,32512,Cash,Heather Davis,,Repeating Customer
S06526,CU1097,C0413,11-01-2024,3,23418,Installment,Kenneth Lopez,,Loyal Customer
S06527,CU1491,C0328,14-06-2024,1,76555,Cash,Mark Schmidt,,New Customer
S06528,CU0947,C0276,24-07-2024,2,46575,Installment,Amber Anderson,,Repeating Customer
S06529,CU1848,C0223,07-03-2023,1,26043,Cash,Stephanie Clark,,New Customer
S06530,CU1731,C0073,09-11-2024,1,78025,Credit,Shelby Douglas,,New Customer
S06531,CU0758,C0258,28-03-2024,1,55281,Cash,Cheryl Porter,,New Customer
S06532,CU0129,C0350,08-08-2023,3,45387,Credit,Dr. Jay Conner DVM,,Loyal Customer
S06533,CU0539,C0127,25-08-2023,2,39949,Cash,Eric Hunt,,Repeating Customer
S06534,CU1961,C0319,18-12-2022,2,61631,Cash,Connie Holmes,,Repeating Customer
S06535,CU0443,C0008,01-11-2023,2,16258,Cash,Amy Foster,,Repeating Customer
S06536,CU1569,C0153,22-08-2024,1,74212,Credit,Gary Coffey,,New Customer
S06537,CU1662,C0019,09-05-2023,3,47534,Credit,Michael Abbott,,Loyal Customer
S06538,CU1185,C0134,20-08-2025,3,95730,Installment,Scott Wilkerson,,Loyal Customer
S06539,CU0400,C0137,15-07-2023,1,62844,Installment,Susan Gates,,New Customer
S06540,CU0861,C0041,13-12-2023,1,60350,Credit,Karen White,,New Customer
S06541,CU0268,C0420,24-07-2023,1,67373,Installment,John Nichols,,New Customer
S06542,CU1408,C0453,15-05-2025,2,19056,Installment,Amber King,,Repeating Customer
S06543,CU0100,C0167,15-05-2025,3,91735,Credit,Kristin Smith,,Loyal Customer
S06544,CU1422,C0306,24-01-2023,3,76785,Cash,Matthew Martinez,,Loyal Customer
S06545,CU0037,C0124,14-09-2025,3,15285,Credit,Julia Mitchell,,Loyal Customer
S06546,CU1279,C0306,21-05-2024,1,89417,Installment,Maria Gould,,New Customer
S06547,CU1417,C0291,28-05-2025,2,57708,Installment,Chris Hunt,,Repeating Customer
S06548,CU0690,C0406,23-09-2023,3,40809,Cash,Janet West,,Loyal Customer
S06549,CU0916,C0232,03-06-2024,3,22440,Installment,Glenn Chandler,,Loyal Customer
S06550,CU1799,C0033,12-02-2024,3,82626,Cash,William Greene,,Loyal Customer
S06551,CU1842,C0080,18-02-2023,2,25545,Installment,James Moore,,Repeating Customer
S06552,CU0962,C0334,14-10-2025,3,87445,Credit,Tyler Webster,,Loyal Customer
S06553,CU1068,C0138,15-03-2025,3,72332,Credit,Brandon Berry,,Loyal Customer
S06554,CU0656,C0425,27-02-2024,1,84947,Credit,Brittney Holland,,New Customer
S06555,CU1751,C0065,15-12-2022,2,45340,Credit,Bradley Stevens,,Repeating Customer
S06556,CU0177,C0133,28-04-2025,2,54570,Credit,Crystal Little,,Repeating Customer
S06557,CU1513,C0423,28-12-2024,2,66787,Installment,William Palmer,,Repeating Customer
S06558,CU1815,C0056,26-01-2024,2,54393,Credit,Suzanne Goodwin,,Repeating Customer
S06559,CU1841,C0319,08-06-2023,3,79798,Installment,Juan Scott,,Loyal Customer
S06560,CU0989,C0389,19-02-2025,1,39519,Installment,Melvin Jones,,New Customer
S06561,CU0085,C0210,25-02-2024,1,84336,Cash,Amanda Johnson,,New Customer
S06562,CU0570,C0080,21-07-2024,1,66134,Credit,Kevin Morris,,New Customer
S06563,CU1981,C0048,11-12-2022,1,81219,Credit,Dr. Whitney Alexander,,New Customer
S06564,CU1833,C0499,25-05-2023,3,19835,Credit,Steve Lewis,,Loyal Customer
S06565,CU1230,C0050,05-05-2024,1,57640,Installment,Ricky Williams,,New Customer
S06566,CU1819,C0460,08-11-2024,1,98076,Credit,Allen Alexander MD,,New Customer
S06567,CU1501,C0392,08-12-2022,1,17120,Credit,Robert Mendez,,New Customer
S06568,CU1112,C0167,14-01-2025,3,80251,Cash,Thomas Mitchell,,Loyal Customer
S06569,CU0804,C0407,29-06-2025,3,49801,Cash,Justin Mack,,Loyal Customer
S06570,CU1050,C0307,09-07-2025,1,87441,Cash,Christopher Randall,,New Customer
S06571,CU1195,C0461,08-04-2025,1,49376,Installment,Susan Brown,,New Customer
S06572,CU0120,C0107,12-10-2025,3,21871,Credit,Anthony Walsh MD,,Loyal Customer
S06573,CU1837,C0403,13-07-2024,1,69718,Installment,Vincent Terry,,New Customer
S06574,CU1374,C0356,16-04-2023,3,92988,Cash,Mr. John Barrett Jr.,,Loyal Customer
S06575,CU1098,C0357,04-06-2024,3,80721,Cash,Alexis Montoya DDS,,Loyal Customer
S06576,CU0140,C0183,19-09-2023,3,53511,Credit,Julie Garner,,Loyal Customer
S06577,CU1399,C0267,09-09-2023,1,45789,Installment,Heather Jones,,New Customer
S06578,CU0923,C0018,21-09-2024,2,17237,Installment,Allen Lopez,,Repeating Customer
S06579,CU1906,C0113,28-08-2024,2,85223,Credit,Brandon Kelly,,Repeating Customer
S06580,CU0159,C0476,15-02-2025,1,48893,Installment,Kendra Wallace,,New Customer
S06581,CU1795,C0427,24-09-2024,3,87092,Cash,Rebecca Gomez,,Loyal Customer
S06582,CU0237,C0054,01-06-2025,1,48492,Installment,Xavier Frank,,New Customer
S06583,CU1528,C0459,03-02-2023,2,86668,Credit,Robert Higgins,,Repeating Customer
S06584,CU1562,C0191,29-05-2023,1,80358,Cash,Madison Mendez,,New Customer
S06585,CU1464,C0375,27-03-2023,3,58588,Cash,Eric Jones,,Loyal Customer
S06586,CU1416,C0024,17-12-2022,1,49876,Credit,Joseph Blair,,New Customer
S06587,CU1445,C0454,03-11-2022,3,45463,Installment,Andrew Perkins,,Loyal Customer
S06588,CU0235,C0086,19-09-2024,2,24331,Cash,Annette Jefferson,,Repeating Customer
S06589,CU1071,C0027,09-01-2024,3,94557,Installment,Jasmine Hall,,Loyal Customer
S06590,CU0543,C0153,14-12-2023,3,44176,Cash,Michelle Cooper,,Loyal Customer
S06591,CU0213,C0178,10-06-2024,2,65491,Installment,Melissa Maldonado,,Repeating Customer
S06592,CU0394,C0265,27-01-2025,3,17111,Credit,Amy Hopkins,,Loyal Customer
S06593,CU0919,C0355,10-04-2025,3,61231,Installment,James Walker,,Loyal Customer
S06594,CU1311,C0086,03-04-2025,3,74397,Cash,Christopher Smith,,Loyal Customer
S06595,CU1804,C0135,01-01-2025,3,91664,Installment,Angel Powell,,Loyal Customer
S06596,CU0857,C0253,05-04-2024,3,80858,Credit,Kenneth Porter PhD,,Loyal Customer
S06597,CU0323,C0283,09-02-2025,3,99243,Installment,Christopher Mann,,Loyal Customer
S06598,CU0646,C0457,13-10-2024,1,73645,Cash,Theresa Dominguez,,New Customer
S06599,CU1157,C0179,14-04-2024,2,19896,Credit,Amy Lopez,,Repeating Customer
S06600,CU0550,C0369,22-03-2023,3,42503,Cash,Betty Lopez,,Loyal Customer
S06601,CU0475,C0307,08-05-2025,2,72989,Cash,April Newman,,Repeating Customer
S06602,CU0663,C0061,08-06-2023,1,48833,Credit,Samantha Wilson,,New Customer
S06603,CU1477,C0059,29-07-2025,1,89007,Credit,Brianna Kelley,,New Customer
S06604,CU1358,C0128,24-12-2023,3,33047,Installment,Jill Figueroa,,Loyal Customer
S06605,CU1823,C0383,01-10-2024,2,54292,Installment,John Rivers,,Repeating Customer
S06606,CU1275,C0297,24-03-2025,1,75233,Installment,Donna Boyd,,New Customer
S06607,CU1545,C0118,20-09-2023,2,84739,Cash,Kendra Ingram,,Repeating Customer
S06608,CU0769,C0418,09-02-2023,3,76348,Cash,Brian Jones,,Loyal Customer
S06609,CU1631,C0462,20-05-2024,2,54890,Cash,Sally Matthews,,Repeating Customer
S06610,CU1351,C0274,23-10-2024,3,39597,Installment,Katie Gibbs,,Loyal Customer
S06611,CU1300,C0324,26-09-2024,3,29900,Cash,Alan Martin,,Loyal Customer
S06612,CU1628,C0018,23-06-2025,3,70073,Credit,Thomas Collins,,Loyal Customer
S06613,CU1124,C0244,04-01-2025,1,40560,Installment,Emily Mccarty,,New Customer
S06614,CU0170,C0130,05-03-2024,3,26825,Cash,Mary Ross DDS,,Loyal Customer
S06615,CU1050,C0259,10-11-2022,3,89335,Credit,Elizabeth Ballard,,Loyal Customer
S06616,CU1307,C0014,09-05-2024,1,66029,Cash,Jenny Warner,,New Customer
S06617,CU1170,C0042,02-12-2022,2,76443,Cash,Shannon Holland,,Repeating Customer
S06618,CU1074,C0170,14-02-2024,2,78605,Credit,Leslie Benjamin,,Repeating Customer
S06619,CU0376,C0356,22-11-2022,3,18831,Cash,Jeffrey Gordon,,Loyal Customer
S06620,CU0137,C0085,26-10-2025,3,91806,Credit,James Lawrence,,Loyal Customer
S06621,CU1436,C0463,14-08-2025,3,54650,Cash,Kevin Faulkner,,Loyal Customer
S06622,CU1335,C0356,06-09-2023,1,41023,Installment,William White,,New Customer
S06623,CU0127,C0080,29-08-2023,1,79695,Installment,Dennis Garcia,,New Customer
S06624,CU1557,C0452,08-12-2022,3,70573,Credit,Paul Perez,,Loyal Customer
S06625,CU0465,C0198,14-02-2025,1,63464,Cash,Mrs. Crystal Wilson,,New Customer
S06626,CU0466,C0181,01-12-2023,2,56499,Credit,Angela Fitzgerald,,Repeating Customer
S06627,CU1389,C0413,11-11-2022,2,57478,Cash,Amanda Jenkins,,Repeating Customer
S06628,CU1980,C0243,17-04-2024,3,78977,Installment,Shelby Romero,,Loyal Customer
S06629,CU0325,C0220,01-04-2025,3,87399,Cash,Michelle Graham,,Loyal Customer
S06630,CU1178,C0086,22-09-2023,2,60754,Credit,Melissa Martinez,,Repeating Customer
S06631,CU1295,C0293,03-10-2025,2,87782,Credit,Christina Conner,,Repeating Customer
S06632,CU0597,C0319,12-02-2025,1,38110,Cash,Jennifer Li,,New Customer
S06633,CU1503,C0132,18-02-2025,2,21921,Cash,Melinda Lee,,Repeating Customer
S06634,CU0435,C0307,13-10-2025,1,23135,Installment,Bryan Blanchard,,New Customer
S06635,CU0218,C0030,07-03-2023,3,84372,Cash,Elizabeth Garner,,Loyal Customer
S06636,CU0257,C0167,21-07-2024,2,25615,Installment,Brandon Wright,,Repeating Customer
S06637,CU1792,C0117,18-10-2024,3,86073,Installment,Curtis Howard,,Loyal Customer
S06638,CU1543,C0257,09-03-2025,3,96200,Credit,Brandon Gonzales,,Loyal Customer
S06639,CU0689,C0212,21-11-2024,1,76094,Cash,Brenda Pitts,,New Customer
S06640,CU1701,C0129,19-03-2024,3,80018,Cash,Angela Davis,,Loyal Customer
S06641,CU0609,C0300,03-09-2023,3,90104,Cash,Michele Good,,Loyal Customer
S06642,CU1059,C0008,21-09-2024,1,83518,Cash,Samantha Galloway,,New Customer
S06643,CU1162,C0286,11-02-2024,2,22521,Credit,Kristy Garcia,,Repeating Customer
S06644,CU0704,C0429,23-07-2025,1,82390,Credit,Richard Ellis,,New Customer
S06645,CU0998,C0485,05-10-2025,2,71347,Credit,Benjamin Rogers DDS,,Repeating Customer
S06646,CU1157,C0263,03-03-2025,2,37204,Installment,Eileen Gonzalez,,Repeating Customer
S06647,CU1066,C0003,24-07-2023,1,58209,Installment,Anthony Brown,,New Customer
S06648,CU1210,C0151,06-12-2022,1,57945,Installment,Manuel Solis,,New Customer
S06649,CU0801,C0249,10-04-2024,3,43165,Cash,Thomas Santos,,Loyal Customer
S06650,CU1584,C0007,21-07-2023,1,78424,Installment,Danny Romero,,New Customer
S06651,CU1236,C0421,31-07-2025,3,89413,Cash,Laura Gregory,,Loyal Customer
S06652,CU0150,C0081,29-12-2022,3,41608,Credit,Diana Harrison,,Loyal Customer
S06653,CU1125,C0251,28-01-2025,1,32491,Credit,Kelsey Allen,,New Customer
S06654,CU1763,C0178,26-03-2023,3,66752,Credit,Marissa Schmitt,,Loyal Customer
S06655,CU1178,C0186,23-09-2025,2,91399,Credit,Louis Patrick,,Repeating Customer
S06656,CU1705,C0372,03-06-2024,3,44339,Installment,Sharon Park,,Loyal Customer
S06657,CU0536,C0207,29-01-2024,3,55605,Installment,Edwin Campbell,,Loyal Customer
S06658,CU0093,C0366,03-08-2023,2,91338,Installment,Lisa Delgado,,Repeating Customer
S06659,CU0455,C0182,29-06-2023,2,97147,Installment,James Murphy,,Repeating Customer
S06660,CU0752,C0259,10-12-2024,2,28335,Installment,Matthew Hernandez,,Repeating Customer
S06661,CU1271,C0342,07-12-2024,3,53994,Installment,Pamela Wilkerson,,Loyal Customer
S06662,CU0574,C0166,08-03-2024,3,98417,Cash,Douglas Todd,,Loyal Customer
S06663,CU1780,C0287,22-04-2023,3,90925,Cash,Lauren Ellis,,Loyal Customer
S06664,CU1851,C0252,08-04-2023,1,46441,Cash,Jared Larsen,,New Customer
S06665,CU0628,C0188,18-02-2023,3,59298,Credit,Alicia Burns,,Loyal Customer
S06666,CU0357,C0020,27-07-2023,2,47815,Cash,Aaron Mcguire,,Repeating Customer
S06667,CU1482,C0326,16-11-2024,1,55783,Cash,Katelyn Carrillo,,New Customer
S06668,CU0166,C0064,28-06-2025,3,67667,Installment,Laura Flores,,Loyal Customer
S06669,CU0509,C0030,09-05-2023,2,55887,Installment,Samantha Clark,,Repeating Customer
S06670,CU1389,C0174,27-06-2025,3,52754,Credit,Kevin Wheeler,,Loyal Customer
S06671,CU0849,C0009,11-05-2024,1,63899,Credit,Matthew Ray,,New Customer
S06672,CU1966,C0170,19-09-2025,1,41019,Installment,Sean Jackson,,New Customer
S06673,CU1226,C0096,28-06-2024,1,28569,Installment,Lisa Lara,,New Customer
S06674,CU1640,C0359,14-10-2023,3,56252,Installment,William Hill,,Loyal Customer
S06675,CU1895,C0103,30-09-2023,2,83858,Installment,Jacqueline Smith,,Repeating Customer
S06676,CU1793,C0354,06-09-2024,3,46493,Installment,Sarah Leon,,Loyal Customer
S06677,CU1783,C0449,02-09-2024,1,18153,Cash,Jody Patterson,,New Customer
S06678,CU1506,C0446,23-07-2024,1,57107,Credit,Dominique Potter,,New Customer
S06679,CU0006,C0144,23-08-2025,2,97757,Credit,Kevin West,,Repeating Customer
S06680,CU1792,C0177,19-11-2024,3,85698,Credit,Jo Wilson,,Loyal Customer
S06681,CU0342,C0335,17-07-2025,3,44085,Cash,Stephen George,,Loyal Customer
S06682,CU0662,C0183,20-03-2023,2,45864,Installment,Robin Bell,,Repeating Customer
S06683,CU1889,C0344,30-09-2025,2,78494,Cash,Richard Wells,,Repeating Customer
S06684,CU0708,C0471,14-04-2024,1,47610,Installment,Jeremy Munoz,,New Customer
S06685,CU0763,C0166,27-12-2024,1,66986,Cash,Scott Cline,,New Customer
S06686,CU0178,C0271,12-02-2025,1,69583,Credit,Anne Perry,,New Customer
S06687,CU1461,C0087,27-10-2024,3,19126,Cash,Denise Williams,,Loyal Customer
S06688,CU1134,C0405,16-01-2023,1,36222,Credit,Briana Davis,,New Customer
S06689,CU1308,C0401,20-07-2023,2,57868,Credit,Lisa Walker,,Repeating Customer
S06690,CU0985,C0296,04-11-2023,2,34716,Installment,Dr. Wesley Santos,,Repeating Customer
S06691,CU1095,C0117,28-10-2025,2,37448,Installment,Craig Watkins,,Repeating Customer
S06692,CU0420,C0426,13-11-2022,1,65853,Credit,Nicholas Moreno DVM,,New Customer
S06693,CU0543,C0444,09-12-2024,3,39185,Credit,Christopher Smith,,Loyal Customer
S06694,CU1264,C0212,12-01-2024,1,46230,Credit,Leslie Green,,New Customer
S06695,CU1327,C0294,12-12-2022,1,62257,Cash,Eric West,,New Customer
S06696,CU1968,C0019,10-10-2023,1,75559,Credit,Brenda Petersen,,New Customer
S06697,CU1405,C0314,16-04-2025,1,91388,Credit,Craig Wilson,,New Customer
S06698,CU0888,C0361,01-04-2024,2,30136,Credit,Deanna Norton,,Repeating Customer
S06699,CU0436,C0396,01-12-2024,1,45667,Installment,Rachel Greene,,New Customer
S06700,CU0533,C0326,11-10-2023,2,80489,Installment,John Brooks,,Repeating Customer
S06701,CU1397,C0485,07-11-2023,3,55157,Cash,Austin Williams,,Loyal Customer
S06702,CU0777,C0212,21-09-2023,2,69791,Installment,Jeanette Cain,,Repeating Customer
S06703,CU1724,C0079,31-10-2024,1,16787,Installment,Stephen Bailey,,New Customer
S06704,CU1656,C0054,05-12-2024,1,44402,Installment,Cynthia Miller,,New Customer
S06705,CU0008,C0321,13-05-2024,2,63907,Cash,Jeremiah Harris,,Repeating Customer
S06706,CU1867,C0059,30-03-2025,2,62379,Cash,Garrett Lee,,Repeating Customer
S06707,CU0989,C0427,30-05-2025,1,91680,Cash,George Hernandez,,New Customer
S06708,CU0500,C0065,30-10-2023,2,66761,Cash,Jennifer Cochran,,Repeating Customer
S06709,CU0025,C0218,09-08-2023,2,78501,Cash,Pamela Velasquez,,Repeating Customer
S06710,CU0712,C0321,27-03-2025,2,55735,Installment,Mrs. Veronica Holder,,Repeating Customer
S06711,CU1559,C0301,23-08-2023,3,21548,Cash,Jason Rowe,,Loyal Customer
S06712,CU0890,C0030,12-05-2024,2,37829,Cash,Diana Wilson,,Repeating Customer
S06713,CU1569,C0350,27-01-2025,1,53211,Installment,Shelly Love,,New Customer
S06714,CU0841,C0079,14-11-2022,2,84061,Cash,David Brown,,Repeating Customer
S06715,CU1536,C0483,23-06-2025,1,55687,Credit,Blake Solomon,,New Customer
S06716,CU1128,C0470,27-02-2024,1,64309,Credit,Noah Jones,,New Customer
S06717,CU0347,C0296,17-05-2024,3,55570,Installment,Emily Daniels,,Loyal Customer
S06718,CU0712,C0053,18-05-2023,3,62460,Cash,Thomas Wood,,Loyal Customer
S06719,CU1681,C0488,25-09-2025,1,49472,Cash,Tammy Bright,,New Customer
S06720,CU1415,C0348,04-09-2025,1,77052,Installment,Catherine Velez,,New Customer
S06721,CU1625,C0463,25-04-2023,1,85667,Credit,Aaron Mcgee,,New Customer
S06722,CU1310,C0024,25-03-2023,2,98933,Credit,Hayley Walker,,Repeating Customer
S06723,CU1036,C0334,30-09-2024,3,29691,Cash,Jason Johnson,,Loyal Customer
S06724,CU0226,C0374,07-07-2023,3,89386,Credit,Monica Matthews,,Loyal Customer
S06725,CU0548,C0084,16-01-2024,2,46831,Cash,Autumn Carrillo,,Repeating Customer
S06726,CU1528,C0272,22-09-2024,3,25642,Credit,Michael Gray,,Loyal Customer
S06727,CU0803,C0315,09-10-2024,3,48416,Installment,Steven Williams,,Loyal Customer
S06728,CU0877,C0039,05-10-2025,1,46034,Credit,Samantha Espinoza,,New Customer
S06729,CU1075,C0141,11-06-2025,3,72895,Cash,Kristen Mcpherson,,Loyal Customer
S06730,CU1900,C0497,19-12-2024,2,33532,Cash,Jennifer Brown,,Repeating Customer
S06731,CU0893,C0294,28-08-2024,2,60285,Cash,Casey Eaton,,Repeating Customer
S06732,CU0539,C0163,29-11-2022,1,81071,Credit,Alexis Williams,,New Customer
S06733,CU1217,C0090,17-09-2024,1,70045,Cash,Bridget Nguyen,,New Customer
S06734,CU1366,C0285,22-03-2023,2,86060,Cash,Johnny Cowan,,Repeating Customer
S06735,CU1377,C0179,10-02-2023,3,98750,Installment,Sharon Wilson,,Loyal Customer
S06736,CU1852,C0045,16-03-2024,2,51655,Cash,Jordan Vargas,,Repeating Customer
S06737,CU0067,C0138,31-08-2024,2,26540,Credit,Robert Padilla,,Repeating Customer
S06738,CU1046,C0076,25-02-2025,2,44540,Cash,Alexander Cherry,,Repeating Customer
S06739,CU0060,C0411,30-07-2023,3,63350,Installment,Wayne Rush,,Loyal Customer
S06740,CU1214,C0467,23-07-2023,1,19126,Installment,Rachel Smith,,New Customer
S06741,CU0207,C0007,06-02-2024,3,80526,Credit,Sarah Nielsen,,Loyal Customer
S06742,CU0355,C0342,28-03-2023,2,67099,Installment,Jonathan Fleming,,Repeating Customer
S06743,CU0328,C0314,20-02-2025,1,31752,Credit,Jason Gonzalez,,New Customer
S06744,CU1828,C0279,29-11-2023,3,96796,Cash,Antonio Taylor,,Loyal Customer
S06745,CU0400,C0148,16-10-2024,2,55728,Cash,Lisa Hill,,Repeating Customer
S06746,CU1687,C0081,24-08-2024,2,33956,Installment,John Parker,,Repeating Customer
S06747,CU0690,C0053,04-07-2023,3,18185,Installment,Denise Long,,Loyal Customer
S06748,CU1433,C0239,10-05-2024,3,31520,Credit,Amy Russo,,Loyal Customer
S06749,CU0427,C0397,21-01-2023,3,20448,Credit,Cheyenne Vega,,Loyal Customer
S06750,CU1558,C0106,01-12-2024,2,37162,Credit,Sarah Roy,,Repeating Customer
S06751,CU1994,C0341,01-01-2025,3,71658,Credit,Sharon Crawford,,Loyal Customer
S06752,CU1178,C0011,25-07-2025,3,52649,Credit,John Miller,,Loyal Customer
S06753,CU0603,C0265,22-08-2024,3,87888,Credit,Tyler Alexander,,Loyal Customer
S06754,CU0079,C0293,06-11-2024,1,26921,Installment,Kevin Fox,,New Customer
S06755,CU0488,C0374,23-11-2023,3,26394,Credit,Sara Evans,,Loyal Customer
S06756,CU1817,C0500,26-08-2025,1,50856,Cash,Brittney Ramirez,,New Customer
S06757,CU1267,C0116,03-02-2024,2,55855,Installment,Thomas Lane,,Repeating Customer
S06758,CU0007,C0186,27-12-2022,1,22223,Cash,Lisa Davis,,New Customer
S06759,CU1590,C0363,14-02-2025,1,54156,Cash,Betty Morgan,,New Customer
S06760,CU0174,C0336,16-09-2024,3,97202,Credit,Jasmine Garcia,,Loyal Customer
S06761,CU1084,C0494,05-12-2024,2,31597,Credit,Linda Tucker MD,,Repeating Customer
S06762,CU1066,C0190,26-04-2024,1,58746,Credit,Elizabeth Stevenson,,New Customer
S06763,CU1454,C0197,12-10-2024,1,31323,Installment,Melissa Thompson,,New Customer
S06764,CU0267,C0475,08-09-2025,2,36016,Credit,Mark Edwards,,Repeating Customer
S06765,CU0930,C0229,06-02-2025,2,46388,Cash,Garrett Munoz,,Repeating Customer
S06766,CU0431,C0146,09-03-2024,1,70124,Cash,James King,,New Customer
S06767,CU0524,C0463,01-03-2024,2,80906,Installment,Mary Smith,,Repeating Customer
S06768,CU1879,C0375,15-07-2024,1,41266,Credit,Jessica Thompson,,New Customer
S06769,CU0594,C0165,07-04-2023,3,87698,Credit,Troy Peck,,Loyal Customer
S06770,CU1614,C0182,12-01-2024,1,56842,Cash,Jeffrey Jackson,,New Customer
S06771,CU1996,C0498,27-11-2023,3,35605,Installment,Brenda Walker,,Loyal Customer
S06772,CU0115,C0324,04-01-2024,3,70250,Cash,Amanda King,,Loyal Customer
S06773,CU0589,C0402,08-06-2024,1,59434,Installment,Natasha Rivera,,New Customer
S06774,CU0579,C0062,26-02-2024,2,72163,Installment,Lauren Nguyen,,Repeating Customer
S06775,CU1568,C0355,27-05-2024,3,47729,Cash,Michael Martinez,,Loyal Customer
S06776,CU0481,C0391,04-04-2025,1,83662,Installment,Wendy Hicks,,New Customer
S06777,CU1103,C0176,23-06-2025,1,93530,Credit,Charles Madden,,New Customer
S06778,CU1768,C0383,14-09-2023,1,31532,Credit,Bernard Bautista,,New Customer
S06779,CU0581,C0232,03-03-2023,3,59333,Installment,Juan Davis,,Loyal Customer
S06780,CU1544,C0255,21-03-2024,2,61530,Credit,Derek Lee,,Repeating Customer
S06781,CU1802,C0244,06-02-2023,2,64047,Cash,Tiffany Stewart,,Repeating Customer
S06782,CU0401,C0161,26-01-2023,3,84735,Installment,Anthony Miller,,Loyal Customer
S06783,CU1920,C0051,30-11-2022,1,44916,Installment,Justin Oliver,,New Customer
S06784,CU1225,C0238,21-03-2024,1,95312,Credit,Jeffrey Hughes,,New Customer
S06785,CU0478,C0387,14-12-2024,2,42735,Installment,Lindsey Huynh DVM,,Repeating Customer
S06786,CU1004,C0429,27-06-2024,3,90168,Credit,Emily Brooks,,Loyal Customer
S06787,CU1548,C0045,02-03-2025,3,74039,Cash,Jaime Kemp,,Loyal Customer
S06788,CU1225,C0143,23-02-2025,1,16919,Cash,Amber Richardson,,New Customer
S06789,CU1715,C0195,16-09-2025,2,23933,Cash,Patrick Martinez,,Repeating Customer
S06790,CU1596,C0135,24-08-2023,1,19383,Installment,Kelly Cooper,,New Customer
S06791,CU0507,C0011,11-03-2023,3,46933,Credit,Heather Sherman,,Loyal Customer
S06792,CU0862,C0202,07-02-2024,3,16379,Installment,Mary Nguyen,,Loyal Customer
S06793,CU0152,C0383,23-04-2025,3,42295,Cash,Melanie Curtis,,Loyal Customer
S06794,CU0483,C0438,03-06-2023,3,66618,Cash,David Terry,,Loyal Customer
S06795,CU1224,C0330,23-07-2023,1,32012,Cash,Bobby Williams,,New Customer
S06796,CU1501,C0471,16-12-2022,1,73733,Installment,Trevor Kelley,,New Customer
S06797,CU0327,C0473,24-04-2024,1,50322,Installment,Cynthia Gonzalez,,New Customer
S06798,CU0958,C0469,11-05-2024,3,44096,Cash,Carmen Wallace,,Loyal Customer
S06799,CU1167,C0056,11-10-2025,2,88020,Installment,Christopher Rubio,,Repeating Customer
S06800,CU1150,C0361,16-01-2024,3,79064,Credit,Cristina Morgan,,Loyal Customer
S06801,CU0097,C0393,06-08-2024,2,19926,Cash,Timothy Goodwin,,Repeating Customer
S06802,CU0437,C0435,29-03-2023,1,90724,Installment,Rachel Michael,,New Customer
S06803,CU1517,C0062,12-11-2024,3,27509,Installment,Christopher Adams,,Loyal Customer
S06804,CU1119,C0158,09-11-2023,2,72741,Cash,Candice Brown,,Repeating Customer
S06805,CU1934,C0413,28-03-2025,1,80369,Credit,Eugene Hernandez,,New Customer
S06806,CU1067,C0028,20-10-2024,1,59641,Cash,Emily Perry,,New Customer
S06807,CU1429,C0002,04-01-2023,2,45110,Cash,Robert Pierce,,Repeating Customer
S06808,CU1165,C0057,01-02-2023,3,89629,Cash,Scott Frank,,Loyal Customer
S06809,CU0579,C0002,30-06-2024,3,99162,Credit,Melissa Freeman,,Loyal Customer
S06810,CU0488,C0029,26-12-2023,3,30436,Installment,Cole Henderson,,Loyal Customer
S06811,CU0098,C0252,24-08-2024,2,90860,Cash,James Riggs,,Repeating Customer
S06812,CU1268,C0200,18-08-2023,3,51277,Installment,Brian Parker,,Loyal Customer
S06813,CU0572,C0466,18-11-2023,1,15283,Cash,Betty Schaefer,,New Customer
S06814,CU1849,C0498,30-12-2023,3,62086,Installment,Stephanie Kerr,,Loyal Customer
S06815,CU1179,C0488,19-06-2025,1,73543,Installment,Larry Atkinson,,New Customer
S06816,CU0526,C0007,27-10-2024,3,78535,Installment,Joshua Weaver,,Loyal Customer
S06817,CU0014,C0336,31-10-2022,1,20651,Cash,Sharon Hoover,,New Customer
S06818,CU0878,C0162,28-11-2024,2,98476,Cash,John Moore,,Repeating Customer
S06819,CU0860,C0397,06-05-2024,2,73113,Installment,Brooke Ortega,,Repeating Customer
S06820,CU1963,C0402,10-03-2024,1,86117,Installment,Robert Mcfarland,,New Customer
S06821,CU0728,C0266,10-09-2025,2,76437,Installment,Billy Navarro,,Repeating Customer
S06822,CU1926,C0452,12-11-2024,2,58882,Installment,Mark Ruiz,,Repeating Customer
S06823,CU1009,C0017,09-12-2022,3,91349,Cash,Stephanie Sandoval,,Loyal Customer
S06824,CU0433,C0464,06-02-2023,1,97340,Installment,Jonathan Duffy,,New Customer
S06825,CU1066,C0279,05-09-2025,1,15418,Credit,Michael Price,,New Customer
S06826,CU0192,C0290,16-04-2023,1,98798,Installment,Lorraine Burns,,New Customer
S06827,CU1342,C0339,29-10-2024,1,59330,Cash,Maria Cruz,,New Customer
S06828,CU1397,C0113,24-05-2025,3,35508,Credit,Danielle Lewis,,Loyal Customer
S06829,CU0709,C0045,24-10-2025,1,53284,Cash,Emily Patterson,,New Customer
S06830,CU1707,C0189,31-07-2025,3,29168,Installment,Stephanie Parker,,Loyal Customer
S06831,CU0223,C0454,09-04-2023,2,99942,Credit,William Burns,,Repeating Customer
S06832,CU0601,C0005,02-05-2025,1,74397,Credit,Brittany Gutierrez,,New Customer
S06833,CU1590,C0057,20-11-2024,1,73192,Cash,Stephanie Huff,,New Customer
S06834,CU1387,C0370,24-04-2023,3,23877,Installment,Michael Johnson,,Loyal Customer
S06835,CU0499,C0368,25-11-2024,2,62629,Cash,Justin Marshall,,Repeating Customer
S06836,CU0013,C0167,21-03-2025,3,49696,Cash,Daniel Mendoza,,Loyal Customer
S06837,CU1662,C0332,03-08-2024,3,66989,Installment,Lisa Phillips,,Loyal Customer
S06838,CU0671,C0309,29-10-2024,3,20345,Credit,Christine Holmes,,Loyal Customer
S06839,CU1088,C0166,08-09-2023,2,41651,Cash,Robert Reeves,,Repeating Customer
S06840,CU0389,C0137,29-06-2024,1,56212,Credit,Joshua Owens,,New Customer
S06841,CU1775,C0353,02-08-2025,2,41991,Installment,Penny Melendez DVM,,Repeating Customer
S06842,CU0810,C0402,28-07-2024,2,91973,Cash,Amy Hicks,,Repeating Customer
S06843,CU0524,C0257,07-09-2024,3,34392,Credit,Michelle Grimes,,Loyal Customer
S06844,CU1148,C0056,18-09-2023,1,73717,Cash,Denise Johnson,,New Customer
S06845,CU0913,C0207,24-09-2023,3,60827,Cash,Kathy Leonard,,Loyal Customer
S06846,CU0086,C0328,29-05-2025,3,29083,Installment,Michael Lee,,Loyal Customer
S06847,CU0306,C0167,29-06-2025,1,67648,Credit,Edward Johnson,,New Customer
S06848,CU0909,C0111,07-08-2023,3,47377,Cash,Catherine Mccoy,,Loyal Customer
S06849,CU1868,C0433,28-09-2024,1,36013,Installment,Todd Cobb,,New Customer
S06850,CU0549,C0122,18-09-2025,1,25272,Cash,Ethan Moore,,New Customer
S06851,CU0608,C0221,31-01-2024,2,67924,Credit,Shane Pitts,,Repeating Customer
S06852,CU0566,C0047,17-06-2024,3,67544,Credit,Sherry Young,,Loyal Customer
S06853,CU1892,C0080,12-04-2025,1,32571,Credit,Breanna Jackson,,New Customer
S06854,CU1921,C0014,15-03-2024,1,23967,Cash,Shawn Mitchell,,New Customer
S06855,CU1477,C0413,13-04-2025,3,31702,Cash,Amy Hurst,,Loyal Customer
S06856,CU1681,C0143,30-10-2024,2,93218,Credit,Carolyn Jones,,Repeating Customer
S06857,CU1977,C0354,19-02-2024,1,67989,Cash,Rachel Brown,,New Customer
S06858,CU1555,C0485,05-05-2025,3,85063,Installment,Steve Kelly,,Loyal Customer
S06859,CU1316,C0430,04-02-2025,2,83519,Installment,Sean Nelson,,Repeating Customer
S06860,CU1846,C0404,29-05-2024,1,28974,Installment,Richard Gonzales,,New Customer
S06861,CU0506,C0088,17-10-2024,1,91916,Installment,Roger Wilson,,New Customer
S06862,CU1805,C0181,06-07-2023,1,29711,Cash,Jerry Hudson,,New Customer
S06863,CU0984,C0443,13-12-2023,3,62234,Installment,Christopher Caldwell,,Loyal Customer
S06864,CU1890,C0311,30-05-2024,3,29694,Installment,Rodney Wolfe,,Loyal Customer
S06865,CU1649,C0339,03-06-2023,3,50909,Installment,Jessica Nunez,,Loyal Customer
S06866,CU0981,C0155,09-05-2025,1,35695,Installment,Brandy Joseph,,New Customer
S06867,CU1612,C0267,14-03-2023,3,25521,Installment,Cynthia Horne,,Loyal Customer
S06868,CU0654,C0062,12-09-2024,3,16393,Cash,Shannon Lopez,,Loyal Customer
S06869,CU0766,C0240,26-01-2023,2,70960,Credit,Jeffrey Smith,,Repeating Customer
S06870,CU0032,C0148,21-06-2023,1,18158,Installment,Adriana Watson,,New Customer
S06871,CU1553,C0327,17-11-2023,3,78100,Credit,Mike Smith,,Loyal Customer
S06872,CU0203,C0260,27-04-2023,3,34145,Cash,Mrs. Lindsey Johnson,,Loyal Customer
S06873,CU0937,C0317,05-06-2025,1,59422,Installment,Brandon Sanders,,New Customer
S06874,CU1339,C0408,26-05-2023,2,79534,Credit,Zachary Thornton MD,,Repeating Customer
S06875,CU0710,C0472,08-11-2023,2,20163,Credit,Jerry Garcia,,Repeating Customer
S06876,CU0329,C0154,30-10-2025,3,83022,Cash,Tiffany Martin,,Loyal Customer
S06877,CU1806,C0179,14-12-2022,2,50229,Installment,Lisa Anderson,,Repeating Customer
S06878,CU0678,C0450,13-01-2023,2,33985,Cash,Dr. Jessica Cole,,Repeating Customer
S06879,CU1709,C0499,06-02-2023,3,92227,Credit,Marie Davis,,Loyal Customer
S06880,CU1111,C0354,20-03-2025,2,96693,Cash,Carlos Le,,Repeating Customer
S06881,CU0263,C0143,14-03-2023,2,20831,Installment,Benjamin Rivera,,Repeating Customer
S06882,CU1734,C0268,05-04-2023,1,22741,Cash,Judy Phillips,,New Customer
S06883,CU0731,C0491,11-11-2024,2,54490,Credit,Sean King,,Repeating Customer
S06884,CU0431,C0460,16-07-2024,3,61198,Credit,Alyssa Melendez,,Loyal Customer
S06885,CU1465,C0221,29-11-2022,2,92683,Cash,Emily Hudson,,Repeating Customer
S06886,CU0870,C0459,12-06-2024,3,69617,Credit,Kimberly Rivera,,Loyal Customer
S06887,CU1805,C0311,26-06-2024,3,59158,Cash,Brian Bell,,Loyal Customer
S06888,CU0514,C0172,28-03-2023,2,15134,Installment,John Sanchez,,Repeating Customer
S06889,CU0226,C0496,29-08-2025,2,47347,Credit,John Jenkins,,Repeating Customer
S06890,CU0895,C0292,08-07-2023,1,26376,Installment,William Patrick,,New Customer
S06891,CU0167,C0206,09-04-2023,1,74257,Installment,Miss Joy Erickson,,New Customer
S06892,CU0462,C0111,21-01-2025,3,28168,Credit,Betty Anderson,,Loyal Customer
S06893,CU0398,C0200,22-01-2025,2,33323,Cash,Rebecca Brown,,Repeating Customer
S06894,CU1974,C0373,30-07-2025,3,99624,Credit,Barbara Kirby,,Loyal Customer
S06895,CU0070,C0459,09-06-2024,1,66867,Cash,Dawn Bell,,New Customer
S06896,CU1483,C0200,12-08-2025,2,28306,Cash,Jack Jones,,Repeating Customer
S06897,CU1808,C0015,11-01-2024,2,18262,Credit,Christine Burns,,Repeating Customer
S06898,CU1294,C0072,04-04-2024,1,15041,Installment,Kyle Dodson,,New Customer
S06899,CU1320,C0265,11-11-2023,3,41869,Cash,Michael Allen,,Loyal Customer
S06900,CU0818,C0083,24-12-2024,2,73227,Cash,Amber Morales,,Repeating Customer
S06901,CU1913,C0361,22-06-2025,2,78096,Credit,Patricia Taylor,,Repeating Customer
S06902,CU1727,C0275,16-06-2024,1,60848,Cash,Tanya Anderson,,New Customer
S06903,CU0927,C0345,10-12-2024,1,99391,Installment,Sarah Boyd,,New Customer
S06904,CU1181,C0207,27-09-2024,1,43277,Installment,John White,,New Customer
S06905,CU0014,C0196,19-09-2023,1,66371,Cash,James Ryan,,New Customer
S06906,CU1737,C0015,15-04-2024,3,84451,Installment,Mark Pearson PhD,,Loyal Customer
S06907,CU1927,C0424,12-01-2023,3,43347,Credit,Joseph Cooper,,Loyal Customer
S06908,CU1035,C0241,29-04-2024,3,23268,Cash,Jeremy Gordon,,Loyal Customer
S06909,CU0953,C0201,21-06-2024,2,88591,Cash,Jose Wells,,Repeating Customer
S06910,CU0081,C0248,07-08-2023,2,48817,Credit,Brenda Patterson,,Repeating Customer
S06911,CU1030,C0385,24-08-2024,1,52853,Cash,Michael Castro,,New Customer
S06912,CU0132,C0157,11-05-2024,2,35817,Cash,Miss Kimberly Black,,Repeating Customer
S06913,CU0110,C0253,26-07-2025,3,57906,Cash,Jessica Brown,,Loyal Customer
S06914,CU0836,C0241,23-10-2023,1,94388,Cash,Candace Anderson,,New Customer
S06915,CU0827,C0438,27-07-2025,2,59030,Credit,Steve Fox,,Repeating Customer
S06916,CU0926,C0154,08-07-2023,2,41110,Cash,Brianna Evans,,Repeating Customer
S06917,CU0522,C0359,12-04-2024,3,91405,Credit,Joshua Sherman,,Loyal Customer
S06918,CU1486,C0211,29-06-2023,1,97170,Installment,Katrina Parker,,New Customer
S06919,CU1503,C0426,27-02-2023,1,47419,Cash,David Morris,,New Customer
S06920,CU0529,C0137,17-12-2022,3,86538,Credit,Kayla Collier,,Loyal Customer
S06921,CU1412,C0468,20-12-2024,1,65560,Installment,Michael Durham,,New Customer
S06922,CU0545,C0469,19-04-2024,2,93381,Installment,Joseph Blair,,Repeating Customer
S06923,CU0469,C0087,08-12-2024,2,95290,Credit,Jesse Clark,,Repeating Customer
S06924,CU1880,C0020,25-12-2022,2,58554,Installment,Adam Roberts,,Repeating Customer
S06925,CU1379,C0499,30-08-2024,3,42973,Credit,Timothy Smith,,Loyal Customer
S06926,CU1128,C0232,29-07-2025,2,21764,Cash,April Goodwin,,Repeating Customer
S06927,CU1717,C0217,10-03-2023,2,37531,Installment,Kevin Andrews,,Repeating Customer
S06928,CU1196,C0423,26-11-2024,1,48314,Installment,Ariana Gonzalez,,New Customer
S06929,CU1266,C0477,01-12-2022,3,20773,Installment,Kevin Hobbs,,Loyal Customer
S06930,CU0777,C0416,10-03-2023,3,52083,Credit,Joy Campbell,,Loyal Customer
S06931,CU1411,C0293,10-02-2023,2,28845,Credit,Sandra Howard,,Repeating Customer
S06932,CU1897,C0049,10-09-2024,2,98795,Cash,Daniel Hicks,,Repeating Customer
S06933,CU1564,C0418,11-07-2023,3,59757,Credit,Amber House,,Loyal Customer
S06934,CU0582,C0223,26-07-2023,2,94462,Cash,Martin Oliver,,Repeating Customer
S06935,CU1022,C0023,14-10-2025,3,82819,Installment,Jacqueline Morris,,Loyal Customer
S06936,CU1627,C0299,07-05-2023,3,58874,Installment,Michele Nelson,,Loyal Customer
S06937,CU0710,C0369,21-07-2025,2,74295,Installment,Richard Blackburn,,Repeating Customer
S06938,CU0210,C0314,25-01-2025,2,84781,Installment,Zachary Henderson,,Repeating Customer
S06939,CU0516,C0211,21-12-2022,1,41772,Installment,Daniel Mccormick,,New Customer
S06940,CU0364,C0409,19-01-2025,3,74942,Cash,Tara Morgan,,Loyal Customer
S06941,CU0433,C0434,09-01-2025,2,90497,Credit,Alyssa Graham,,Repeating Customer
S06942,CU1212,C0008,08-04-2024,3,22454,Cash,Antonio Luna,,Loyal Customer
S06943,CU1341,C0237,15-01-2025,2,44858,Installment,Michelle Valencia,,Repeating Customer
S06944,CU0274,C0446,30-04-2025,2,15025,Credit,Laura Massey,,Repeating Customer
S06945,CU0043,C0158,02-10-2024,2,31281,Credit,Sean Valdez,,Repeating Customer
S06946,CU1469,C0355,08-01-2025,1,76695,Installment,Tricia Johnson,,New Customer
S06947,CU1600,C0254,08-05-2024,3,31669,Installment,Robert Rivera,,Loyal Customer
S06948,CU1897,C0227,18-07-2023,1,80752,Cash,Julie Daniels,,New Customer
S06949,CU1932,C0030,01-09-2024,3,24848,Cash,Thomas Alvarez,,Loyal Customer
S06950,CU1507,C0374,22-03-2024,3,44206,Credit,Todd Robbins,,Loyal Customer
S06951,CU0224,C0192,20-04-2023,3,98156,Installment,Carla Burton,,Loyal Customer
S06952,CU0264,C0402,11-12-2023,3,40064,Cash,Taylor Gutierrez,,Loyal Customer
S06953,CU0619,C0031,11-02-2023,3,87151,Credit,Kenneth Cole,,Loyal Customer
S06954,CU0444,C0441,09-01-2024,3,59127,Credit,Ricky Sharp,,Loyal Customer
S06955,CU0660,C0481,22-03-2025,3,26733,Credit,Laura Brown,,Loyal Customer
S06956,CU1429,C0422,25-06-2023,2,20593,Installment,Katherine Smith,,Repeating Customer
S06957,CU0042,C0456,14-07-2023,2,19948,Cash,Derek Hughes,,Repeating Customer
S06958,CU1413,C0069,03-02-2024,1,56078,Installment,Leslie Hodges,,New Customer
S06959,CU1668,C0214,18-01-2025,2,31457,Credit,Douglas Mcneil,,Repeating Customer
S06960,CU1668,C0092,27-10-2024,3,71695,Credit,Jason Gibson,,Loyal Customer
S06961,CU1374,C0444,10-09-2024,2,56408,Credit,Loretta Downs,,Repeating Customer
S06962,CU0259,C0110,30-11-2024,2,54577,Cash,Amanda Barrett,,Repeating Customer
S06963,CU1101,C0020,10-09-2024,1,92522,Credit,Nathan Soto,,New Customer
S06964,CU1325,C0042,15-08-2023,2,44036,Credit,Lynn Hanson,,Repeating Customer
S06965,CU0518,C0097,05-07-2023,1,42155,Cash,William Bowman,,New Customer
S06966,CU0268,C0458,13-10-2025,3,93867,Credit,Brandi Smith,,Loyal Customer
S06967,CU0956,C0273,06-07-2025,2,94183,Installment,Mr. Jeremy Jennings,,Repeating Customer
S06968,CU1693,C0005,12-04-2024,2,57850,Cash,Mrs. Sheila Mason DDS,,Repeating Customer
S06969,CU1077,C0228,30-07-2025,1,29867,Installment,Kenneth Sanchez,,New Customer
S06970,CU0263,C0334,09-11-2023,2,82113,Credit,Michael Kelley,,Repeating Customer
S06971,CU0105,C0060,05-04-2024,1,18347,Credit,Cheyenne Edwards,,New Customer
S06972,CU1980,C0314,09-07-2024,1,86254,Installment,James Neal,,New Customer
S06973,CU0237,C0474,30-03-2024,3,81830,Cash,David Moses,,Loyal Customer
S06974,CU0290,C0401,15-06-2025,2,50149,Installment,Eric Sanchez,,Repeating Customer
S06975,CU0475,C0477,12-07-2023,1,89370,Credit,Jennifer Orozco,,New Customer
S06976,CU1522,C0336,09-12-2022,1,20202,Installment,Erin Barnes,,New Customer
S06977,CU1600,C0196,03-10-2024,3,70791,Cash,Amber Ball,,Loyal Customer
S06978,CU1488,C0480,14-09-2023,2,58693,Credit,Chad Anderson,,Repeating Customer
S06979,CU1149,C0395,23-10-2025,2,64139,Credit,Jeffrey Ramsey,,Repeating Customer
S06980,CU0603,C0371,11-05-2024,3,44273,Cash,Christopher Sullivan,,Loyal Customer
S06981,CU1988,C0050,14-05-2023,2,49844,Credit,Thomas Mcfarland,,Repeating Customer
S06982,CU1067,C0325,18-12-2022,3,80615,Installment,Kristen Sharp,,Loyal Customer
S06983,CU1605,C0289,03-11-2022,3,42579,Installment,Jason Fields,,Loyal Customer
S06984,CU0317,C0465,18-06-2024,1,29496,Installment,Amy Atkinson,,New Customer
S06985,CU1641,C0353,25-03-2024,2,46313,Cash,Amber Franklin,,Repeating Customer
S06986,CU0880,C0405,15-04-2024,1,23289,Credit,Patrick Willis,,New Customer
S06987,CU1421,C0074,24-08-2024,1,16774,Installment,Diana Christensen,,New Customer
S06988,CU1172,C0113,17-10-2025,3,37345,Credit,Ms. Christine Walsh MD,,Loyal Customer
S06989,CU0410,C0330,04-01-2023,3,22333,Credit,Jessica Maxwell,,Loyal Customer
S06990,CU0033,C0009,17-04-2025,2,17141,Credit,Sarah Gutierrez,,Repeating Customer
S06991,CU0444,C0316,23-07-2025,1,92363,Cash,Catherine Perkins,,New Customer
S06992,CU0436,C0489,12-12-2024,1,93018,Cash,Kelly Hayes,,New Customer
S06993,CU1647,C0380,15-03-2025,1,65845,Credit,Timothy Chang,,New Customer
S06994,CU1899,C0484,30-03-2023,1,60678,Credit,Susan Jackson,,New Customer
S06995,CU0804,C0316,13-10-2023,1,81665,Credit,Daisy Potts DVM,,New Customer
S06996,CU1567,C0020,13-07-2024,3,39312,Credit,Lauren White,,Loyal Customer
S06997,CU0203,C0018,20-12-2024,3,83976,Cash,Mr. Colin Bell,,Loyal Customer
S06998,CU1387,C0041,13-06-2025,1,46332,Credit,Michelle Stout,,New Customer
S06999,CU1198,C0072,24-07-2023,1,71373,Cash,Dana Frank,,New Customer
S07000,CU0706,C0268,10-09-2025,3,62992,Installment,Sarah Pittman,,Loyal Customer
S07001,CU0610,C0063,24-03-2025,2,49521,Installment,Jeff Olson,,Repeating Customer
S07002,CU1370,C0398,03-09-2025,2,74326,Installment,Michael Shields,,Repeating Customer
S07003,CU1559,C0005,22-10-2025,2,49207,Credit,Michelle Newman,,Repeating Customer
S07004,CU0852,C0198,19-09-2025,1,80843,Credit,Laura Ortiz,,New Customer
S07005,CU0003,C0053,17-06-2025,3,75568,Cash,Alec Franklin,,Loyal Customer
S07006,CU1701,C0158,07-06-2024,1,57335,Cash,Jennifer Scott,,New Customer
S07007,CU1265,C0496,05-12-2024,1,30488,Installment,Peter Rivera,,New Customer
S07008,CU1718,C0069,30-07-2024,3,30860,Installment,Natalie Gibson,,Loyal Customer
S07009,CU0846,C0230,16-10-2024,1,23879,Credit,Colleen Wheeler,,New Customer
S07010,CU1432,C0275,22-02-2025,2,72139,Installment,Juan Hunter,,Repeating Customer
S07011,CU1258,C0109,09-06-2023,1,60595,Credit,Kelsey Johnson,,New Customer
S07012,CU1513,C0130,24-05-2023,3,19250,Cash,Emily Larsen MD,,Loyal Customer
S07013,CU0468,C0236,03-03-2025,3,34873,Credit,Brent Powers,,Loyal Customer
S07014,CU0524,C0250,11-01-2024,1,64016,Credit,Tommy Lara,,New Customer
S07015,CU0781,C0189,09-04-2024,2,41763,Credit,Bryan Snyder,,Repeating Customer
S07016,CU1445,C0227,03-08-2023,3,41393,Cash,Mary Bell,,Loyal Customer
S07017,CU1527,C0198,19-07-2025,2,65832,Credit,Megan Cooper,,Repeating Customer
S07018,CU0337,C0134,12-01-2025,1,34259,Installment,Linda Chavez,,New Customer
S07019,CU0471,C0094,10-12-2024,2,56627,Cash,Lisa Orozco MD,,Repeating Customer
S07020,CU0655,C0040,09-02-2025,3,96687,Credit,Jennifer Griffith,,Loyal Customer
S07021,CU1811,C0200,09-03-2024,2,58208,Installment,Michael Hill,,Repeating Customer
S07022,CU0432,C0349,04-07-2024,1,27494,Cash,Alexander Martinez,,New Customer
S07023,CU1841,C0309,07-05-2025,3,18960,Installment,Charles Carlson,,Loyal Customer
S07024,CU1146,C0249,04-06-2023,3,20735,Credit,Alyssa Perez,,Loyal Customer
S07025,CU1679,C0271,02-09-2024,3,46413,Cash,Heather Johnson,,Loyal Customer
S07026,CU1209,C0491,20-06-2024,3,48727,Credit,Brian Wang,,Loyal Customer
S07027,CU1547,C0383,11-06-2025,1,42734,Cash,Kevin Stevens,,New Customer
S07028,CU1804,C0335,16-09-2024,1,91803,Credit,Scott Bradley,,New Customer
S07029,CU1447,C0472,10-12-2023,2,30960,Credit,Kathy Mason,,Repeating Customer
S07030,CU1795,C0362,27-11-2023,2,83721,Installment,Angelica Hobbs,,Repeating Customer
S07031,CU1558,C0292,13-12-2022,2,72179,Credit,Samantha Martinez,,Repeating Customer
S07032,CU0269,C0299,05-02-2024,1,78340,Credit,Shane Hart,,New Customer
S07033,CU1062,C0200,30-08-2025,3,75308,Cash,Cindy Mejia,,Loyal Customer
S07034,CU1826,C0024,20-03-2024,1,22090,Cash,Leslie Sanchez,,New Customer
S07035,CU0342,C0149,07-01-2025,1,88916,Installment,Amanda Sanchez,,New Customer
S07036,CU1419,C0127,11-06-2024,2,41802,Credit,Christopher Nelson,,Repeating Customer
S07037,CU0421,C0184,26-03-2024,1,74469,Cash,Steven Ortiz,,New Customer
S07038,CU0380,C0411,05-09-2025,3,94291,Installment,Joan Moore,,Loyal Customer
S07039,CU1589,C0411,20-12-2024,3,42850,Credit,Kelly Huerta,,Loyal Customer
S07040,CU1828,C0170,24-02-2024,2,69839,Installment,Jacob Mendoza,,Repeating Customer
S07041,CU0221,C0074,12-08-2023,2,41030,Credit,Sarah Rodriguez,,Repeating Customer
S07042,CU0516,C0132,02-07-2025,1,96062,Credit,John Sosa,,New Customer
S07043,CU1648,C0179,11-03-2025,3,84529,Cash,Sharon Barker,,Loyal Customer
S07044,CU0822,C0294,14-12-2022,2,82201,Installment,Raven Warner,,Repeating Customer
S07045,CU0097,C0217,01-11-2024,1,47693,Cash,Katie Cooper,,New Customer
S07046,CU0732,C0413,17-06-2023,3,96660,Installment,Bryan Hayes,,Loyal Customer
S07047,CU0288,C0303,17-09-2025,3,21617,Installment,Christina Johnson,,Loyal Customer
S07048,CU0529,C0352,12-10-2023,2,20394,Cash,John Dawson,,Repeating Customer
S07049,CU0742,C0069,23-05-2025,3,33562,Installment,Daniel Smith,,Loyal Customer
S07050,CU1708,C0330,28-05-2023,3,72683,Cash,Michael Peterson,,Loyal Customer
S07051,CU0302,C0104,28-12-2022,1,20542,Installment,Mrs. Katie Randolph,,New Customer
S07052,CU1344,C0262,23-01-2025,1,87804,Cash,Russell Blanchard,,New Customer
S07053,CU0120,C0417,30-05-2024,3,83736,Cash,Michael Walker,,Loyal Customer
S07054,CU1318,C0233,11-08-2025,2,63684,Credit,Susan Shepard,,Repeating Customer
S07055,CU0755,C0453,03-03-2025,3,76888,Installment,Cheryl Griffin,,Loyal Customer
S07056,CU0048,C0045,22-06-2025,3,27918,Installment,Sean Johnson,,Loyal Customer
S07057,CU0834,C0083,27-12-2024,3,47630,Installment,Mr. Jared Armstrong,,Loyal Customer
S07058,CU0728,C0284,08-10-2025,1,45951,Installment,Christopher Montgomery,,New Customer
S07059,CU0575,C0340,19-07-2023,2,93048,Installment,Melissa Adams,,Repeating Customer
S07060,CU0601,C0252,24-10-2024,2,69718,Installment,David Smith,,Repeating Customer
S07061,CU1931,C0080,13-11-2023,1,89602,Credit,Andrew Smith,,New Customer
S07062,CU1116,C0389,27-08-2023,2,88000,Credit,Michael Castillo,,Repeating Customer
S07063,CU1842,C0155,28-10-2025,2,37740,Credit,Crystal Armstrong,,Repeating Customer
S07064,CU0876,C0208,07-08-2024,1,19900,Cash,Daniel Torres,,New Customer
S07065,CU0427,C0265,07-08-2024,1,20596,Installment,Darrell Wilson,,New Customer
S07066,CU1453,C0394,01-09-2025,2,52944,Cash,Jessica Torres,,Repeating Customer
S07067,CU0519,C0023,02-01-2024,1,53673,Cash,Jessica Patterson,,New Customer
S07068,CU0628,C0457,18-08-2024,3,86592,Credit,William Fuentes,,Loyal Customer
S07069,CU1665,C0422,04-07-2025,3,63849,Credit,Mary Pope,,Loyal Customer
S07070,CU1870,C0090,12-10-2025,1,93691,Installment,David Brown,,New Customer
S07071,CU1185,C0410,29-02-2024,1,73298,Installment,Roberta Perez,,New Customer
S07072,CU0090,C0196,06-08-2025,2,49720,Cash,Tracy Brown,,Repeating Customer
S07073,CU1116,C0121,21-06-2024,1,39603,Cash,James Evans,,New Customer
S07074,CU1091,C0065,16-11-2024,2,73916,Credit,Karen Boyd,,Repeating Customer
S07075,CU1440,C0476,01-11-2023,1,37402,Installment,Steven Hill,,New Customer
S07076,CU1965,C0433,13-12-2023,1,28525,Cash,Kimberly Williams,,New Customer
S07077,CU0609,C0272,17-01-2024,1,66838,Cash,Virginia Smith,,New Customer
S07078,CU1289,C0498,10-01-2023,3,28252,Installment,Charles Mays,,Loyal Customer
S07079,CU1297,C0338,20-11-2022,3,98836,Installment,Crystal Murray,,Loyal Customer
S07080,CU0461,C0471,27-11-2022,3,61652,Cash,Brian Haynes,,Loyal Customer
S07081,CU0574,C0130,11-12-2024,1,38665,Installment,Ronald Rodriguez,,New Customer
S07082,CU0757,C0160,12-10-2023,2,94349,Installment,Larry Le,,Repeating Customer
S07083,CU0700,C0076,27-08-2024,2,89945,Cash,Mark Herrera,,Repeating Customer
S07084,CU1660,C0259,08-01-2024,1,48900,Installment,Karl Johnson,,New Customer
S07085,CU0068,C0363,07-02-2023,2,87518,Cash,Mary Ferguson,,Repeating Customer
S07086,CU1447,C0155,08-04-2024,2,29498,Installment,Jill Rogers,,Repeating Customer
S07087,CU1761,C0200,21-09-2024,1,30196,Credit,Melissa Bell,,New Customer
S07088,CU1858,C0109,29-11-2022,3,82853,Cash,Tara Moore,,Loyal Customer
S07089,CU1854,C0449,29-08-2023,3,69664,Installment,Jerry Frank,,Loyal Customer
S07090,CU0798,C0267,13-02-2025,1,46795,Cash,Frederick Stokes,,New Customer
S07091,CU1584,C0492,28-11-2024,3,27618,Cash,Matthew Smith,,Loyal Customer
S07092,CU0509,C0304,19-07-2023,2,74719,Credit,Catherine Bishop,,Repeating Customer
S07093,CU0052,C0099,21-06-2023,1,66301,Installment,Steven Walters,,New Customer
S07094,CU0131,C0221,29-12-2023,1,91846,Credit,Katherine Walters,,New Customer
S07095,CU1582,C0207,26-02-2023,1,81887,Cash,Stephanie Collins,,New Customer
S07096,CU0268,C0500,18-09-2023,1,29850,Credit,Jeffery Sparks,,New Customer
S07097,CU0977,C0395,10-01-2025,2,17429,Credit,Laura Hansen,,Repeating Customer
S07098,CU1431,C0414,26-04-2023,3,46737,Installment,Jennifer Chapman,,Loyal Customer
S07099,CU1886,C0205,17-12-2024,1,70485,Installment,Renee Williams,,New Customer
S07100,CU0685,C0454,15-07-2023,2,94583,Credit,Tommy Hernandez,,Repeating Customer
S07101,CU1382,C0465,15-10-2023,3,36809,Cash,Jennifer Chen,,Loyal Customer
S07102,CU0914,C0443,09-11-2022,1,45681,Credit,Eddie Perez,,New Customer
S07103,CU1115,C0038,14-08-2024,1,94334,Cash,Mr. Jacob Cross,,New Customer
S07104,CU0631,C0173,23-02-2024,1,46233,Cash,Ashlee Hughes,,New Customer
S07105,CU0583,C0415,12-07-2025,2,15410,Installment,George Reyes,,Repeating Customer
S07106,CU0124,C0060,28-09-2024,2,44934,Installment,Sarah Ayala,,Repeating Customer
S07107,CU0680,C0477,29-07-2025,1,47586,Credit,Paul Estrada,,New Customer
S07108,CU1772,C0032,25-04-2025,2,16189,Installment,Martha Henson,,Repeating Customer
S07109,CU1637,C0161,29-10-2025,2,51691,Installment,David Durham,,Repeating Customer
S07110,CU0444,C0372,09-11-2022,2,32091,Cash,Brian Juarez,,Repeating Customer
S07111,CU0480,C0287,03-03-2025,3,15594,Cash,Angela Barrett,,Loyal Customer
S07112,CU0172,C0036,03-09-2023,1,82938,Credit,Brittany Garza,,New Customer
S07113,CU0384,C0003,06-04-2023,1,77122,Installment,Matthew Barrett,,New Customer
S07114,CU0439,C0372,27-08-2024,1,55150,Cash,Laurie Fernandez,,New Customer
S07115,CU0822,C0103,25-05-2024,3,24106,Cash,Shelley Lawson,,Loyal Customer
S07116,CU1988,C0101,07-05-2023,1,92085,Installment,Laura Hoffman,,New Customer
S07117,CU0225,C0136,25-04-2024,2,62437,Credit,Jennifer Chen,,Repeating Customer
S07118,CU1521,C0484,15-11-2023,2,19459,Cash,Kimberly Ellis,,Repeating Customer
S07119,CU0488,C0250,24-04-2024,3,65988,Installment,Anthony Nelson,,Loyal Customer
S07120,CU1747,C0423,05-12-2024,3,84995,Installment,Katherine Williams,,Loyal Customer
S07121,CU0074,C0421,25-03-2023,1,52762,Credit,Alexandra Hunter,,New Customer
S07122,CU0073,C0181,18-10-2023,2,86015,Credit,Eddie Murray,,Repeating Customer
S07123,CU0461,C0408,18-06-2024,2,67293,Cash,Heather Romero,,Repeating Customer
S07124,CU1849,C0159,07-05-2024,1,27190,Installment,Greg Fuentes,,New Customer
S07125,CU0827,C0333,14-01-2024,3,57624,Cash,Isaiah Snyder,,Loyal Customer
S07126,CU1183,C0032,24-12-2022,3,35441,Installment,Joseph Price,,Loyal Customer
S07127,CU0512,C0273,13-09-2023,2,29620,Installment,Christy Davis,,Repeating Customer
S07128,CU1097,C0406,01-06-2023,1,60997,Cash,Michael Campbell,,New Customer
S07129,CU0806,C0211,16-07-2024,2,42375,Installment,Brandi Black,,Repeating Customer
S07130,CU1737,C0483,22-03-2023,3,60931,Installment,Sarah Cunningham,,Loyal Customer
S07131,CU0021,C0401,02-04-2023,2,33049,Installment,Dawn Glenn,,Repeating Customer
S07132,CU1019,C0030,16-01-2024,2,67332,Installment,Benjamin Hernandez,,Repeating Customer
S07133,CU1136,C0298,09-07-2025,2,29803,Installment,Mary Mcgee,,Repeating Customer
S07134,CU1007,C0456,23-04-2025,2,32062,Credit,Julie Mitchell,,Repeating Customer
S07135,CU1716,C0200,19-01-2023,3,86317,Installment,Robin Jones,,Loyal Customer
S07136,CU1445,C0383,22-06-2023,1,27247,Cash,Michael Morse,,New Customer
S07137,CU1177,C0089,15-05-2025,2,58285,Credit,Jeremy Copeland,,Repeating Customer
S07138,CU0606,C0044,16-08-2023,1,75289,Cash,Glenn Nguyen,,New Customer
S07139,CU0548,C0118,02-11-2023,3,87375,Installment,Lisa Lee,,Loyal Customer
S07140,CU1483,C0133,29-10-2025,1,61204,Cash,Samantha Wiggins,,New Customer
S07141,CU1540,C0093,17-06-2024,2,95344,Installment,Amy Huffman,,Repeating Customer
S07142,CU0995,C0439,29-11-2022,3,66403,Cash,Mary Jones,,Loyal Customer
S07143,CU0576,C0015,23-06-2023,2,68952,Installment,Dr. Ronnie Chapman DDS,,Repeating Customer
S07144,CU1071,C0092,23-10-2024,3,41759,Credit,John Long,,Loyal Customer
S07145,CU0958,C0012,30-12-2024,1,25078,Credit,Amy Williams,,New Customer
S07146,CU0795,C0069,23-07-2025,1,49758,Credit,Jennifer Walker,,New Customer
S07147,CU1761,C0137,18-09-2025,2,18340,Installment,Samantha Gordon,,Repeating Customer
S07148,CU1115,C0433,07-10-2023,3,60722,Cash,James Hall,,Loyal Customer
S07149,CU1584,C0359,18-01-2024,3,18283,Cash,Brian Mahoney,,Loyal Customer
S07150,CU0612,C0115,04-08-2025,3,34050,Cash,David Gonzalez,,Loyal Customer
S07151,CU1099,C0306,24-05-2023,1,46929,Credit,Allison Le,,New Customer
S07152,CU0138,C0390,22-06-2023,3,44632,Installment,Yvonne Shaw,,Loyal Customer
S07153,CU0713,C0344,20-08-2024,3,58371,Credit,Adrienne Aguilar,,Loyal Customer
S07154,CU1040,C0484,20-02-2024,3,47853,Credit,Gregory Graham,,Loyal Customer
S07155,CU1448,C0031,19-12-2023,1,31151,Credit,Heather Watkins,,New Customer
S07156,CU0053,C0367,29-12-2024,2,96754,Cash,Jaclyn Mcneil,,Repeating Customer
S07157,CU0729,C0271,20-07-2025,2,66761,Credit,Allison Garcia,,Repeating Customer
S07158,CU0257,C0175,26-07-2024,3,75315,Cash,David Simon,,Loyal Customer
S07159,CU1260,C0011,15-09-2025,1,36933,Installment,Lauren Thompson,,New Customer
S07160,CU0619,C0317,26-03-2025,3,82134,Installment,Brian Hall,,Loyal Customer
S07161,CU1713,C0408,28-08-2023,1,56402,Installment,Gregory Morton,,New Customer
S07162,CU1961,C0055,14-06-2024,1,26342,Credit,Anthony Hicks,,New Customer
S07163,CU1780,C0350,21-06-2025,3,68473,Credit,Tracey Haley,,Loyal Customer
S07164,CU0411,C0459,06-08-2024,1,54823,Credit,Christopher Mora,,New Customer
S07165,CU1065,C0115,04-02-2023,3,17040,Installment,Nicholas Castro,,Loyal Customer
S07166,CU0597,C0197,12-02-2023,2,26484,Cash,James King,,Repeating Customer
S07167,CU1709,C0196,25-11-2023,3,88581,Installment,Mrs. Tonya Gardner,,Loyal Customer
S07168,CU0269,C0247,23-12-2024,1,66982,Credit,Glenn Smith,,New Customer
S07169,CU1752,C0467,24-11-2023,1,72265,Cash,Tracy Rangel,,New Customer
S07170,CU0903,C0117,23-03-2024,3,36226,Cash,Valerie Manning,,Loyal Customer
S07171,CU1103,C0336,04-01-2025,2,99987,Credit,Kevin Webster,,Repeating Customer
S07172,CU0410,C0457,06-02-2025,3,63889,Credit,Richard Johnson,,Loyal Customer
S07173,CU0780,C0041,21-09-2025,3,58652,Credit,Jamie Kaiser,,Loyal Customer
S07174,CU1522,C0491,10-09-2023,1,44238,Credit,Mark Smith,,New Customer
S07175,CU1699,C0360,13-06-2024,2,53563,Installment,Bryan Carr,,Repeating Customer
S07176,CU0524,C0492,19-05-2023,2,84246,Installment,Kyle Clayton,,Repeating Customer
S07177,CU0269,C0395,16-06-2025,3,34004,Installment,James Hamilton,,Loyal Customer
S07178,CU0665,C0406,17-05-2024,1,99621,Cash,Peter Kirk,,New Customer
S07179,CU0016,C0165,03-08-2025,3,31208,Credit,Crystal Brown,,Loyal Customer
S07180,CU0715,C0035,29-03-2024,3,16777,Installment,Katie Cline,,Loyal Customer
S07181,CU0275,C0116,18-09-2023,3,25882,Installment,Benjamin Oconnor,,Loyal Customer
S07182,CU0209,C0323,25-08-2024,2,42374,Installment,Timothy Saunders,,Repeating Customer
S07183,CU1657,C0103,27-10-2024,2,53850,Credit,Bradley Campbell,,Repeating Customer
S07184,CU1173,C0419,11-05-2024,1,68841,Installment,Kimberly Arias DDS,,New Customer
S07185,CU1917,C0053,16-12-2022,2,30528,Cash,Michael Cowan,,Repeating Customer
S07186,CU1271,C0449,23-09-2024,3,68542,Credit,Geoffrey Deleon,,Loyal Customer
S07187,CU1485,C0099,15-05-2025,1,91057,Installment,Andrew Harris,,New Customer
S07188,CU0518,C0412,30-03-2023,3,99015,Installment,Bryce Duncan,,Loyal Customer
S07189,CU0590,C0174,04-01-2025,3,25507,Cash,Jordan Joseph,,Loyal Customer
S07190,CU1680,C0456,05-08-2023,2,49895,Credit,Aaron Kennedy,,Repeating Customer
S07191,CU1121,C0200,02-06-2023,1,62279,Credit,George Austin,,New Customer
S07192,CU1246,C0459,22-08-2025,2,30406,Cash,Kimberly Miller,,Repeating Customer
S07193,CU0374,C0034,26-02-2025,2,57746,Cash,Sarah Brown,,Repeating Customer
S07194,CU0549,C0150,16-03-2024,2,34141,Installment,Alyssa Pope,,Repeating Customer
S07195,CU0944,C0464,18-05-2024,2,90759,Installment,Christopher Spencer,,Repeating Customer
S07196,CU1617,C0430,05-01-2023,3,70732,Installment,Karen Anderson DDS,,Loyal Customer
S07197,CU0434,C0089,22-10-2024,1,79467,Installment,Christian Rivera,,New Customer
S07198,CU1360,C0187,12-05-2025,3,66983,Credit,Jeremy Harvey,,Loyal Customer
S07199,CU1691,C0268,21-07-2024,1,56409,Installment,Kenneth Ballard,,New Customer
S07200,CU1423,C0008,06-07-2025,2,40228,Cash,Megan Weaver,,Repeating Customer
S07201,CU0965,C0191,18-05-2023,2,67103,Cash,Cameron Ferguson,,Repeating Customer
S07202,CU0260,C0180,26-07-2025,2,94499,Installment,Alex Oneill,,Repeating Customer
S07203,CU1093,C0373,19-08-2025,1,54510,Cash,Nicholas Diaz,,New Customer
S07204,CU0051,C0331,18-10-2025,3,96977,Cash,Anthony Garza,,Loyal Customer
S07205,CU0779,C0045,09-10-2025,2,47263,Cash,Elizabeth Winters,,Repeating Customer
S07206,CU1647,C0268,08-01-2025,1,90205,Installment,Caitlin Taylor,,New Customer
S07207,CU0637,C0238,02-12-2024,2,25159,Credit,Rebecca Roberts,,Repeating Customer
S07208,CU1560,C0233,07-10-2023,3,18990,Cash,Sandra Franklin,,Loyal Customer
S07209,CU1517,C0221,09-10-2023,2,34041,Credit,Mary Jackson,,Repeating Customer
S07210,CU1134,C0406,21-11-2022,3,30741,Credit,Bryan Parks,,Loyal Customer
S07211,CU1923,C0110,30-07-2023,2,47275,Cash,Ryan Fleming,,Repeating Customer
S07212,CU1759,C0237,16-10-2023,1,39947,Cash,Brandon Olson,,New Customer
S07213,CU1145,C0314,28-11-2024,2,61699,Installment,Brittney Hickman,,Repeating Customer
S07214,CU0678,C0356,25-03-2023,3,18735,Credit,Danielle Jones,,Loyal Customer
S07215,CU1505,C0359,29-07-2025,2,91288,Cash,Lynn Nguyen,,Repeating Customer
S07216,CU0255,C0103,01-07-2025,3,52393,Installment,John Franco,,Loyal Customer
S07217,CU0288,C0127,24-11-2024,2,73596,Credit,Patricia Wilson,,Repeating Customer
S07218,CU0414,C0124,12-07-2025,3,68664,Credit,Kimberly Weiss DDS,,Loyal Customer
S07219,CU0594,C0350,09-06-2024,2,37327,Installment,Gloria Proctor,,Repeating Customer
S07220,CU0129,C0171,10-11-2023,1,43111,Credit,Melissa Smith,,New Customer
S07221,CU1695,C0468,14-02-2024,1,96304,Installment,Albert Webb DDS,,New Customer
S07222,CU0664,C0113,02-07-2025,3,54054,Cash,Elizabeth Castillo,,Loyal Customer
S07223,CU1028,C0242,07-01-2025,2,43558,Credit,Joseph Collins,,Repeating Customer
S07224,CU1788,C0454,10-12-2024,3,59026,Installment,Mackenzie Johnson,,Loyal Customer
S07225,CU1832,C0373,18-11-2023,1,46519,Cash,Darren Roman,,New Customer
S07226,CU1071,C0171,31-03-2025,2,96873,Credit,Ryan Butler,,Repeating Customer
S07227,CU0535,C0268,30-04-2023,1,16780,Installment,Garrett Gonzalez,,New Customer
S07228,CU1148,C0256,15-03-2025,2,40569,Installment,Gene Anderson,,Repeating Customer
S07229,CU1914,C0333,25-10-2023,1,32831,Cash,Dr. David Moss,,New Customer
S07230,CU1078,C0400,19-05-2025,1,57686,Cash,Ellen Hoffman,,New Customer
S07231,CU0680,C0087,05-01-2023,1,99715,Credit,Jeffrey Melton,,New Customer
S07232,CU1066,C0319,21-02-2025,1,73587,Cash,Jon Armstrong,,New Customer
S07233,CU1400,C0390,10-09-2024,2,75174,Credit,Elizabeth Rose,,Repeating Customer
S07234,CU1663,C0030,02-08-2025,2,99298,Cash,Jessica Peters,,Repeating Customer
S07235,CU1416,C0232,01-12-2022,2,60694,Credit,Andrew Johnson,,Repeating Customer
S07236,CU0204,C0274,27-01-2024,1,42267,Installment,Matthew Garcia,,New Customer
S07237,CU0677,C0211,09-10-2025,1,98717,Installment,James Williams,,New Customer
S07238,CU0006,C0498,31-07-2023,3,73308,Credit,Sarah Lee,,Loyal Customer
S07239,CU1670,C0071,16-01-2023,1,89097,Credit,Matthew Adkins,,New Customer
S07240,CU1124,C0164,03-09-2023,2,38976,Credit,Christina Moore,,Repeating Customer
S07241,CU1937,C0346,24-03-2023,1,62894,Installment,Andrew Reynolds,,New Customer
S07242,CU1100,C0153,09-04-2024,1,83016,Credit,Brandon Butler,,New Customer
S07243,CU0691,C0075,28-05-2023,2,55460,Cash,Nicole Jackson,,Repeating Customer
S07244,CU1040,C0287,25-09-2024,3,90186,Credit,Richard Norton,,Loyal Customer
S07245,CU0767,C0415,20-08-2023,3,42251,Credit,Jason Davis,,Loyal Customer
S07246,CU0422,C0317,15-09-2024,1,51318,Installment,Edward Oneill,,New Customer
S07247,CU1552,C0384,24-11-2022,3,24777,Credit,Russell Sanders,,Loyal Customer
S07248,CU0178,C0435,09-05-2024,3,25514,Installment,John Johnson,,Loyal Customer
S07249,CU1330,C0136,05-07-2025,1,74587,Cash,Melissa Gomez,,New Customer
S07250,CU0443,C0100,20-09-2023,2,34082,Installment,Isaac Mendoza,,Repeating Customer
S07251,CU0445,C0223,27-12-2024,1,36001,Installment,Bailey Smith,,New Customer
S07252,CU1869,C0158,30-08-2025,3,51553,Installment,Linda Austin,,Loyal Customer
S07253,CU0370,C0189,27-06-2025,2,40886,Credit,Paul Campbell,,Repeating Customer
S07254,CU0096,C0177,22-11-2024,2,98068,Cash,Melanie Mason,,Repeating Customer
S07255,CU0577,C0015,23-02-2023,3,68939,Cash,Katie Crosby,,Loyal Customer
S07256,CU0304,C0443,28-07-2024,1,65234,Installment,Connor Chaney,,New Customer
S07257,CU1895,C0156,11-07-2023,3,49255,Credit,John Wright,,Loyal Customer
S07258,CU0089,C0228,28-01-2025,1,60743,Installment,Jason Nelson,,New Customer
S07259,CU0766,C0296,31-05-2023,3,17979,Credit,Amanda Burgess,,Loyal Customer
S07260,CU1713,C0492,23-02-2025,3,98611,Credit,Brian Wong,,Loyal Customer
S07261,CU1200,C0393,13-03-2024,2,37971,Credit,Vanessa Donovan,,Repeating Customer
S07262,CU1626,C0282,01-10-2025,3,89245,Credit,Teresa Randolph,,Loyal Customer
S07263,CU1474,C0098,19-10-2025,1,59613,Credit,Jason Mayer,,New Customer
S07264,CU1050,C0460,27-07-2025,2,71213,Cash,Christina Wilcox,,Repeating Customer
S07265,CU1677,C0162,25-02-2023,2,69959,Credit,Beth Berry,,Repeating Customer
S07266,CU0333,C0442,24-10-2023,2,44873,Credit,Robert Castro,,Repeating Customer
S07267,CU0924,C0354,16-11-2022,1,63330,Installment,Shaun Knight,,New Customer
S07268,CU1796,C0315,06-06-2024,2,93235,Credit,Tammy Nguyen DDS,,Repeating Customer
S07269,CU0381,C0308,09-09-2023,1,25810,Installment,Eric Lopez,,New Customer
S07270,CU1486,C0459,31-01-2023,2,37435,Cash,April Sherman,,Repeating Customer
S07271,CU0442,C0094,15-10-2024,2,22549,Credit,Natalie Trevino,,Repeating Customer
S07272,CU1834,C0348,22-12-2023,3,80566,Installment,Keith Hunter,,Loyal Customer
S07273,CU1325,C0112,13-06-2025,1,46719,Cash,Stephen Mueller,,New Customer
S07274,CU1266,C0107,17-10-2023,3,22217,Credit,Allen Lambert,,Loyal Customer
S07275,CU1478,C0083,30-08-2025,3,27517,Credit,Marc Tyler,,Loyal Customer
S07276,CU1446,C0247,18-09-2023,1,97500,Cash,Deanna Leach,,New Customer
S07277,CU0270,C0139,29-05-2023,1,90718,Installment,James Williams,,New Customer
S07278,CU1719,C0445,18-08-2024,2,75713,Installment,Joshua Powell,,Repeating Customer
S07279,CU1142,C0296,08-11-2023,2,27730,Credit,Carl Mcfarland,,Repeating Customer
S07280,CU1964,C0015,17-08-2024,3,89525,Installment,Amy Brown,,Loyal Customer
S07281,CU0562,C0317,01-03-2023,2,85260,Cash,Andrew Mitchell,,Repeating Customer
S07282,CU1797,C0169,27-07-2023,1,49424,Installment,Rickey Hodges,,New Customer
S07283,CU1294,C0093,11-03-2023,2,55626,Credit,Courtney Reyes,,Repeating Customer
S07284,CU1572,C0194,11-05-2025,2,18508,Cash,Virginia Cox,,Repeating Customer
S07285,CU0915,C0326,22-08-2025,1,42413,Installment,Jim Robertson,,New Customer
S07286,CU0721,C0177,30-12-2024,1,32805,Installment,Lisa Cruz,,New Customer
S07287,CU1820,C0037,31-10-2023,2,50104,Installment,Joshua Sullivan,,Repeating Customer
S07288,CU0126,C0055,23-11-2024,3,87964,Credit,Brian Gordon,,Loyal Customer
S07289,CU1320,C0375,14-09-2024,2,47079,Cash,Dwayne Griffith,,Repeating Customer
S07290,CU0598,C0053,02-07-2023,1,30768,Credit,Haley Mcneil,,New Customer
S07291,CU1467,C0429,23-10-2025,1,78727,Cash,Natasha Duncan,,New Customer
S07292,CU0049,C0187,11-11-2024,2,65082,Credit,Kayla Osborne,,Repeating Customer
S07293,CU0008,C0201,02-03-2025,1,48802,Cash,John Zimmerman,,New Customer
S07294,CU0075,C0096,25-04-2024,1,48017,Credit,Joy Lyons,,New Customer
S07295,CU1606,C0011,11-02-2023,3,92002,Installment,James Ballard DVM,,Loyal Customer
S07296,CU0807,C0304,30-07-2023,1,20210,Cash,Dillon Prince,,New Customer
S07297,CU0542,C0209,18-07-2025,2,35658,Cash,David Potts,,Repeating Customer
S07298,CU0125,C0098,28-06-2023,3,67183,Installment,Tyler Fowler,,Loyal Customer
S07299,CU1937,C0344,19-12-2023,2,61324,Cash,Timothy Sutton,,Repeating Customer
S07300,CU1932,C0070,25-06-2025,2,81757,Cash,Thomas Boyd,,Repeating Customer
S07301,CU0204,C0241,22-08-2024,2,94764,Cash,Katherine Burgess,,Repeating Customer
S07302,CU0878,C0376,14-01-2023,2,31545,Installment,Amanda Martinez,,Repeating Customer
S07303,CU1950,C0264,19-05-2024,1,34394,Installment,Michael Adams,,New Customer
S07304,CU0938,C0004,24-02-2023,1,74666,Cash,Kristen Hall,,New Customer
S07305,CU0617,C0149,01-05-2024,1,78739,Cash,John Haney,,New Customer
S07306,CU0384,C0481,03-01-2023,3,93881,Credit,Bruce Gibbs,,Loyal Customer
S07307,CU1900,C0283,12-02-2024,1,93552,Cash,Lee Oneill,,New Customer
S07308,CU0903,C0324,29-03-2025,3,81567,Cash,John Solomon,,Loyal Customer
S07309,CU1341,C0118,03-06-2024,2,41251,Installment,Karen Barr,,Repeating Customer
S07310,CU0598,C0347,10-01-2024,2,63795,Installment,Jeff Jackson,,Repeating Customer
S07311,CU0624,C0119,08-06-2024,2,21317,Installment,Joyce Pearson,,Repeating Customer
S07312,CU1514,C0409,03-04-2025,2,52807,Credit,Edward Dougherty,,Repeating Customer
S07313,CU0534,C0076,31-07-2023,3,93764,Installment,Anne Blankenship,,Loyal Customer
S07314,CU0225,C0020,13-09-2024,1,99477,Installment,Tanner Horton,,New Customer
S07315,CU1429,C0175,29-09-2024,1,76836,Credit,Nicole Dalton,,New Customer
S07316,CU0510,C0445,07-11-2022,3,18778,Cash,Crystal Mercer,,Loyal Customer
S07317,CU1975,C0347,03-12-2024,3,20002,Installment,Pamela Hensley,,Loyal Customer
S07318,CU0380,C0423,18-12-2022,3,67968,Installment,Daniel George,,Loyal Customer
S07319,CU0626,C0317,01-04-2025,3,82172,Cash,Renee Swanson,,Loyal Customer
S07320,CU1953,C0113,26-06-2024,3,64466,Installment,Brian Patterson,,Loyal Customer
S07321,CU1120,C0068,26-08-2025,2,97551,Credit,Sharon Martin,,Repeating Customer
S07322,CU1602,C0332,26-01-2025,3,48567,Cash,Rebecca Davis,,Loyal Customer
S07323,CU1106,C0433,28-04-2023,1,96250,Credit,Miranda Johnson,,New Customer
S07324,CU0469,C0463,01-11-2022,2,16100,Installment,Jennifer Harris,,Repeating Customer
S07325,CU0330,C0380,17-05-2023,1,88635,Installment,Thomas Perry,,New Customer
S07326,CU1520,C0353,20-06-2025,1,56484,Cash,Travis Williams,,New Customer
S07327,CU1756,C0136,20-04-2024,1,71129,Credit,Matthew Frank,,New Customer
S07328,CU0636,C0067,18-03-2023,3,96131,Cash,Ashley Ross,,Loyal Customer
S07329,CU1154,C0307,29-01-2025,1,81689,Installment,Savannah Smith,,New Customer
S07330,CU0036,C0258,23-01-2023,1,32375,Installment,Jessica Barber,,New Customer
S07331,CU1117,C0333,11-08-2025,3,64179,Cash,Margaret Taylor,,Loyal Customer
S07332,CU0714,C0265,30-10-2023,1,90980,Cash,Christopher Garza,,New Customer
S07333,CU1228,C0460,29-10-2024,1,43192,Cash,Adam Morgan,,New Customer
S07334,CU1496,C0195,12-10-2023,2,51945,Credit,Anthony Park,,Repeating Customer
S07335,CU0959,C0214,07-06-2025,2,90773,Credit,Karen Gray,,Repeating Customer
S07336,CU0736,C0129,31-12-2022,3,77220,Credit,Bill Hawkins,,Loyal Customer
S07337,CU0593,C0421,12-01-2023,2,46940,Installment,John Howard,,Repeating Customer
S07338,CU0154,C0168,12-02-2025,1,49570,Cash,Dennis Hodges,,New Customer
S07339,CU1600,C0098,10-03-2024,3,74791,Credit,Clifford Middleton,,Loyal Customer
S07340,CU1765,C0060,25-10-2024,1,76524,Installment,Kyle Jackson,,New Customer
S07341,CU0463,C0312,10-08-2025,1,17187,Credit,Nicole Archer,,New Customer
S07342,CU0069,C0283,27-09-2025,3,79104,Cash,Greg Cochran,,Loyal Customer
S07343,CU0686,C0035,25-07-2023,1,40768,Credit,Amanda Nelson,,New Customer
S07344,CU0619,C0025,04-09-2025,2,71953,Credit,Jacob Roberts,,Repeating Customer
S07345,CU0706,C0209,06-02-2025,3,57451,Cash,Brandon Smith,,Loyal Customer
S07346,CU1759,C0070,31-03-2025,2,34769,Installment,Kimberly Mitchell,,Repeating Customer
S07347,CU0629,C0176,10-05-2024,2,39670,Installment,Eric Lyons,,Repeating Customer
S07348,CU0344,C0039,10-01-2023,2,20729,Installment,Laurie Brady,,Repeating Customer
S07349,CU1371,C0095,03-01-2024,3,60598,Credit,Hannah Le,,Loyal Customer
S07350,CU1417,C0440,10-11-2024,3,63824,Cash,Taylor Kennedy,,Loyal Customer
S07351,CU1665,C0025,28-09-2025,3,20538,Cash,Hannah Fischer,,Loyal Customer
S07352,CU0270,C0052,31-10-2022,1,37311,Cash,Dr. Shelley Smith MD,,New Customer
S07353,CU1424,C0370,02-03-2025,2,60022,Cash,Terry Franklin,,Repeating Customer
S07354,CU1302,C0006,24-05-2025,1,44692,Credit,Elizabeth Mason,,New Customer
S07355,CU1206,C0120,23-11-2023,3,33484,Credit,Mallory Wong,,Loyal Customer
S07356,CU1561,C0006,22-05-2025,3,72956,Credit,William Howell,,Loyal Customer
S07357,CU1612,C0410,08-07-2023,1,65911,Cash,Russell Richardson,,New Customer
S07358,CU1725,C0027,15-04-2024,2,70939,Cash,Wesley Reyes,,Repeating Customer
S07359,CU0600,C0235,17-11-2022,2,94398,Cash,Paul Robertson,,Repeating Customer
S07360,CU0335,C0061,08-02-2023,2,34443,Installment,Stephen Oneill,,Repeating Customer
S07361,CU1779,C0053,27-11-2023,3,81609,Credit,Tiffany Armstrong,,Loyal Customer
S07362,CU0928,C0204,16-07-2025,2,19498,Cash,Julia Mora,,Repeating Customer
S07363,CU0828,C0159,27-11-2022,1,65346,Cash,Kevin Neal,,New Customer
S07364,CU0853,C0274,20-08-2023,1,49696,Credit,Natasha Allen,,New Customer
S07365,CU0928,C0404,06-05-2023,1,95139,Installment,Kenneth Hall,,New Customer
S07366,CU1383,C0298,19-01-2023,1,53927,Cash,Debra Miller,,New Customer
S07367,CU1488,C0041,27-01-2025,2,22023,Credit,Bradley Franco,,Repeating Customer
S07368,CU1932,C0200,01-05-2023,2,83996,Installment,Ashley Watson,,Repeating Customer
S07369,CU1045,C0248,26-01-2025,2,67404,Cash,Maria Flores,,Repeating Customer
S07370,CU0882,C0204,17-06-2025,2,73913,Credit,Hunter Jackson,,Repeating Customer
S07371,CU1808,C0265,18-07-2025,2,37769,Installment,Edward Ellis,,Repeating Customer
S07372,CU0234,C0090,19-01-2023,3,74205,Installment,Rachel Duncan,,Loyal Customer
S07373,CU0937,C0321,25-09-2023,3,84930,Cash,Willie Stout,,Loyal Customer
S07374,CU1997,C0314,05-05-2024,2,89359,Cash,Corey James,,Repeating Customer
S07375,CU0655,C0188,11-12-2023,2,56599,Cash,William Hogan,,Repeating Customer
S07376,CU0554,C0195,11-05-2024,3,54204,Cash,Anthony Cortez,,Loyal Customer
S07377,CU0652,C0075,05-02-2024,1,45576,Cash,Nicholas Garcia,,New Customer
S07378,CU0014,C0029,14-11-2024,3,72723,Cash,Mario Tapia,,Loyal Customer
S07379,CU1697,C0228,29-07-2023,3,96520,Credit,Mr. Kevin Thompson,,Loyal Customer
S07380,CU1441,C0400,12-02-2025,3,56000,Credit,Mrs. Colleen Zuniga MD,,Loyal Customer
S07381,CU0332,C0037,18-12-2024,1,37655,Cash,Daniel Smith,,New Customer
S07382,CU0131,C0409,12-11-2023,2,96482,Installment,Theodore Novak,,Repeating Customer
S07383,CU1739,C0300,05-09-2025,2,51553,Credit,Christian Hunt,,Repeating Customer
S07384,CU1710,C0204,07-03-2024,3,16687,Credit,Kenneth Garner,,Loyal Customer
S07385,CU0356,C0303,18-03-2023,3,43548,Installment,Sharon Riddle,,Loyal Customer
S07386,CU0368,C0422,24-12-2023,3,21141,Credit,Andrea Williams MD,,Loyal Customer
S07387,CU1630,C0248,07-07-2024,3,30642,Installment,Amanda Holmes,,Loyal Customer
S07388,CU0467,C0442,03-10-2025,2,88027,Credit,Ryan Davis,,Repeating Customer
S07389,CU0282,C0411,30-08-2025,1,18984,Installment,Teresa Colon,,New Customer
S07390,CU0521,C0221,06-10-2024,1,25597,Installment,Robert Williamson,,New Customer
S07391,CU1708,C0111,11-01-2023,1,86466,Cash,Christopher Phillips,,New Customer
S07392,CU1202,C0119,03-08-2023,3,98783,Cash,Harold Ross,,Loyal Customer
S07393,CU0155,C0282,05-08-2023,1,54730,Installment,Roy Cabrera,,New Customer
S07394,CU1597,C0006,30-05-2024,3,20504,Credit,David Cook,,Loyal Customer
S07395,CU0682,C0398,24-11-2024,2,47708,Installment,Omar Melton,,Repeating Customer
S07396,CU1954,C0390,11-06-2025,1,93956,Credit,Kyle Parker PhD,,New Customer
S07397,CU1581,C0020,02-06-2023,1,76484,Cash,Kevin Ortiz,,New Customer
S07398,CU1956,C0458,28-07-2023,2,55161,Credit,Gregory Kelley,,Repeating Customer
S07399,CU1301,C0197,28-11-2023,1,60773,Credit,Stacey Lopez,,New Customer
S07400,CU0102,C0276,25-11-2024,2,16008,Credit,Andrew Cardenas,,Repeating Customer
S07401,CU1734,C0448,18-04-2023,3,24020,Credit,Diana Jones,,Loyal Customer
S07402,CU1281,C0259,15-05-2025,2,67527,Installment,Julia Evans,,Repeating Customer
S07403,CU1551,C0319,14-10-2024,3,40660,Cash,Jennifer Parker,,Loyal Customer
S07404,CU0719,C0236,26-02-2025,1,94145,Installment,Barbara Williams,,New Customer
S07405,CU1462,C0114,05-03-2023,2,43081,Credit,Leonard Chavez,,Repeating Customer
S07406,CU1312,C0435,28-05-2023,3,22404,Installment,Timothy Moore,,Loyal Customer
S07407,CU1576,C0238,19-04-2024,3,25060,Credit,Alicia Aguirre,,Loyal Customer
S07408,CU1178,C0150,15-02-2025,2,68829,Cash,Jessica Murray,,Repeating Customer
S07409,CU0081,C0473,14-05-2025,2,55451,Installment,Barbara Buckley,,Repeating Customer
S07410,CU1035,C0290,17-10-2023,1,74335,Credit,Corey Blevins,,New Customer
S07411,CU0531,C0327,31-05-2024,3,35562,Cash,Jonathon Vega,,Loyal Customer
S07412,CU0085,C0155,24-02-2024,2,41013,Installment,Bonnie Brooks,,Repeating Customer
S07413,CU0262,C0180,26-01-2023,1,54466,Installment,Heather Davis,,New Customer
S07414,CU1107,C0197,16-09-2025,3,33622,Credit,Franklin Gross,,Loyal Customer
S07415,CU0769,C0147,11-05-2023,2,38589,Installment,Dylan Bell,,Repeating Customer
S07416,CU0695,C0396,13-01-2025,3,89991,Cash,Karen Singleton,,Loyal Customer
S07417,CU1481,C0297,08-04-2025,3,58308,Installment,Jason Harris,,Loyal Customer
S07418,CU0486,C0226,17-08-2025,1,93945,Credit,Reginald Cameron,,New Customer
S07419,CU0452,C0123,27-05-2023,3,57277,Installment,Willie Thomas DVM,,Loyal Customer
S07420,CU1640,C0335,04-12-2024,3,21912,Installment,Christopher Bradshaw,,Loyal Customer
S07421,CU1974,C0295,05-06-2025,1,80154,Installment,Lee Smith,,New Customer
S07422,CU0770,C0248,17-05-2025,1,40942,Cash,Michelle Adkins,,New Customer
S07423,CU1309,C0355,27-05-2024,1,96422,Cash,Yolanda Tran,,New Customer
S07424,CU1879,C0487,20-02-2024,1,66888,Cash,Michelle Levy,,New Customer
S07425,CU0039,C0456,02-12-2023,1,15932,Installment,Linda Moses,,New Customer
S07426,CU1165,C0255,12-02-2024,2,71134,Cash,Tammy Casey,,Repeating Customer
S07427,CU1006,C0128,28-08-2023,3,82237,Cash,Sarah Diaz,,Loyal Customer
S07428,CU0142,C0500,18-07-2025,3,87709,Credit,Michael Collins,,Loyal Customer
S07429,CU0684,C0077,01-02-2025,2,51096,Cash,Thomas Blake,,Repeating Customer
S07430,CU1628,C0084,21-10-2025,2,85317,Installment,Sydney Calhoun,,Repeating Customer
S07431,CU0844,C0430,06-11-2024,1,65813,Installment,Stacie Diaz,,New Customer
S07432,CU0281,C0335,16-01-2025,3,72915,Cash,Seth Mason,,Loyal Customer
S07433,CU0833,C0478,25-08-2024,1,68047,Installment,Susan Hester,,New Customer
S07434,CU0294,C0393,25-11-2024,1,74544,Cash,Paula Acosta,,New Customer
S07435,CU1283,C0334,26-02-2024,3,76741,Cash,Monica Johnson,,Loyal Customer
S07436,CU1622,C0121,12-04-2025,3,35268,Credit,Renee Young,,Loyal Customer
S07437,CU0768,C0272,25-03-2023,3,19534,Credit,Sierra Le,,Loyal Customer
S07438,CU0261,C0267,22-04-2025,3,33285,Installment,Amber Griffin,,Loyal Customer
S07439,CU0919,C0087,28-04-2024,2,45547,Cash,Katelyn Greer,,Repeating Customer
S07440,CU0890,C0163,18-06-2025,3,44563,Cash,Marilyn White,,Loyal Customer
S07441,CU0301,C0106,04-02-2023,1,94154,Cash,Tom Navarro,,New Customer
S07442,CU0431,C0347,01-12-2024,1,76272,Credit,Jessica Mann,,New Customer
S07443,CU0488,C0251,20-06-2025,2,90170,Cash,Brittney Smith,,Repeating Customer
S07444,CU0432,C0423,09-03-2024,3,86992,Credit,Zachary Douglas,,Loyal Customer
S07445,CU0625,C0039,17-06-2023,3,69761,Installment,Angela Aguirre,,Loyal Customer
S07446,CU0754,C0218,11-01-2025,2,20872,Credit,Kevin Harris,,Repeating Customer
S07447,CU1181,C0331,01-05-2024,3,15404,Credit,Nancy Haley,,Loyal Customer
S07448,CU0277,C0133,29-10-2024,1,74546,Credit,John Reynolds,,New Customer
S07449,CU1383,C0066,09-12-2024,1,70189,Credit,William Chavez,,New Customer
S07450,CU1710,C0136,01-01-2023,1,18403,Installment,Peter Melton,,New Customer
S07451,CU1610,C0152,15-07-2023,2,71483,Credit,Todd Smith,,Repeating Customer
S07452,CU1334,C0172,09-11-2022,3,18873,Installment,Jennifer White,,Loyal Customer
S07453,CU1223,C0409,23-02-2025,1,92335,Credit,Jennifer Neal,,New Customer
S07454,CU0213,C0014,24-07-2023,3,45556,Cash,Brad Perez,,Loyal Customer
S07455,CU0400,C0379,10-08-2024,3,77162,Installment,Richard Buckley,,Loyal Customer
S07456,CU0877,C0195,08-01-2025,2,41205,Cash,Sherry Davis,,Repeating Customer
S07457,CU1217,C0434,26-06-2024,2,29563,Installment,Samantha Frazier,,Repeating Customer
S07458,CU1186,C0144,08-07-2024,2,50993,Cash,Julie Russell,,Repeating Customer
S07459,CU0663,C0302,08-11-2023,2,50950,Credit,Jacob Mercado,,Repeating Customer
S07460,CU0524,C0186,08-04-2024,2,99069,Cash,Michael Brown,,Repeating Customer
S07461,CU1567,C0349,08-04-2025,3,74964,Installment,Jodi Avery,,Loyal Customer
S07462,CU1582,C0423,26-03-2024,3,83908,Credit,William Clark,,Loyal Customer
S07463,CU1616,C0414,12-02-2024,2,37406,Cash,Tanya Howard,,Repeating Customer
S07464,CU1532,C0483,24-10-2023,3,34592,Cash,Jessica Valdez,,Loyal Customer
S07465,CU1426,C0055,16-10-2024,3,82055,Installment,Kimberly Herrera,,Loyal Customer
S07466,CU0271,C0183,28-08-2025,1,92565,Installment,Ebony Clayton,,New Customer
S07467,CU0098,C0432,18-08-2023,3,45661,Installment,Rose Armstrong,,Loyal Customer
S07468,CU1528,C0042,04-09-2023,2,21358,Credit,Christina Young,,Repeating Customer
S07469,CU0896,C0419,12-01-2025,2,43017,Cash,Jessica Simon,,Repeating Customer
S07470,CU0186,C0496,15-07-2023,2,49471,Installment,Kayla Singleton,,Repeating Customer
S07471,CU1863,C0231,29-03-2024,1,16402,Cash,Trevor Lopez,,New Customer
S07472,CU1506,C0387,29-07-2025,3,92841,Credit,Jessica Alvarado,,Loyal Customer
S07473,CU1386,C0115,03-07-2025,1,44923,Credit,Kimberly Luna,,New Customer
S07474,CU0506,C0345,17-11-2023,2,66205,Credit,Jose Goodman,,Repeating Customer
S07475,CU1266,C0043,28-12-2024,2,97672,Cash,David Barron,,Repeating Customer
S07476,CU0114,C0014,04-03-2024,3,45850,Cash,Carlos Williams,,Loyal Customer
S07477,CU0629,C0405,02-10-2025,2,16270,Cash,Jaime Burns,,Repeating Customer
S07478,CU1967,C0189,21-09-2024,1,56097,Installment,Erik Meyer,,New Customer
S07479,CU1561,C0259,29-08-2023,1,76229,Installment,William Mitchell,,New Customer
S07480,CU0166,C0170,04-12-2023,3,65452,Installment,Antonio Hammond,,Loyal Customer
S07481,CU0789,C0258,13-08-2023,3,35699,Installment,Mary Fletcher,,Loyal Customer
S07482,CU1194,C0317,02-01-2023,1,56377,Cash,Jacob Peck,,New Customer
S07483,CU0106,C0423,25-07-2024,1,89431,Credit,Carol Gilbert,,New Customer
S07484,CU1598,C0055,12-07-2025,3,88837,Cash,James Morrison,,Loyal Customer
S07485,CU0922,C0452,11-07-2025,1,99898,Cash,Joseph Joseph,,New Customer
S07486,CU1189,C0430,21-03-2024,1,46695,Cash,Andrew Paul,,New Customer
S07487,CU1845,C0347,24-11-2024,2,93940,Cash,Mrs. Kelly Kirk,,Repeating Customer
S07488,CU1956,C0069,07-10-2023,1,96934,Installment,Teresa Thompson,,New Customer
S07489,CU1198,C0281,20-05-2025,2,30562,Installment,Thomas Harmon,,Repeating Customer
S07490,CU0432,C0052,10-10-2025,2,41726,Cash,Amanda Morris,,Repeating Customer
S07491,CU0330,C0237,14-03-2023,2,82081,Installment,Nathan Hart,,Repeating Customer
S07492,CU0653,C0197,13-11-2024,3,74847,Installment,Andrew Parker,,Loyal Customer
S07493,CU1485,C0122,06-10-2024,2,28308,Credit,Vanessa Gilbert,,Repeating Customer
S07494,CU0177,C0350,21-10-2025,2,71276,Credit,Charles Gonzalez,,Repeating Customer
S07495,CU1855,C0024,03-11-2022,3,94221,Cash,Michael Mayer,,Loyal Customer
S07496,CU1499,C0126,28-02-2024,3,83915,Installment,Sierra Rose,,Loyal Customer
S07497,CU0677,C0482,25-11-2024,1,48905,Cash,Jessica Garcia,,New Customer
S07498,CU0075,C0274,07-07-2023,3,31076,Cash,Eric Thompson,,Loyal Customer
S07499,CU0769,C0457,14-07-2025,1,51258,Cash,Casey Fritz,,New Customer
S07500,CU0232,C0489,03-08-2023,1,64464,Cash,Tammy Alvarez,,New Customer
S07501,CU1754,C0412,24-12-2024,2,80620,Installment,Lawrence Whitaker,,Repeating Customer
S07502,CU1913,C0103,25-04-2023,3,73628,Installment,Michael Valenzuela,,Loyal Customer
S07503,CU0629,C0451,31-07-2024,3,91888,Credit,Joseph Stewart,,Loyal Customer
S07504,CU1868,C0186,15-05-2025,3,85541,Credit,Rachel Skinner,,Loyal Customer
S07505,CU1303,C0315,03-09-2024,1,86659,Credit,Michelle Wood,,New Customer
S07506,CU1411,C0057,24-01-2024,1,75585,Credit,Mallory Blanchard,,New Customer
S07507,CU1251,C0481,10-03-2024,2,20326,Credit,Mandy King,,Repeating Customer
S07508,CU1047,C0270,25-03-2025,1,15599,Credit,Tammy Pearson,,New Customer
S07509,CU0682,C0287,16-03-2023,1,28335,Installment,Stephanie Jackson,,New Customer
S07510,CU1109,C0201,17-11-2023,3,95207,Cash,Glenn Steele,,Loyal Customer
S07511,CU0010,C0416,23-03-2024,1,24901,Credit,Angela Bennett,,New Customer
S07512,CU0047,C0197,03-12-2022,1,95667,Credit,Troy Scott,,New Customer
S07513,CU1314,C0133,18-11-2023,3,19678,Credit,Gary Torres,,Loyal Customer
S07514,CU1900,C0032,16-07-2023,3,37400,Credit,Tommy Ward,,Loyal Customer
S07515,CU0570,C0043,08-05-2023,3,60887,Cash,Stephanie Hart,,Loyal Customer
S07516,CU1232,C0083,03-12-2024,2,23786,Credit,Diana Gray,,Repeating Customer
S07517,CU1284,C0385,02-09-2023,3,38426,Installment,Holly Taylor,,Loyal Customer
S07518,CU0717,C0395,14-12-2023,1,81682,Cash,Carol Thomas,,New Customer
S07519,CU0019,C0330,07-10-2023,2,66722,Credit,Joseph Lee,,Repeating Customer
S07520,CU1217,C0037,06-01-2024,2,91237,Installment,Donald Ramirez,,Repeating Customer
S07521,CU0208,C0148,24-04-2023,3,24993,Installment,David Nelson,,Loyal Customer
S07522,CU1598,C0096,25-06-2025,1,49627,Cash,Sarah Vaughn,,New Customer
S07523,CU1734,C0452,13-07-2023,2,78217,Credit,Sandra Sharp,,Repeating Customer
S07524,CU1969,C0329,07-11-2023,1,70255,Installment,Katelyn Curry,,New Customer
S07525,CU1789,C0119,27-11-2024,2,85439,Cash,Michael Krueger,,Repeating Customer
S07526,CU0281,C0216,02-05-2023,3,39206,Cash,Donald Sanchez,,Loyal Customer
S07527,CU0904,C0144,10-09-2024,2,60046,Credit,Angela Chan,,Repeating Customer
S07528,CU0433,C0290,25-09-2025,1,33399,Cash,Mike Baker,,New Customer
S07529,CU1455,C0048,29-05-2023,2,95693,Installment,Frank Johnson,,Repeating Customer
S07530,CU1276,C0218,04-01-2025,2,66844,Credit,Cathy Suarez,,Repeating Customer
S07531,CU1119,C0256,06-08-2024,2,46785,Installment,Mary Watts,,Repeating Customer
S07532,CU0700,C0367,22-12-2022,2,67112,Credit,John Perez,,Repeating Customer
S07533,CU0662,C0142,30-01-2023,3,83269,Installment,Susan Morris,,Loyal Customer
S07534,CU1717,C0135,04-03-2024,1,61288,Cash,Terri Holmes,,New Customer
S07535,CU0894,C0129,23-01-2023,1,33865,Installment,Brian Hamilton,,New Customer
S07536,CU1045,C0090,18-02-2025,3,25052,Installment,Jamie Robinson,,Loyal Customer
S07537,CU1119,C0297,04-07-2025,2,20893,Installment,Jeffrey Medina,,Repeating Customer
S07538,CU1277,C0146,20-09-2025,1,45764,Cash,Veronica Vasquez,,New Customer
S07539,CU0180,C0349,11-10-2024,1,24710,Cash,Richard Foley,,New Customer
S07540,CU1469,C0374,08-06-2024,2,87309,Cash,Virginia Harris,,Repeating Customer
S07541,CU1819,C0193,30-12-2024,1,71250,Installment,Melissa Holt,,New Customer
S07542,CU1391,C0174,15-08-2023,3,29822,Credit,Michael Kelly,,Loyal Customer
S07543,CU1166,C0271,12-01-2024,2,26682,Cash,Kevin Johnston,,Repeating Customer
S07544,CU0338,C0019,17-06-2025,3,26725,Installment,Sheri Terry,,Loyal Customer
S07545,CU1654,C0162,07-07-2024,2,37445,Installment,Jimmy Hansen,,Repeating Customer
S07546,CU0271,C0033,27-01-2025,2,70317,Credit,Mr. Jonathan Stevens,,Repeating Customer
S07547,CU1265,C0458,08-08-2025,2,56069,Credit,Ronald Weiss,,Repeating Customer
S07548,CU0345,C0080,14-08-2023,2,34281,Credit,Jodi Long,,Repeating Customer
S07549,CU0077,C0081,07-10-2024,3,36540,Installment,Megan Patterson,,Loyal Customer
S07550,CU1099,C0484,03-05-2024,1,68556,Credit,Linda Rivera,,New Customer
S07551,CU1442,C0269,05-12-2024,1,84971,Installment,Dana Oconnor,,New Customer
S07552,CU1963,C0138,04-04-2025,2,49541,Credit,Jeffrey Sawyer,,Repeating Customer
S07553,CU1094,C0096,11-10-2024,1,60186,Cash,Steven Goodman,,New Customer
S07554,CU0568,C0044,01-12-2024,1,64432,Installment,Karen Garrett,,New Customer
S07555,CU1345,C0415,08-01-2024,2,56613,Installment,Angelica Barnes,,Repeating Customer
S07556,CU0836,C0449,25-06-2025,1,64657,Cash,Sheri Olson,,New Customer
S07557,CU0104,C0475,27-05-2023,1,38074,Cash,Ronald Shaw,,New Customer
S07558,CU1163,C0333,29-03-2023,3,29626,Credit,Sarah Reed,,Loyal Customer
S07559,CU1803,C0122,04-11-2024,3,46010,Credit,Cheryl Poole,,Loyal Customer
S07560,CU1017,C0403,15-01-2023,1,15852,Installment,Keith Wall,,New Customer
S07561,CU1164,C0180,24-07-2025,2,36380,Installment,Rachel Hayes,,Repeating Customer
S07562,CU0402,C0091,23-08-2023,3,50794,Credit,Timothy Gordon,,Loyal Customer
S07563,CU1516,C0401,10-12-2023,2,38042,Credit,Teresa Mitchell,,Repeating Customer
S07564,CU1766,C0238,27-02-2025,2,96233,Credit,Laura Anderson,,Repeating Customer
S07565,CU1827,C0441,28-02-2023,1,35604,Cash,Brandon Chan,,New Customer
S07566,CU0365,C0013,21-12-2023,2,36505,Installment,Ruth Collins,,Repeating Customer
S07567,CU1629,C0434,05-10-2024,3,87675,Credit,Terri Gutierrez,,Loyal Customer
S07568,CU1950,C0254,11-09-2023,3,40527,Cash,Laurie Mclaughlin,,Loyal Customer
S07569,CU0607,C0465,12-10-2023,1,24402,Cash,Dustin Erickson,,New Customer
S07570,CU0194,C0062,24-07-2023,3,21273,Credit,Sarah Peterson,,Loyal Customer
S07571,CU0546,C0227,04-03-2025,2,48457,Cash,Mary Mccoy,,Repeating Customer
S07572,CU0314,C0352,02-02-2023,2,97791,Credit,Catherine Johnston,,Repeating Customer
S07573,CU1673,C0425,07-04-2025,2,41597,Cash,Christopher Schwartz,,Repeating Customer
S07574,CU1865,C0209,04-11-2023,3,55323,Cash,Juan Day,,Loyal Customer
S07575,CU1520,C0012,29-01-2025,3,20522,Credit,Gregory Gaines,,Loyal Customer
S07576,CU0227,C0186,08-02-2025,1,27726,Cash,Angel Lane,,New Customer
S07577,CU1064,C0252,04-02-2024,3,75845,Installment,Jennifer Hanson,,Loyal Customer
S07578,CU1660,C0455,08-02-2024,1,66453,Cash,Michael Chen,,New Customer
S07579,CU0259,C0380,17-06-2025,1,57680,Cash,Adrian Dunn,,New Customer
S07580,CU0916,C0030,25-10-2025,2,47780,Installment,Michael Woods,,Repeating Customer
S07581,CU1662,C0254,25-12-2023,1,77465,Cash,Lisa Marshall,,New Customer
S07582,CU0998,C0252,10-11-2024,3,89152,Credit,Brian Baker,,Loyal Customer
S07583,CU1000,C0288,11-11-2022,1,98429,Credit,Aaron Mitchell,,New Customer
S07584,CU0171,C0113,03-01-2025,2,15006,Installment,Donna Daniel,,Repeating Customer
S07585,CU0951,C0297,13-05-2023,3,79739,Cash,Katelyn Young,,Loyal Customer
S07586,CU1985,C0088,11-02-2024,1,59892,Credit,Kevin Lopez,,New Customer
S07587,CU1700,C0011,11-02-2023,2,26998,Cash,Ann Salas,,Repeating Customer
S07588,CU0901,C0077,29-11-2024,3,53189,Cash,Pamela Finley,,Loyal Customer
S07589,CU0823,C0485,28-09-2025,3,61324,Cash,Mr. Martin Andrews DVM,,Loyal Customer
S07590,CU1017,C0051,07-08-2024,1,46679,Installment,Lindsey Phillips,,New Customer
S07591,CU0005,C0310,25-09-2025,1,22635,Credit,Anthony Coleman,,New Customer
S07592,CU0898,C0350,11-08-2023,3,93754,Credit,Kayla Walter,,Loyal Customer
S07593,CU0327,C0148,04-04-2025,2,93929,Installment,Alexandra Simon,,Repeating Customer
S07594,CU0761,C0401,05-03-2023,2,43034,Cash,Christopher Blanchard,,Repeating Customer
S07595,CU1937,C0283,31-12-2023,3,35695,Cash,Donna Campbell,,Loyal Customer
S07596,CU0069,C0322,20-09-2023,3,28119,Cash,Misty Mueller,,Loyal Customer
S07597,CU1352,C0223,05-07-2025,3,91864,Installment,Michael Saunders,,Loyal Customer
S07598,CU0370,C0408,02-09-2025,3,82900,Credit,Mr. Micheal Elliott DVM,,Loyal Customer
S07599,CU1084,C0052,15-06-2023,2,87018,Cash,Evelyn Johnson,,Repeating Customer
S07600,CU1494,C0105,17-12-2022,2,67874,Cash,Patricia Johnson,,Repeating Customer
S07601,CU0132,C0461,01-04-2025,2,34087,Installment,Cynthia Collins,,Repeating Customer
S07602,CU0940,C0324,25-01-2024,1,88928,Installment,Jay Lindsey,,New Customer
S07603,CU0790,C0300,03-11-2022,3,50683,Cash,Regina Willis,,Loyal Customer
S07604,CU1220,C0225,25-08-2025,3,68968,Installment,Kevin Waller,,Loyal Customer
S07605,CU1961,C0310,12-01-2025,3,18696,Cash,Christina Alvarez,,Loyal Customer
S07606,CU0264,C0220,15-03-2025,3,47887,Cash,Deborah Martinez,,Loyal Customer
S07607,CU1464,C0009,13-11-2022,1,79696,Installment,Margaret Brooks,,New Customer
S07608,CU1450,C0297,26-04-2025,2,22095,Installment,Susan Gibson,,Repeating Customer
S07609,CU0298,C0406,08-07-2023,2,29847,Installment,Jonathan Davis,,Repeating Customer
S07610,CU0810,C0379,05-11-2024,1,62022,Credit,Lynn Brennan,,New Customer
S07611,CU1523,C0462,06-10-2024,1,36669,Installment,Christian Wright,,New Customer
S07612,CU1983,C0283,10-05-2024,3,83932,Credit,Daniel Collins,,Loyal Customer
S07613,CU0586,C0415,18-12-2023,1,57641,Cash,Rebecca Powers,,New Customer
S07614,CU0138,C0033,03-11-2022,2,27837,Installment,Connor Chan,,Repeating Customer
S07615,CU1104,C0310,24-11-2022,1,89624,Cash,Angela Rivas,,New Customer
S07616,CU0455,C0485,02-09-2025,1,84104,Installment,Danielle Fox,,New Customer
S07617,CU0008,C0303,05-06-2023,1,21315,Installment,Shannon Lewis,,New Customer
S07618,CU0379,C0445,12-08-2025,2,61904,Cash,Greg Mendoza,,Repeating Customer
S07619,CU0008,C0388,04-02-2024,1,83765,Credit,Kevin Decker,,New Customer
S07620,CU0632,C0189,02-06-2024,2,77702,Installment,Misty Drake,,Repeating Customer
S07621,CU1933,C0491,08-10-2023,1,40876,Credit,Brenda Smith,,New Customer
S07622,CU1548,C0407,22-12-2024,1,86813,Installment,Emily Cooper,,New Customer
S07623,CU0921,C0341,30-10-2023,1,96245,Cash,David Mccoy,,New Customer
S07624,CU0420,C0003,12-01-2024,2,33189,Cash,Shawn Weiss,,Repeating Customer
S07625,CU1632,C0325,22-10-2023,2,69226,Installment,Scott Castro,,Repeating Customer
S07626,CU0515,C0077,27-12-2023,3,87363,Cash,Brian Olson,,Loyal Customer
S07627,CU1434,C0430,19-12-2023,3,90262,Credit,Patrick Juarez,,Loyal Customer
S07628,CU1727,C0024,12-09-2025,1,90266,Credit,Nicholas Medina,,New Customer
S07629,CU1554,C0034,16-10-2025,2,44829,Credit,Kathleen Mcdonald,,Repeating Customer
S07630,CU0341,C0364,13-12-2022,1,19519,Credit,Daniel Green,,New Customer
S07631,CU1000,C0174,10-06-2025,2,38695,Credit,Tara Ross,,Repeating Customer
S07632,CU0575,C0459,06-09-2023,2,16492,Credit,Barbara Ramirez,,Repeating Customer
S07633,CU1007,C0407,12-03-2024,3,73878,Credit,John Taylor,,Loyal Customer
S07634,CU0894,C0247,03-07-2025,2,98791,Cash,Kevin Benjamin,,Repeating Customer
S07635,CU1756,C0213,02-11-2022,2,96094,Cash,Tyler Duran,,Repeating Customer
S07636,CU0608,C0352,03-03-2023,1,41672,Installment,Benjamin Gomez,,New Customer
S07637,CU0990,C0125,20-04-2024,2,67108,Cash,Leslie Smith,,Repeating Customer
S07638,CU0964,C0468,11-08-2024,1,60628,Installment,Andrew Riley,,New Customer
S07639,CU0311,C0264,28-12-2023,2,68923,Cash,William Mcpherson,,Repeating Customer
S07640,CU0585,C0360,14-10-2024,1,64047,Installment,Angela James,,New Customer
S07641,CU0988,C0447,19-05-2023,2,28728,Cash,Karen Garner,,Repeating Customer
S07642,CU1806,C0176,10-08-2025,3,93478,Cash,Brandon Soto,,Loyal Customer
S07643,CU0805,C0327,04-06-2025,3,60249,Credit,Andrea Gray,,Loyal Customer
S07644,CU0444,C0107,07-08-2023,2,71161,Cash,Thomas Blackburn,,Repeating Customer
S07645,CU0792,C0118,10-02-2023,1,58663,Cash,Wendy Oneill,,New Customer
S07646,CU1255,C0471,10-06-2024,2,64280,Installment,Thomas Phelps,,Repeating Customer
S07647,CU0425,C0126,09-10-2024,2,20907,Credit,Alexander Craig,,Repeating Customer
S07648,CU1492,C0253,22-01-2023,3,77223,Cash,Carol Landry,,Loyal Customer
S07649,CU0225,C0019,29-04-2023,3,19724,Credit,Daniel Goodman,,Loyal Customer
S07650,CU0182,C0178,17-06-2023,1,63653,Credit,Julie Miller,,New Customer
S07651,CU0229,C0445,29-03-2024,1,99364,Installment,Andrew Johnson,,New Customer
S07652,CU0915,C0415,05-06-2025,2,43200,Credit,Nicole Cochran,,Repeating Customer
S07653,CU0120,C0403,28-06-2025,2,20354,Cash,Erica Reid DDS,,Repeating Customer
S07654,CU0457,C0054,27-06-2025,1,87105,Cash,James Griffin,,New Customer
S07655,CU0051,C0378,30-11-2022,3,68157,Credit,Ariana Diaz,,Loyal Customer
S07656,CU1912,C0255,22-02-2025,1,50470,Installment,Leslie Stewart,,New Customer
S07657,CU0468,C0431,02-06-2025,2,72592,Installment,Lisa Richardson,,Repeating Customer
S07658,CU1211,C0419,06-11-2023,2,99701,Installment,Richard Young,,Repeating Customer
S07659,CU1831,C0109,09-01-2023,1,46127,Installment,Cameron Kemp,,New Customer
S07660,CU0534,C0405,24-05-2023,2,84980,Installment,Anne Leon,,Repeating Customer
S07661,CU0773,C0215,08-04-2023,3,81275,Cash,Kylie Chandler,,Loyal Customer
S07662,CU1061,C0296,30-05-2023,3,37256,Installment,Erin Perry,,Loyal Customer
S07663,CU1237,C0222,11-09-2025,1,90102,Installment,Monica Tate,,New Customer
S07664,CU0585,C0129,09-11-2023,3,88232,Installment,Christina Pennington,,Loyal Customer
S07665,CU1664,C0341,17-11-2023,2,78088,Credit,Sean Reynolds,,Repeating Customer
S07666,CU0191,C0211,21-06-2025,2,66728,Credit,Emily Evans,,Repeating Customer
S07667,CU0187,C0483,09-01-2025,3,51973,Cash,John Long,,Loyal Customer
S07668,CU1896,C0358,03-06-2025,2,92948,Cash,Henry Poole,,Repeating Customer
S07669,CU1402,C0451,31-07-2024,1,37328,Cash,Jennifer Larson,,New Customer
S07670,CU1060,C0423,05-04-2025,1,58867,Installment,Michael Rice,,New Customer
S07671,CU1183,C0067,23-04-2023,3,89131,Cash,Caleb Jimenez,,Loyal Customer
S07672,CU1580,C0265,24-07-2025,3,26552,Credit,Jason Carter,,Loyal Customer
S07673,CU1448,C0122,07-11-2023,3,52807,Installment,Krystal Brown,,Loyal Customer
S07674,CU0090,C0085,08-03-2023,3,85999,Cash,Justin Elliott,,Loyal Customer
S07675,CU1140,C0203,23-04-2023,2,59038,Credit,Katherine Hartman,,Repeating Customer
S07676,CU1447,C0392,02-09-2025,3,81628,Cash,Corey Pitts,,Loyal Customer
S07677,CU0126,C0010,11-10-2023,2,91800,Installment,Gloria Williams,,Repeating Customer
S07678,CU0928,C0315,02-07-2024,3,50000,Installment,Cody Hammond,,Loyal Customer
S07679,CU0064,C0429,25-11-2022,3,77619,Cash,Mrs. Casey Cowan,,Loyal Customer
S07680,CU0930,C0291,26-12-2024,1,37366,Cash,Erik Bush PhD,,New Customer
S07681,CU0820,C0073,12-10-2023,3,76405,Installment,Richard Brady,,Loyal Customer
S07682,CU0118,C0410,16-07-2024,1,35695,Cash,Jennifer Shannon,,New Customer
S07683,CU1202,C0426,17-08-2023,2,24798,Installment,Amanda Harrison,,Repeating Customer
S07684,CU1729,C0460,25-05-2023,3,75433,Installment,Rachel Frazier,,Loyal Customer
S07685,CU1490,C0352,06-02-2025,3,97882,Installment,Loretta Franklin,,Loyal Customer
S07686,CU1196,C0491,01-03-2025,3,41084,Cash,Jeffrey Singh,,Loyal Customer
S07687,CU0779,C0346,20-01-2025,2,21775,Cash,Jonathan Buchanan,,Repeating Customer
S07688,CU1561,C0394,16-07-2024,2,43093,Installment,Theodore Martinez,,Repeating Customer
S07689,CU1837,C0334,09-04-2023,1,86619,Cash,Ryan Barber,,New Customer
S07690,CU1172,C0352,17-05-2023,2,50333,Credit,Caroline Schneider,,Repeating Customer
S07691,CU1751,C0292,07-06-2024,2,34668,Cash,Crystal Wilson,,Repeating Customer
S07692,CU0309,C0182,23-10-2025,3,23888,Credit,Joseph Wilson,,Loyal Customer
S07693,CU1153,C0203,05-06-2025,2,42522,Credit,Lee Powell,,Repeating Customer
S07694,CU0405,C0430,11-09-2024,3,23989,Cash,Patrick Barber,,Loyal Customer
S07695,CU1001,C0255,01-03-2023,3,78510,Cash,Brenda Ortiz,,Loyal Customer
S07696,CU1119,C0471,05-10-2025,3,45115,Credit,Raymond Cain,,Loyal Customer
S07697,CU0915,C0410,06-05-2024,2,74788,Credit,Kendra Pennington,,Repeating Customer
S07698,CU1148,C0290,17-12-2024,2,95977,Credit,Cheryl Holland,,Repeating Customer
S07699,CU0039,C0066,20-03-2024,3,47414,Installment,Shannon Huang,,Loyal Customer
S07700,CU0362,C0029,28-12-2022,1,24393,Installment,Sarah Boone,,New Customer
S07701,CU1353,C0119,18-10-2025,3,39597,Credit,David Welch,,Loyal Customer
S07702,CU0984,C0248,10-11-2023,1,81003,Credit,Rebecca Turner,,New Customer
S07703,CU1725,C0091,07-10-2023,2,94060,Credit,Samantha Gonzales,,Repeating Customer
S07704,CU1374,C0162,21-03-2024,3,75045,Cash,Natasha Moore,,Loyal Customer
S07705,CU0146,C0216,29-12-2023,3,75202,Cash,Alicia Pacheco,,Loyal Customer
S07706,CU1070,C0097,05-04-2025,2,51469,Credit,Kimberly Fox,,Repeating Customer
S07707,CU0302,C0233,15-10-2024,1,15342,Installment,Kimberly Robbins,,New Customer
S07708,CU0474,C0255,14-05-2025,2,33789,Credit,Jennifer Hall,,Repeating Customer
S07709,CU0759,C0010,07-09-2023,3,17403,Installment,Mary Butler,,Loyal Customer
S07710,CU0341,C0178,10-05-2025,1,91166,Cash,Randall Fowler,,New Customer
S07711,CU1230,C0444,17-09-2023,3,49303,Installment,Adam Clark,,Loyal Customer
S07712,CU0710,C0058,02-04-2023,3,49826,Credit,Steven Turner,,Loyal Customer
S07713,CU1612,C0402,23-03-2024,1,40405,Credit,William Ramirez,,New Customer
S07714,CU1348,C0075,30-01-2024,3,45501,Installment,Eric Nguyen,,Loyal Customer
S07715,CU1386,C0424,05-05-2023,2,56964,Installment,Heather Anderson,,Repeating Customer
S07716,CU0860,C0157,25-01-2025,3,51008,Cash,Henry Gonzales,,Loyal Customer
S07717,CU0428,C0281,26-09-2023,3,93014,Installment,Tammy Hunt DDS,,Loyal Customer
S07718,CU1407,C0342,20-01-2025,3,95623,Cash,Martha Jones,,Loyal Customer
S07719,CU1517,C0490,02-10-2024,3,27505,Credit,Susan Lane,,Loyal Customer
S07720,CU0705,C0450,17-10-2025,3,60491,Cash,Tammy Spencer,,Loyal Customer
S07721,CU1114,C0236,12-10-2023,1,36164,Cash,Leslie Jones,,New Customer
S07722,CU1749,C0262,07-02-2024,1,56474,Cash,Ian Keith,,New Customer
S07723,CU1844,C0428,03-06-2025,1,59993,Installment,Jeremy Long Jr.,,New Customer
S07724,CU0095,C0317,18-08-2024,3,29616,Cash,Jerry Graham,,Loyal Customer
S07725,CU1058,C0345,20-07-2023,1,63462,Cash,Tanner Hudson,,New Customer
S07726,CU0991,C0195,26-05-2024,1,31925,Credit,Douglas Bailey,,New Customer
S07727,CU0293,C0138,10-04-2025,3,94290,Credit,Vincent Woods,,Loyal Customer
S07728,CU0141,C0272,09-04-2024,2,95767,Credit,Kendra Parrish,,Repeating Customer
S07729,CU0130,C0328,19-03-2023,2,22258,Credit,Michael Nichols,,Repeating Customer
S07730,CU1771,C0179,03-04-2023,1,15090,Credit,Christine Smith,,New Customer
S07731,CU0885,C0484,29-06-2023,1,75235,Credit,John Mcbride,,New Customer
S07732,CU1277,C0085,11-02-2023,1,79022,Cash,James Brown PhD,,New Customer
S07733,CU0936,C0217,21-06-2023,3,56097,Credit,Eric Roy,,Loyal Customer
S07734,CU1600,C0365,27-12-2022,2,37118,Installment,Jessica Briggs,,Repeating Customer
S07735,CU1458,C0492,25-04-2024,2,61681,Cash,Isabel Pham,,Repeating Customer
S07736,CU1904,C0102,13-05-2025,1,28231,Cash,Dennis Knox,,New Customer
S07737,CU1221,C0195,11-01-2025,1,82623,Credit,Mallory Gonzalez,,New Customer
S07738,CU1651,C0260,08-01-2023,1,81299,Installment,Craig Phillips,,New Customer
S07739,CU0061,C0123,15-12-2022,1,97829,Cash,James Brown,,New Customer
S07740,CU1298,C0050,22-03-2023,1,99493,Installment,Jessica Walker,,New Customer
S07741,CU0960,C0352,22-01-2025,3,66309,Installment,Megan Harrell,,Loyal Customer
S07742,CU1149,C0001,16-10-2023,1,31688,Cash,Amanda Ayers,,New Customer
S07743,CU1615,C0146,23-11-2022,3,60597,Cash,Ashley Luna,,Loyal Customer
S07744,CU1065,C0135,04-02-2023,2,31478,Credit,Matthew Wolf,,Repeating Customer
S07745,CU0818,C0424,18-10-2024,2,34609,Cash,Jeffrey Watts,,Repeating Customer
S07746,CU0360,C0294,11-07-2025,1,80275,Credit,Kara Combs,,New Customer
S07747,CU1007,C0139,04-10-2024,1,75526,Installment,Joann Rosario,,New Customer
S07748,CU1390,C0126,12-04-2025,2,56358,Credit,Olivia Maldonado DDS,,Repeating Customer
S07749,CU0801,C0226,11-05-2025,1,43157,Installment,Troy Johnson,,New Customer
S07750,CU1767,C0433,22-04-2025,3,77291,Credit,Andrew Fields,,Loyal Customer
S07751,CU1327,C0488,05-04-2025,1,72581,Credit,Steven Valenzuela,,New Customer
S07752,CU0639,C0278,11-03-2025,2,71113,Credit,Anthony Williams,,Repeating Customer
S07753,CU1765,C0063,06-06-2024,2,91874,Cash,Justin Chavez,,Repeating Customer
S07754,CU1209,C0072,15-04-2025,2,93161,Cash,Gabriela Bartlett,,Repeating Customer
S07755,CU1904,C0187,23-06-2023,2,78920,Credit,Cynthia Frazier,,Repeating Customer
S07756,CU1140,C0060,17-08-2023,3,93115,Installment,Kara Brown,,Loyal Customer
S07757,CU1759,C0119,30-04-2025,2,58160,Credit,Lori Giles,,Repeating Customer
S07758,CU1576,C0208,21-01-2023,1,91445,Installment,William Taylor,,New Customer
S07759,CU0407,C0357,30-09-2023,3,73090,Installment,Sherry Jones,,Loyal Customer
S07760,CU0071,C0064,14-05-2024,3,32002,Cash,Jason Bryant,,Loyal Customer
S07761,CU0629,C0343,13-02-2025,1,16408,Cash,April Hernandez,,New Customer
S07762,CU1244,C0216,25-09-2024,2,92501,Cash,Julia Campbell,,Repeating Customer
S07763,CU1864,C0105,04-03-2024,3,74526,Installment,Marissa Evans,,Loyal Customer
S07764,CU0973,C0104,26-08-2025,2,60854,Cash,Sandra Carter,,Repeating Customer
S07765,CU1532,C0260,04-05-2025,1,65739,Installment,Richard Andrews,,New Customer
S07766,CU1133,C0034,20-06-2023,1,84996,Credit,Ann Johnson,,New Customer
S07767,CU1295,C0123,21-03-2023,1,80270,Cash,Lauren Lee,,New Customer
S07768,CU1621,C0468,26-10-2024,3,35275,Credit,William Tyler,,Loyal Customer
S07769,CU0584,C0055,08-03-2024,1,70307,Credit,Curtis Ford,,New Customer
S07770,CU1960,C0496,10-03-2024,1,41567,Installment,Brenda Mcdaniel,,New Customer
S07771,CU1545,C0100,13-10-2023,2,72764,Credit,Phillip Gonzalez,,Repeating Customer
S07772,CU1889,C0357,29-01-2024,2,50518,Credit,Michelle Thomas,,Repeating Customer
S07773,CU0667,C0359,07-07-2024,2,84227,Credit,Robert Smith,,Repeating Customer
S07774,CU1077,C0406,02-09-2024,2,32359,Installment,Brett Lindsey,,Repeating Customer
S07775,CU0642,C0453,24-05-2025,2,26410,Cash,Abigail Jensen,,Repeating Customer
S07776,CU0974,C0197,16-12-2022,1,40464,Cash,Bailey Johnson,,New Customer
S07777,CU1860,C0224,17-07-2025,3,90491,Installment,Thomas Schwartz,,Loyal Customer
S07778,CU0994,C0163,29-11-2022,2,70807,Cash,Bryan Hughes,,Repeating Customer
S07779,CU0540,C0486,05-06-2025,1,72963,Credit,Lisa Cummings,,New Customer
S07780,CU1942,C0251,13-01-2023,2,35042,Credit,Jennifer Phillips,,Repeating Customer
S07781,CU1498,C0214,01-05-2025,3,39477,Credit,Jose Farmer,,Loyal Customer
S07782,CU1284,C0080,11-10-2025,2,46683,Credit,Elizabeth Rosario,,Repeating Customer
S07783,CU1550,C0035,21-02-2024,1,34440,Credit,Edward Hawkins,,New Customer
S07784,CU1432,C0266,31-10-2022,1,60976,Credit,Andre Burgess,,New Customer
S07785,CU0734,C0089,24-12-2023,3,71182,Cash,Jessica Anderson,,Loyal Customer
S07786,CU1424,C0396,26-02-2025,1,57671,Credit,Joann Alvarez,,New Customer
S07787,CU0082,C0158,05-08-2025,2,99535,Cash,Jonathan Nguyen,,Repeating Customer
S07788,CU1973,C0169,20-01-2025,2,31458,Installment,Joseph Turner,,Repeating Customer
S07789,CU0267,C0326,24-04-2024,3,55658,Cash,Shawn Jones,,Loyal Customer
S07790,CU0498,C0246,26-05-2024,3,16627,Credit,Emily Benson,,Loyal Customer
S07791,CU1490,C0147,14-09-2024,1,46181,Cash,Joshua Rocha MD,,New Customer
S07792,CU1812,C0207,12-11-2022,3,39355,Installment,Dr. William Marks,,Loyal Customer
S07793,CU0308,C0216,16-08-2023,2,85370,Credit,Carrie Pierce,,Repeating Customer
S07794,CU1360,C0391,16-09-2025,1,89533,Credit,Linda Green,,New Customer
S07795,CU0972,C0353,02-06-2024,1,51930,Installment,Christopher Schmidt,,New Customer
S07796,CU1492,C0438,23-01-2025,3,19826,Installment,Michael Compton,,Loyal Customer
S07797,CU1336,C0168,12-04-2024,1,91264,Credit,Emily Lee,,New Customer
S07798,CU0484,C0056,24-03-2025,1,31478,Credit,Shawn Villarreal,,New Customer
S07799,CU0184,C0273,16-01-2024,2,36613,Installment,Samuel Lee,,Repeating Customer
S07800,CU0889,C0430,23-07-2025,2,16480,Installment,Jacob Smith,,Repeating Customer
S07801,CU1880,C0233,25-09-2024,1,88927,Installment,Brandy Williams,,New Customer
S07802,CU1971,C0082,01-12-2022,1,46887,Cash,Natalie Perez,,New Customer
S07803,CU0213,C0491,30-05-2023,1,53221,Credit,Matthew Roy,,New Customer
S07804,CU0583,C0142,12-12-2023,1,84850,Installment,Patricia Weaver DVM,,New Customer
S07805,CU0468,C0390,04-05-2023,1,97974,Installment,Jonathan Brown,,New Customer
S07806,CU1922,C0418,23-03-2023,2,15962,Installment,Melissa Buck,,Repeating Customer
S07807,CU0342,C0492,04-08-2023,3,62917,Credit,Jessica Berry,,Loyal Customer
S07808,CU1340,C0267,11-06-2023,2,78704,Credit,Valerie Chang,,Repeating Customer
S07809,CU0233,C0314,04-06-2023,2,81726,Credit,Katherine Pugh,,Repeating Customer
S07810,CU0342,C0442,25-03-2025,3,58526,Credit,Jerome Harris,,Loyal Customer
S07811,CU0143,C0160,12-07-2023,2,22019,Credit,Susan Brown,,Repeating Customer
S07812,CU1596,C0314,23-05-2025,2,49180,Installment,Mikayla Warren,,Repeating Customer
S07813,CU0687,C0377,11-12-2023,3,74517,Cash,William Baker,,Loyal Customer
S07814,CU0791,C0361,09-02-2023,1,26470,Credit,Paul Montgomery,,New Customer
S07815,CU0194,C0291,15-03-2025,1,74352,Cash,Emily Koch,,New Customer
S07816,CU1242,C0108,21-11-2024,1,47670,Installment,Bradley Walton,,New Customer
S07817,CU1899,C0441,05-03-2024,2,20808,Cash,Allison Hart,,Repeating Customer
S07818,CU0431,C0080,02-01-2023,2,59107,Credit,Courtney Arellano,,Repeating Customer
S07819,CU1145,C0036,19-11-2023,2,62529,Installment,Max Erickson,,Repeating Customer
S07820,CU0123,C0302,12-01-2024,3,51238,Installment,Michael Ellis,,Loyal Customer
S07821,CU0611,C0483,30-04-2023,1,48980,Cash,Allen Bowman,,New Customer
S07822,CU1773,C0019,08-04-2023,2,81299,Credit,Shannon Serrano,,Repeating Customer
S07823,CU1210,C0334,16-07-2023,1,40054,Cash,Jose Thomas,,New Customer
S07824,CU0236,C0134,04-12-2024,1,29288,Credit,Ryan Ward,,New Customer
S07825,CU0740,C0179,10-01-2023,2,46109,Cash,Kimberly Anderson,,Repeating Customer
S07826,CU0138,C0007,01-08-2025,3,62483,Credit,Kerry Williams,,Loyal Customer
S07827,CU0851,C0029,15-12-2022,2,24057,Cash,Natalie Boone,,Repeating Customer
S07828,CU0714,C0155,20-01-2025,3,28906,Credit,Randy Sanchez,,Loyal Customer
S07829,CU0716,C0325,29-07-2025,2,84348,Cash,Jasmine Walters,,Repeating Customer
S07830,CU0739,C0005,08-07-2025,1,36761,Credit,Joseph Garza,,New Customer
S07831,CU0466,C0454,11-01-2024,2,48242,Installment,William Reid,,Repeating Customer
S07832,CU1913,C0255,11-05-2025,2,51335,Installment,Mary Nichols,,Repeating Customer
S07833,CU0272,C0391,22-04-2025,1,74370,Installment,Laura Hartman,,New Customer
S07834,CU1426,C0463,06-01-2023,3,20754,Cash,Christine Perry,,Loyal Customer
S07835,CU0993,C0418,13-11-2022,3,66247,Cash,Elizabeth Sanchez,,Loyal Customer
S07836,CU1446,C0163,13-10-2023,3,18563,Installment,Heather Carlson,,Loyal Customer
S07837,CU0022,C0028,23-07-2024,2,65389,Credit,Ronald Thompson,,Repeating Customer
S07838,CU1198,C0041,13-11-2024,1,55042,Cash,Denise Bird,,New Customer
S07839,CU1363,C0010,13-09-2023,2,24425,Credit,Kathryn Riley,,Repeating Customer
S07840,CU1613,C0485,18-11-2024,1,57920,Cash,Angela Fuentes,,New Customer
S07841,CU1502,C0329,24-11-2023,2,45116,Cash,Stephanie Fowler,,Repeating Customer
S07842,CU0406,C0068,07-01-2024,2,18450,Installment,Anthony Lopez,,Repeating Customer
S07843,CU1733,C0357,30-03-2025,1,38039,Cash,Sean Mason,,New Customer
S07844,CU0051,C0022,31-01-2025,3,33909,Installment,Bradley Hill,,Loyal Customer
S07845,CU0578,C0143,19-03-2023,2,80522,Credit,Maria Lopez,,Repeating Customer
S07846,CU1342,C0457,05-12-2024,3,59143,Cash,Sarah Zimmerman,,Loyal Customer
S07847,CU1369,C0441,15-01-2025,1,96042,Installment,Sharon Cooper,,New Customer
S07848,CU0420,C0453,29-02-2024,2,75935,Installment,Sarah Jenkins,,Repeating Customer
S07849,CU1223,C0262,16-10-2024,3,23367,Credit,Amy Mccoy,,Loyal Customer
S07850,CU1084,C0410,28-11-2024,2,64031,Cash,John Kirk,,Repeating Customer
S07851,CU0089,C0227,10-03-2023,3,32095,Credit,Gary English,,Loyal Customer
S07852,CU1575,C0080,26-01-2024,3,47671,Installment,John Li,,Loyal Customer
S07853,CU0020,C0263,21-09-2023,2,88254,Installment,Amy Carter,,Repeating Customer
S07854,CU1928,C0068,19-02-2024,1,34409,Cash,Steven Walsh,,New Customer
S07855,CU1687,C0114,19-08-2025,2,56013,Cash,Matthew Giles,,Repeating Customer
S07856,CU1557,C0299,24-11-2024,2,36526,Credit,Beth Hanson,,Repeating Customer
S07857,CU0456,C0262,31-10-2024,3,46466,Cash,Jerome Fowler,,Loyal Customer
S07858,CU0965,C0058,25-05-2024,2,32924,Cash,Daniel Ramos,,Repeating Customer
S07859,CU1722,C0307,26-06-2024,1,56935,Cash,Clarence Ross,,New Customer
S07860,CU1347,C0251,16-01-2025,3,85389,Cash,Hannah White,,Loyal Customer
S07861,CU1814,C0500,16-06-2024,1,36131,Cash,Michael Walker,,New Customer
S07862,CU0947,C0349,23-10-2025,1,49859,Credit,Kathryn Lucas,,New Customer
S07863,CU0419,C0280,06-10-2025,2,86311,Credit,Troy Chambers,,Repeating Customer
S07864,CU1674,C0457,24-07-2024,1,80376,Credit,Clayton Ramirez,,New Customer
S07865,CU0371,C0136,27-03-2024,2,40711,Credit,Brian Parsons,,Repeating Customer
S07866,CU1830,C0409,29-07-2023,2,24844,Installment,Bradley Vega,,Repeating Customer
S07867,CU1082,C0115,27-03-2023,3,83147,Credit,Daniel Lewis,,Loyal Customer
S07868,CU1424,C0309,26-10-2025,3,92908,Installment,Harold Brown,,Loyal Customer
S07869,CU1801,C0060,13-05-2024,3,94825,Cash,Abigail Munoz,,Loyal Customer
S07870,CU1543,C0328,08-05-2023,2,40121,Installment,Lauren Davies,,Repeating Customer
S07871,CU0739,C0417,14-12-2023,1,53457,Credit,Edward Rodriguez,,New Customer
S07872,CU1170,C0324,14-06-2023,1,23711,Installment,Mary Wright,,New Customer
S07873,CU0617,C0459,07-12-2022,1,30701,Installment,Jamie Edwards,,New Customer
S07874,CU0501,C0446,04-05-2025,1,99025,Installment,Mark Robinson,,New Customer
S07875,CU0125,C0048,22-09-2024,2,74459,Cash,Mary Peterson,,Repeating Customer
S07876,CU1048,C0241,10-07-2024,1,83082,Credit,Mrs. Ashley Swanson,,New Customer
S07877,CU1269,C0165,12-08-2023,2,50866,Cash,Barbara Turner,,Repeating Customer
S07878,CU0773,C0277,25-10-2024,3,63664,Credit,Stephanie Rodriguez,,Loyal Customer
S07879,CU1616,C0011,17-11-2022,2,82508,Cash,Jennifer Gray,,Repeating Customer
S07880,CU0174,C0293,14-09-2023,1,25105,Credit,Matthew Rivers,,New Customer
S07881,CU1499,C0270,06-05-2025,2,68517,Credit,Tara Thomas,,Repeating Customer
S07882,CU0837,C0041,20-03-2025,3,43159,Cash,Mr. Michael Kemp,,Loyal Customer
S07883,CU1459,C0128,23-06-2024,3,51065,Credit,Douglas Mccoy,,Loyal Customer
S07884,CU0995,C0105,04-10-2025,1,71338,Cash,Gabriela Hinton,,New Customer
S07885,CU0838,C0120,03-11-2024,3,62345,Installment,Tina Davis,,Loyal Customer
S07886,CU0337,C0138,05-07-2025,1,77093,Credit,Charles Williamson,,New Customer
S07887,CU1593,C0254,23-03-2024,3,80768,Cash,Edwin Wang,,Loyal Customer
S07888,CU0032,C0054,16-02-2023,3,48800,Credit,Richard Lawson,,Loyal Customer
S07889,CU1257,C0371,23-01-2023,3,33287,Cash,Maria Lewis,,Loyal Customer
S07890,CU1640,C0326,15-01-2023,1,74869,Cash,Teresa Moses,,New Customer
S07891,CU1875,C0378,07-09-2023,3,74695,Credit,Christopher Owens,,Loyal Customer
S07892,CU1087,C0037,14-09-2024,1,32272,Cash,Barbara Blevins,,New Customer
S07893,CU0392,C0319,29-03-2023,1,33141,Credit,Richard Richards,,New Customer
S07894,CU0238,C0490,19-12-2022,3,98227,Installment,Jason Morrison,,Loyal Customer
S07895,CU0751,C0284,25-05-2024,1,72624,Cash,James Bailey,,New Customer
S07896,CU0645,C0322,04-03-2025,1,97189,Cash,Heather Lawrence,,New Customer
S07897,CU0517,C0313,05-08-2023,2,59285,Credit,Caitlin Dunn,,Repeating Customer
S07898,CU0336,C0400,23-08-2025,2,56200,Installment,Stephen Duke,,Repeating Customer
S07899,CU1081,C0064,10-02-2025,3,85436,Installment,Noah Gaines,,Loyal Customer
S07900,CU1116,C0321,01-12-2024,3,89832,Credit,James Ball,,Loyal Customer
S07901,CU0011,C0390,29-07-2025,2,34433,Cash,Christine Caldwell,,Repeating Customer
S07902,CU0081,C0367,05-02-2023,3,76379,Credit,Brianna Liu,,Loyal Customer
S07903,CU0975,C0143,28-02-2025,1,56117,Installment,Heather Robbins,,New Customer
S07904,CU1630,C0333,28-08-2023,2,72118,Cash,Adam Sweeney,,Repeating Customer
S07905,CU1984,C0198,21-07-2024,1,19038,Credit,John Hill,,New Customer
S07906,CU1752,C0255,15-11-2024,1,35825,Installment,Terri Hughes,,New Customer
S07907,CU0004,C0371,16-12-2024,1,95440,Credit,Nicole Reid,,New Customer
S07908,CU0068,C0183,29-10-2025,1,72794,Cash,Francisco Vaughan,,New Customer
S07909,CU0695,C0028,06-05-2025,2,98658,Installment,Alexis Lee,,Repeating Customer
S07910,CU1621,C0118,30-11-2024,1,39024,Credit,Caitlyn Harding,,New Customer
S07911,CU0540,C0094,14-05-2023,2,85910,Credit,Eddie Walls,,Repeating Customer
S07912,CU0168,C0399,19-01-2023,3,79890,Credit,Ronnie Hardy,,Loyal Customer
S07913,CU0754,C0013,02-07-2023,1,69153,Installment,Holly Morgan,,New Customer
S07914,CU0795,C0427,25-11-2022,3,61555,Cash,Anthony Harris,,Loyal Customer
S07915,CU0983,C0044,15-05-2025,3,94993,Credit,Daniel Fitzgerald,,Loyal Customer
S07916,CU0401,C0336,28-06-2025,2,32762,Credit,Terry Rodriguez,,Repeating Customer
S07917,CU1700,C0379,20-09-2024,3,36527,Credit,James Barker,,Loyal Customer
S07918,CU0849,C0195,26-09-2024,1,78982,Credit,Catherine Knapp,,New Customer
S07919,CU1812,C0171,29-11-2024,1,58422,Credit,Ashley Rose,,New Customer
S07920,CU0098,C0038,19-03-2024,1,38360,Credit,Sara Page,,New Customer
S07921,CU0339,C0016,13-07-2023,1,85390,Credit,Ashley Lynn,,New Customer
S07922,CU0602,C0082,11-05-2023,2,35229,Cash,Benjamin Lara,,Repeating Customer
S07923,CU0240,C0434,29-06-2025,1,18291,Credit,Christopher Palmer,,New Customer
S07924,CU1694,C0220,19-07-2025,2,28554,Installment,David Collins,,Repeating Customer
S07925,CU1773,C0329,01-12-2024,1,42270,Credit,Angela White,,New Customer
S07926,CU0186,C0358,05-04-2024,1,16904,Cash,Keith Anderson,,New Customer
S07927,CU0815,C0346,07-06-2023,2,18396,Credit,Christopher Cox,,Repeating Customer
S07928,CU0788,C0179,15-12-2023,1,79578,Cash,Christopher Anderson,,New Customer
S07929,CU0636,C0378,12-02-2023,1,22261,Cash,Ian Davis,,New Customer
S07930,CU0663,C0426,26-02-2023,1,99557,Cash,Bradley Fields,,New Customer
S07931,CU0612,C0134,12-02-2025,2,27023,Cash,Andrea Fletcher,,Repeating Customer
S07932,CU1141,C0049,07-10-2025,3,68348,Cash,Jacqueline Duncan,,Loyal Customer
S07933,CU1102,C0175,22-01-2023,2,45465,Credit,Tara Reynolds,,Repeating Customer
S07934,CU0578,C0143,30-04-2023,1,34071,Credit,Joshua Harris,,New Customer
S07935,CU0855,C0143,11-11-2022,2,49940,Cash,Michael Edwards,,Repeating Customer
S07936,CU0924,C0366,10-09-2024,3,65573,Installment,Jeffery Ryan,,Loyal Customer
S07937,CU1625,C0365,29-11-2022,3,90486,Cash,Kimberly Logan,,Loyal Customer
S07938,CU1793,C0061,28-12-2022,3,83167,Credit,Gregory Salazar,,Loyal Customer
S07939,CU0020,C0189,31-12-2023,1,26912,Cash,Fred Abbott,,New Customer
S07940,CU1724,C0275,10-11-2024,3,54962,Cash,Tony Jennings,,Loyal Customer
S07941,CU0982,C0122,18-03-2025,1,19449,Cash,Lindsey Gordon,,New Customer
S07942,CU1476,C0495,11-05-2024,3,21070,Installment,Christina Ray,,Loyal Customer
S07943,CU1265,C0363,14-10-2025,2,90102,Cash,Brittney Sanders,,Repeating Customer
S07944,CU1569,C0467,25-03-2025,2,69543,Cash,Richard Harris,,Repeating Customer
S07945,CU0398,C0198,26-12-2022,1,41678,Cash,Jerry Bailey,,New Customer
S07946,CU1819,C0180,11-07-2024,1,99827,Installment,Ann Smith,,New Customer
S07947,CU0129,C0302,19-08-2025,3,51106,Cash,Daniel Brown,,Loyal Customer
S07948,CU0761,C0040,16-01-2025,1,33823,Credit,Rebecca Brown,,New Customer
S07949,CU0451,C0208,28-01-2023,3,42230,Installment,Meghan Davis,,Loyal Customer
S07950,CU1574,C0048,22-07-2024,2,30333,Cash,Phyllis Wallace,,Repeating Customer
S07951,CU0498,C0397,01-02-2024,3,44135,Installment,Charles Saunders,,Loyal Customer
S07952,CU1867,C0398,21-01-2024,2,96493,Credit,Jacqueline Nelson,,Repeating Customer
S07953,CU1532,C0399,26-01-2023,1,69295,Cash,Courtney Brown,,New Customer
S07954,CU0346,C0469,04-06-2024,3,38988,Cash,Christopher Wang,,Loyal Customer
S07955,CU1885,C0430,13-04-2024,2,70315,Installment,Darlene Bridges,,Repeating Customer
S07956,CU0729,C0161,14-12-2023,2,90526,Installment,Danielle Hart,,Repeating Customer
S07957,CU0973,C0194,30-05-2024,2,22027,Credit,Wendy Pitts,,Repeating Customer
S07958,CU1395,C0485,16-09-2024,1,23807,Credit,Jennifer Williams,,New Customer
S07959,CU0911,C0271,04-06-2024,1,49894,Credit,Alyssa Tucker,,New Customer
S07960,CU0913,C0218,14-02-2024,2,71041,Cash,Amanda Meza,,Repeating Customer
S07961,CU0669,C0492,31-07-2023,3,57440,Credit,Peter Smith,,Loyal Customer
S07962,CU0745,C0277,29-09-2024,1,91887,Credit,Zachary Roberts,,New Customer
S07963,CU0969,C0238,02-01-2025,2,93598,Credit,Kimberly George,,Repeating Customer
S07964,CU1257,C0090,07-07-2024,3,15127,Cash,Stephanie Stone,,Loyal Customer
S07965,CU1753,C0135,31-05-2025,2,19065,Cash,Courtney Washington,,Repeating Customer
S07966,CU0457,C0022,24-10-2025,3,55013,Installment,Charles Rogers,,Loyal Customer
S07967,CU1874,C0385,12-07-2024,1,47308,Credit,Jennifer Smith,,New Customer
S07968,CU0880,C0214,22-06-2024,3,23365,Installment,Cory Leonard,,Loyal Customer
S07969,CU0116,C0241,09-05-2024,1,91010,Cash,Rhonda Ford,,New Customer
S07970,CU0987,C0417,08-04-2025,1,47214,Cash,Sally Giles,,New Customer
S07971,CU1975,C0328,15-11-2024,2,81532,Installment,Rachel Martinez,,Repeating Customer
S07972,CU1273,C0345,20-04-2024,3,19397,Cash,Caitlin Winters,,Loyal Customer
S07973,CU0750,C0082,17-07-2024,3,72874,Cash,Nicole Huff,,Loyal Customer
S07974,CU0905,C0069,12-02-2024,3,70737,Credit,Donald Sullivan,,Loyal Customer
S07975,CU1893,C0054,26-06-2023,2,70975,Cash,Erin Bishop,,Repeating Customer
S07976,CU1807,C0220,08-04-2023,2,81092,Cash,Michael Lucas,,Repeating Customer
S07977,CU0799,C0399,05-12-2022,3,31946,Installment,Mark Giles,,Loyal Customer
S07978,CU1717,C0303,28-05-2024,3,45125,Installment,Linda Cook,,Loyal Customer
S07979,CU0695,C0153,29-09-2025,2,85363,Credit,Sandy Holmes,,Repeating Customer
S07980,CU0105,C0276,07-07-2024,2,15873,Cash,Megan Mcmahon,,Repeating Customer
S07981,CU1049,C0149,12-05-2024,3,93783,Installment,Courtney Johnston,,Loyal Customer
S07982,CU0275,C0358,25-03-2023,3,93838,Cash,Donald Mckinney,,Loyal Customer
S07983,CU0758,C0280,14-11-2022,3,66563,Credit,Allen Brown,,Loyal Customer
S07984,CU0963,C0175,25-05-2023,3,90181,Installment,Bill Williams,,Loyal Customer
S07985,CU0091,C0439,06-12-2022,2,73071,Cash,Steven White,,Repeating Customer
S07986,CU0833,C0431,16-06-2025,3,35871,Installment,Thomas Green,,Loyal Customer
S07987,CU1316,C0293,14-08-2023,2,79619,Installment,Tammy Herrera,,Repeating Customer
S07988,CU0683,C0298,11-03-2024,2,84816,Cash,Aaron Watkins,,Repeating Customer
S07989,CU1418,C0045,21-12-2024,2,32672,Credit,George Liu,,Repeating Customer
S07990,CU1131,C0457,13-10-2025,1,27823,Cash,Donna Landry,,New Customer
S07991,CU0701,C0206,08-07-2024,1,80275,Cash,Eric Browning,,New Customer
S07992,CU1450,C0383,02-10-2023,2,62209,Credit,Joanna Wolf,,Repeating Customer
S07993,CU1614,C0047,08-04-2025,3,59113,Cash,Shannon Perry,,Loyal Customer
S07994,CU1425,C0397,11-06-2023,1,91828,Credit,Michael Reeves,,New Customer
S07995,CU0744,C0386,20-01-2025,2,65557,Installment,Heather Allen,,Repeating Customer
S07996,CU1157,C0133,23-11-2024,3,55591,Installment,Monique Yang,,Loyal Customer
S07997,CU0166,C0042,26-02-2023,3,37762,Cash,Courtney Campbell,,Loyal Customer
S07998,CU0767,C0362,23-12-2024,1,76655,Installment,Amy Underwood,,New Customer
S07999,CU1394,C0456,22-09-2024,2,72514,Credit,Christopher Robinson,,Repeating Customer
S08000,CU0132,C0325,10-11-2023,3,37224,Installment,Shelby Ramirez,,Loyal Customer
S08001,CU1566,C0152,31-01-2025,3,61232,Credit,Joshua Sims,,Loyal Customer
S08002,CU0517,C0073,02-04-2023,1,37149,Credit,Walter Sharp,,New Customer
S08003,CU0077,C0377,02-02-2025,2,47377,Installment,Kevin Peterson,,Repeating Customer
S08004,CU0624,C0350,19-07-2025,2,57481,Installment,James Mitchell,,Repeating Customer
S08005,CU0718,C0376,22-03-2023,1,25529,Cash,Michele Castro,,New Customer
S08006,CU0561,C0447,29-07-2024,3,97386,Cash,James Kelly,,Loyal Customer
S08007,CU1772,C0051,29-12-2022,1,93066,Credit,Keith Shaffer,,New Customer
S08008,CU1491,C0370,09-08-2025,1,94308,Credit,Hannah Wilkinson,,New Customer
S08009,CU1243,C0336,15-12-2024,1,85849,Installment,Eric Yu,,New Customer
S08010,CU1833,C0080,27-09-2023,2,21421,Credit,Jennifer Howell,,Repeating Customer
S08011,CU0916,C0308,18-09-2024,2,76258,Credit,Mary Roberson,,Repeating Customer
S08012,CU1761,C0381,30-08-2023,1,52723,Credit,Deborah James MD,,New Customer
S08013,CU0642,C0224,06-04-2023,3,72073,Installment,Justin Ramirez,,Loyal Customer
S08014,CU0960,C0182,07-07-2024,1,38614,Credit,Gregory Hill,,New Customer
S08015,CU1484,C0068,30-01-2023,2,76863,Installment,Brandon Nelson,,Repeating Customer
S08016,CU1034,C0444,13-10-2025,2,57727,Credit,Dr. Christian Mcneil,,Repeating Customer
S08017,CU1129,C0358,27-11-2024,2,62842,Cash,Nicole Wells,,Repeating Customer
S08018,CU1355,C0004,06-09-2024,1,76932,Installment,Vincent Harrison,,New Customer
S08019,CU1804,C0269,07-10-2024,2,89817,Credit,Brittany Compton,,Repeating Customer
S08020,CU0746,C0185,09-10-2024,1,82497,Cash,Rebecca Hamilton,,New Customer
S08021,CU0472,C0308,01-06-2023,1,27960,Installment,Alan Patton,,New Customer
S08022,CU0426,C0098,17-08-2024,1,21841,Installment,Zachary Holden,,New Customer
S08023,CU1446,C0060,07-05-2024,3,26297,Credit,John Delgado,,Loyal Customer
S08024,CU0716,C0429,02-04-2023,2,34665,Cash,William Silva,,Repeating Customer
S08025,CU0571,C0110,23-12-2024,3,19429,Installment,Michelle Smith,,Loyal Customer
S08026,CU1511,C0281,02-07-2023,1,67927,Cash,Susan Olson,,New Customer
S08027,CU0256,C0360,05-11-2022,1,24827,Cash,Christopher Shah,,New Customer
S08028,CU1286,C0027,18-06-2023,1,66895,Credit,Randy Chaney,,New Customer
S08029,CU0815,C0349,25-10-2025,3,69083,Credit,William Richmond,,Loyal Customer
S08030,CU1122,C0455,04-10-2024,3,18542,Cash,Anthony Burton,,Loyal Customer
S08031,CU1168,C0285,01-07-2024,1,72670,Cash,Paul Hayes,,New Customer
S08032,CU1058,C0085,13-10-2023,3,69361,Cash,Jessica Hunter,,Loyal Customer
S08033,CU0977,C0322,05-08-2024,3,59542,Installment,Brenda Williams,,Loyal Customer
S08034,CU0869,C0414,19-03-2024,3,53236,Cash,Olivia Roberts,,Loyal Customer
S08035,CU0450,C0003,17-12-2024,1,24856,Cash,Benjamin Spears,,New Customer
S08036,CU0936,C0159,13-12-2023,1,90694,Cash,Paula Berg MD,,New Customer
S08037,CU1423,C0085,27-05-2025,3,53614,Credit,Emily Harrington,,Loyal Customer
S08038,CU0095,C0414,03-09-2025,1,40613,Installment,Kelsey Brewer,,New Customer
S08039,CU0836,C0293,11-12-2024,1,58833,Installment,Lisa Simon,,New Customer
S08040,CU0209,C0265,24-11-2023,2,99408,Credit,David Smith,,Repeating Customer
S08041,CU1394,C0103,08-03-2025,1,89992,Cash,Autumn Jones,,New Customer
S08042,CU1070,C0159,02-07-2025,2,23499,Installment,Andrew Rivera,,Repeating Customer
S08043,CU0201,C0409,11-11-2022,2,72282,Installment,Barbara Mcgee,,Repeating Customer
S08044,CU1432,C0097,16-07-2025,3,41752,Cash,Renee Lynch,,Loyal Customer
S08045,CU0242,C0395,18-11-2022,2,79908,Cash,Jamie Young,,Repeating Customer
S08046,CU0033,C0343,07-10-2025,3,80661,Credit,Jose Weeks,,Loyal Customer
S08047,CU1704,C0093,27-07-2023,1,45249,Credit,Kenneth Mcdonald,,New Customer
S08048,CU1043,C0155,25-10-2024,1,56538,Cash,Susan Gilbert,,New Customer
S08049,CU1388,C0047,06-01-2023,2,29873,Installment,Terry Young,,Repeating Customer
S08050,CU0354,C0310,21-04-2024,2,68906,Installment,Brooke Jimenez,,Repeating Customer
S08051,CU0641,C0144,14-09-2023,2,75508,Cash,Brandon Martin,,Repeating Customer
S08052,CU0012,C0335,01-07-2025,3,27083,Credit,Carlos Park,,Loyal Customer
S08053,CU1138,C0296,27-07-2023,3,56649,Credit,Emily Marsh,,Loyal Customer
S08054,CU1649,C0309,16-01-2024,2,76784,Cash,Steven Trujillo,,Repeating Customer
S08055,CU0818,C0121,26-11-2024,2,88883,Installment,Michelle Wilson,,Repeating Customer
S08056,CU0061,C0447,13-07-2024,2,78549,Credit,Erin Alvarez PhD,,Repeating Customer
S08057,CU0193,C0003,17-09-2025,2,97821,Credit,Randy Smith,,Repeating Customer
S08058,CU0504,C0132,22-06-2024,3,20496,Cash,Kristina Bennett,,Loyal Customer
S08059,CU0045,C0194,17-09-2023,3,55562,Credit,Randy Carter,,Loyal Customer
S08060,CU1858,C0117,29-01-2025,1,43293,Cash,Mary Pearson,,New Customer
S08061,CU1711,C0457,21-04-2025,3,46108,Installment,Scott Casey,,Loyal Customer
S08062,CU1400,C0078,07-09-2025,3,68187,Installment,Tammy Bishop,,Loyal Customer
S08063,CU0055,C0355,14-08-2023,1,25365,Installment,Cory Richardson,,New Customer
S08064,CU1358,C0108,22-12-2022,3,32409,Installment,Kimberly Knight,,Loyal Customer
S08065,CU1725,C0414,08-05-2024,3,50203,Installment,Donald Perez,,Loyal Customer
S08066,CU0389,C0230,27-05-2024,2,99879,Cash,Kristen Lopez,,Repeating Customer
S08067,CU0267,C0088,22-04-2024,1,62635,Cash,Shane Wilcox,,New Customer
S08068,CU1387,C0477,13-08-2025,1,26918,Cash,Scott Fuller,,New Customer
S08069,CU1198,C0259,16-05-2025,1,64072,Credit,Austin Miller,,New Customer
S08070,CU1428,C0101,14-10-2023,1,46273,Installment,Andrew Grant,,New Customer
S08071,CU0714,C0462,24-09-2023,2,50868,Installment,Haley Russell DVM,,Repeating Customer
S08072,CU1669,C0412,19-10-2024,2,36010,Cash,Corey Carter,,Repeating Customer
S08073,CU0623,C0322,19-02-2024,3,47552,Installment,Jared Morse,,Loyal Customer
S08074,CU1377,C0424,09-01-2025,3,75980,Cash,Teresa Chavez,,Loyal Customer
S08075,CU1060,C0190,25-09-2023,1,89465,Cash,Thomas Gonzalez,,New Customer
S08076,CU0314,C0233,06-07-2024,2,71672,Cash,Christian Cross DDS,,Repeating Customer
S08077,CU1473,C0438,05-10-2023,3,73238,Installment,Tyler Madden,,Loyal Customer
S08078,CU0303,C0111,01-07-2025,3,40187,Cash,Brandy Curtis,,Loyal Customer
S08079,CU1553,C0121,22-07-2023,3,42116,Installment,Leslie Bartlett,,Loyal Customer
S08080,CU1716,C0236,27-10-2023,1,99432,Credit,Megan Morris,,New Customer
S08081,CU1383,C0185,01-06-2025,2,54056,Installment,Jeremiah Anderson,,Repeating Customer
S08082,CU1160,C0437,03-06-2023,2,96216,Cash,Linda Fletcher,,Repeating Customer
S08083,CU1121,C0385,25-07-2025,3,76656,Cash,Steve Herman,,Loyal Customer
S08084,CU1522,C0176,06-09-2025,3,74697,Installment,Amber Martin,,Loyal Customer
S08085,CU1703,C0373,01-06-2025,2,50411,Credit,Jeffrey White,,Repeating Customer
S08086,CU0375,C0167,19-06-2025,3,70182,Installment,Nicholas Clark,,Loyal Customer
S08087,CU0422,C0111,11-03-2025,2,53802,Cash,Matthew Ware,,Repeating Customer
S08088,CU1891,C0125,02-08-2024,3,15782,Cash,Michael Davis,,Loyal Customer
S08089,CU1190,C0099,22-11-2024,3,27379,Cash,Charles Turner,,Loyal Customer
S08090,CU0319,C0445,27-04-2025,2,47198,Installment,Michael Chase,,Repeating Customer
S08091,CU0488,C0282,15-01-2024,2,39120,Credit,Daniel Baker,,Repeating Customer
S08092,CU0590,C0425,08-11-2022,2,22283,Installment,Walter Sparks,,Repeating Customer
S08093,CU1063,C0245,02-11-2024,3,30465,Cash,Daniel Brady,,Loyal Customer
S08094,CU0943,C0013,31-05-2023,1,36399,Installment,Chad Ware,,New Customer
S08095,CU0214,C0439,05-05-2025,2,75862,Installment,Michael Scott,,Repeating Customer
S08096,CU0712,C0179,24-05-2025,3,26100,Cash,Vicki Gonzalez,,Loyal Customer
S08097,CU0013,C0003,21-01-2023,2,27127,Cash,Donald Fisher,,Repeating Customer
S08098,CU0976,C0303,25-02-2024,2,42411,Installment,Ricardo Smith,,Repeating Customer
S08099,CU1704,C0366,01-05-2024,2,80287,Cash,Heather Shaw,,Repeating Customer
S08100,CU1192,C0285,30-06-2023,1,72590,Installment,Jonathan Smith,,New Customer
S08101,CU0528,C0128,24-11-2022,2,51948,Cash,Jennifer Holmes,,Repeating Customer
S08102,CU1662,C0370,26-11-2022,3,44438,Installment,Kristin Jackson,,Loyal Customer
S08103,CU1826,C0450,22-04-2025,3,47042,Credit,Steven Flores,,Loyal Customer
S08104,CU1346,C0210,05-09-2023,3,75700,Cash,Jeffrey Quinn,,Loyal Customer
S08105,CU0129,C0388,01-03-2024,3,65259,Credit,Kristina Mcfarland,,Loyal Customer
S08106,CU0707,C0203,01-04-2024,2,53730,Credit,Donna Clark,,Repeating Customer
S08107,CU0017,C0342,14-04-2023,2,40548,Cash,Cameron Nash,,Repeating Customer
S08108,CU1427,C0179,26-04-2024,3,42042,Credit,Nicole Lowe,,Loyal Customer
S08109,CU1996,C0307,09-03-2023,1,66222,Installment,James Hatfield,,New Customer
S08110,CU1491,C0401,25-02-2023,1,26989,Installment,Gerald Bennett,,New Customer
S08111,CU1288,C0033,22-09-2025,2,44868,Cash,Briana Barr,,Repeating Customer
S08112,CU1498,C0382,25-11-2022,2,83596,Cash,Edward Smith,,Repeating Customer
S08113,CU0978,C0312,21-04-2023,3,37805,Cash,William Gould,,Loyal Customer
S08114,CU1591,C0462,23-10-2023,3,46642,Installment,Rhonda Burgess,,Loyal Customer
S08115,CU0123,C0388,14-03-2024,3,55275,Cash,Alan Turner,,Loyal Customer
S08116,CU1672,C0389,20-11-2022,3,29472,Installment,Lori Ortega,,Loyal Customer
S08117,CU0101,C0182,16-06-2023,1,41971,Installment,Anthony Warner,,New Customer
S08118,CU0539,C0017,27-12-2022,1,66427,Credit,Mary Bright MD,,New Customer
S08119,CU1422,C0120,09-02-2024,1,68049,Cash,Kenneth Burns,,New Customer
S08120,CU1829,C0026,13-02-2023,2,26826,Credit,Jennifer James,,Repeating Customer
S08121,CU1511,C0034,16-08-2024,3,43541,Credit,Kelsey Ware,,Loyal Customer
S08122,CU1083,C0069,24-10-2025,2,86540,Cash,Kathleen Foster,,Repeating Customer
S08123,CU1730,C0362,17-08-2023,2,50850,Credit,Vanessa Simmons,,Repeating Customer
S08124,CU1229,C0166,25-08-2025,2,51016,Cash,Ryan Campbell,,Repeating Customer
S08125,CU1127,C0373,12-04-2024,1,64154,Credit,Stephen Wilson,,New Customer
S08126,CU0922,C0368,03-04-2023,2,53787,Credit,Elizabeth Fuller,,Repeating Customer
S08127,CU1869,C0041,07-05-2025,1,36594,Cash,Wayne Moore,,New Customer
S08128,CU1435,C0303,12-05-2025,1,70009,Cash,Kimberly Bond,,New Customer
S08129,CU0488,C0367,22-03-2023,3,15328,Installment,David Sparks,,Loyal Customer
S08130,CU0352,C0006,19-11-2024,1,28411,Credit,Christopher Valenzuela,,New Customer
S08131,CU0684,C0234,19-11-2022,2,88770,Installment,Scott Ayers,,Repeating Customer
S08132,CU1061,C0137,20-12-2024,1,20062,Installment,Bradley Collins,,New Customer
S08133,CU1077,C0449,24-09-2024,2,43466,Credit,Carrie Petersen,,Repeating Customer
S08134,CU0918,C0048,19-04-2025,1,99339,Cash,Lisa Greene,,New Customer
S08135,CU1591,C0450,06-03-2024,2,26621,Installment,Charles Deleon,,Repeating Customer
S08136,CU1512,C0175,09-01-2025,1,47399,Installment,Dan Vargas,,New Customer
S08137,CU1044,C0469,12-03-2024,1,69333,Cash,Barbara Peters,,New Customer
S08138,CU0247,C0225,21-09-2025,2,35294,Cash,Jennifer Gillespie,,Repeating Customer
S08139,CU0587,C0499,29-11-2024,3,74068,Installment,William West,,Loyal Customer
S08140,CU1827,C0090,28-01-2023,2,20101,Installment,Vicki King,,Repeating Customer
S08141,CU1291,C0222,11-09-2023,3,17076,Credit,Heather Moon,,Loyal Customer
S08142,CU0614,C0113,04-09-2025,2,19110,Credit,Charles Stewart,,Repeating Customer
S08143,CU0076,C0475,28-04-2023,2,32769,Installment,Ashley Cunningham MD,,Repeating Customer
S08144,CU0236,C0361,16-03-2024,3,35267,Cash,Candace Frazier,,Loyal Customer
S08145,CU0775,C0184,27-03-2023,3,55714,Cash,Brian Savage,,Loyal Customer
S08146,CU1135,C0269,03-01-2024,1,63651,Cash,Jeffrey Lambert,,New Customer
S08147,CU1705,C0176,06-04-2023,3,90933,Cash,Mary Wolf,,Loyal Customer
S08148,CU0560,C0420,09-10-2025,2,70195,Installment,Jasmine Hernandez,,Repeating Customer
S08149,CU1569,C0445,05-02-2024,2,53643,Credit,James Lopez,,Repeating Customer
S08150,CU0966,C0066,18-01-2024,3,15693,Credit,Megan Kelley,,Loyal Customer
S08151,CU0273,C0338,13-07-2023,1,52717,Credit,Grant Marshall,,New Customer
S08152,CU0441,C0452,26-11-2022,1,23425,Credit,Kristen Riggs PhD,,New Customer
S08153,CU0724,C0069,22-04-2024,2,97400,Installment,Kristin Rhodes,,Repeating Customer
S08154,CU1709,C0067,09-08-2025,3,32177,Installment,Grant Mcfarland,,Loyal Customer
S08155,CU1110,C0309,20-05-2025,2,53570,Installment,Greg Woods,,Repeating Customer
S08156,CU0791,C0066,04-06-2023,3,55760,Cash,Megan Smith,,Loyal Customer
S08157,CU0342,C0281,30-08-2024,3,41159,Installment,Jon Mitchell,,Loyal Customer
S08158,CU1169,C0423,12-03-2023,1,44299,Credit,Anthony Anderson,,New Customer
S08159,CU0337,C0090,26-02-2023,3,91783,Installment,Theresa Tran,,Loyal Customer
S08160,CU0381,C0304,16-09-2023,1,39241,Cash,Jesse Arnold,,New Customer
S08161,CU0116,C0436,04-10-2023,3,41022,Credit,Kayla Davis,,Loyal Customer
S08162,CU1771,C0178,27-03-2023,1,90401,Cash,Julie Harris,,New Customer
S08163,CU1805,C0050,19-11-2022,1,65038,Installment,Brandon Roberts,,New Customer
S08164,CU1360,C0161,30-08-2025,2,74059,Installment,Jean Moore,,Repeating Customer
S08165,CU1420,C0154,19-05-2024,1,24710,Cash,April King,,New Customer
S08166,CU0367,C0166,26-11-2023,3,45070,Credit,Christopher Hunter,,Loyal Customer
S08167,CU1207,C0462,30-03-2025,1,85148,Credit,Julie Adams,,New Customer
S08168,CU1295,C0479,06-08-2023,1,40406,Cash,Jacob Garcia,,New Customer
S08169,CU0960,C0094,02-02-2025,1,45181,Cash,James Hayes,,New Customer
S08170,CU1255,C0437,16-08-2024,3,76857,Credit,Brianna Cooper,,Loyal Customer
S08171,CU0939,C0246,11-11-2022,1,47515,Credit,Katherine Wright,,New Customer
S08172,CU1109,C0218,25-10-2025,1,63857,Credit,Tammy Moore MD,,New Customer
S08173,CU1520,C0246,05-11-2024,3,24737,Credit,Stephanie King,,Loyal Customer
S08174,CU0455,C0136,03-08-2023,2,97540,Credit,David Blair,,Repeating Customer
S08175,CU0295,C0384,18-07-2024,3,92676,Cash,William Gardner,,Loyal Customer
S08176,CU1396,C0393,28-03-2025,2,56963,Cash,Todd Howard,,Repeating Customer
S08177,CU0569,C0081,23-06-2023,2,15983,Cash,Danielle Mack,,Repeating Customer
S08178,CU0657,C0084,17-07-2024,2,57655,Installment,Kristina Moore,,Repeating Customer
S08179,CU0892,C0048,14-08-2025,3,82515,Credit,Scott Reynolds,,Loyal Customer
S08180,CU1623,C0346,22-02-2025,3,33994,Credit,Joy Ross,,Loyal Customer
S08181,CU1474,C0251,16-04-2023,3,56260,Credit,George Allison,,Loyal Customer
S08182,CU1981,C0225,31-01-2024,3,71468,Cash,Shelby Gonzalez,,Loyal Customer
S08183,CU0060,C0095,05-02-2024,2,61026,Installment,Jason Crawford,,Repeating Customer
S08184,CU0704,C0179,12-10-2023,3,68553,Cash,Cassie Holland,,Loyal Customer
S08185,CU0235,C0017,25-06-2024,2,36599,Credit,Jessica Hoffman,,Repeating Customer
S08186,CU0451,C0362,23-11-2022,3,83662,Cash,Jose Buchanan,,Loyal Customer
S08187,CU1817,C0450,01-03-2023,2,35922,Installment,Robert Anderson,,Repeating Customer
S08188,CU1281,C0413,01-07-2023,1,44591,Installment,Lori Kelley,,New Customer
S08189,CU0880,C0037,27-05-2024,1,96459,Installment,Peter Valencia,,New Customer
S08190,CU1526,C0289,13-10-2023,2,23222,Credit,Michael Cortez,,Repeating Customer
S08191,CU1359,C0010,27-04-2023,2,49274,Credit,Katie Yoder,,Repeating Customer
S08192,CU1304,C0417,02-05-2023,2,15642,Credit,Leslie Vega,,Repeating Customer
S08193,CU0913,C0011,17-08-2025,3,70648,Installment,Mario Ball,,Loyal Customer
S08194,CU1954,C0372,17-01-2025,2,74258,Credit,Anthony Ayala,,Repeating Customer
S08195,CU1670,C0332,22-03-2023,3,15097,Credit,Luis York,,Loyal Customer
S08196,CU1181,C0363,30-12-2024,2,64431,Credit,Ian Benitez Jr.,,Repeating Customer
S08197,CU0118,C0149,08-02-2025,2,94345,Credit,Andrew Walker,,Repeating Customer
S08198,CU0304,C0048,26-06-2024,3,16163,Credit,Jennifer Foster,,Loyal Customer
S08199,CU0271,C0404,15-10-2023,2,92150,Installment,Maria Chase,,Repeating Customer
S08200,CU1340,C0122,25-09-2023,1,79927,Installment,Scott Davis,,New Customer
S08201,CU1080,C0233,19-06-2025,3,39560,Installment,Scott Brown,,Loyal Customer
S08202,CU0831,C0157,18-06-2024,3,41598,Cash,Eric Lopez,,Loyal Customer
S08203,CU1166,C0372,13-05-2025,1,24934,Credit,Holly Cox,,New Customer
S08204,CU1453,C0477,07-11-2024,3,15488,Cash,Angel Campos,,Loyal Customer
S08205,CU0776,C0106,25-12-2022,1,29807,Installment,Miss Katherine Pacheco,,New Customer
S08206,CU1731,C0054,13-08-2025,2,89432,Credit,Brian Wilson MD,,Repeating Customer
S08207,CU0280,C0432,15-09-2025,1,41341,Cash,Rebecca Meza,,New Customer
S08208,CU1776,C0476,03-12-2023,1,15470,Credit,Jerome Smith,,New Customer
S08209,CU1300,C0380,03-03-2023,2,99927,Installment,Sabrina Dennis,,Repeating Customer
S08210,CU0670,C0026,15-10-2023,2,69250,Installment,Crystal Lee DVM,,Repeating Customer
S08211,CU1679,C0142,10-01-2024,3,96134,Installment,Daisy Mills,,Loyal Customer
S08212,CU0273,C0163,09-09-2023,2,22965,Cash,Andrea Rubio,,Repeating Customer
S08213,CU0029,C0140,07-09-2025,2,59071,Credit,Jack Jones,,Repeating Customer
S08214,CU1533,C0329,27-09-2024,3,37164,Installment,Alisha Smith,,Loyal Customer
S08215,CU1011,C0240,29-12-2023,2,44655,Cash,Ryan Martin,,Repeating Customer
S08216,CU0460,C0376,13-03-2025,2,25882,Credit,Nathan Brewer,,Repeating Customer
S08217,CU0463,C0408,11-07-2024,1,67878,Installment,Antonio Williams,,New Customer
S08218,CU0633,C0157,17-01-2024,2,74707,Cash,James Simon,,Repeating Customer
S08219,CU1538,C0301,26-08-2025,3,20212,Installment,Jesse Mckay,,Loyal Customer
S08220,CU1618,C0073,11-01-2024,1,68416,Installment,Elizabeth Moore,,New Customer
S08221,CU0495,C0255,24-12-2022,3,44064,Cash,Marcus Brown,,Loyal Customer
S08222,CU1893,C0301,29-12-2024,3,91033,Credit,Randall Silva,,Loyal Customer
S08223,CU0579,C0327,08-07-2025,1,72798,Cash,Susan Edwards,,New Customer
S08224,CU1076,C0128,22-05-2025,1,87396,Installment,Joshua Harrison,,New Customer
S08225,CU1041,C0219,06-09-2023,3,31296,Installment,Martin Johnson,,Loyal Customer
S08226,CU1986,C0034,27-06-2023,3,19750,Cash,Patrick Thomas,,Loyal Customer
S08227,CU1911,C0437,25-07-2024,1,17348,Cash,Thomas Reilly Jr.,,New Customer
S08228,CU1494,C0223,22-02-2024,3,33615,Installment,Adrienne Klein,,Loyal Customer
S08229,CU0857,C0439,23-08-2025,3,89022,Installment,Jorge Leblanc,,Loyal Customer
S08230,CU1578,C0162,07-09-2024,1,57301,Cash,Heather Cline,,New Customer
S08231,CU0950,C0240,27-01-2025,2,33853,Installment,Wesley James,,Repeating Customer
S08232,CU1223,C0154,03-06-2025,3,93218,Cash,Robert Flores,,Loyal Customer
S08233,CU0083,C0326,30-04-2023,2,82062,Installment,David Allen,,Repeating Customer
S08234,CU1932,C0287,07-07-2023,2,74437,Credit,Alan Lee,,Repeating Customer
S08235,CU1859,C0045,22-02-2024,3,17964,Cash,Robert Benjamin Jr.,,Loyal Customer
S08236,CU1312,C0365,05-01-2023,3,97250,Credit,Brittany Wolfe,,Loyal Customer
S08237,CU0601,C0465,31-03-2023,2,75966,Cash,Alexander Miranda,,Repeating Customer
S08238,CU0557,C0015,09-09-2024,1,20611,Cash,Luis Clements,,New Customer
S08239,CU1314,C0456,11-05-2025,2,76477,Cash,Brett Shaw,,Repeating Customer
S08240,CU0401,C0290,13-12-2024,3,37434,Cash,Jose Cochran,,Loyal Customer
S08241,CU1115,C0048,30-11-2024,1,86445,Installment,Dr. Melanie Hill,,New Customer
S08242,CU0853,C0294,25-01-2023,1,55767,Credit,Phillip Howard,,New Customer
S08243,CU0630,C0253,15-04-2025,3,72961,Credit,Julia Potts,,Loyal Customer
S08244,CU0162,C0410,15-12-2024,1,99093,Credit,Justin Lopez,,New Customer
S08245,CU0397,C0056,28-11-2022,1,85244,Credit,Monica Flores,,New Customer
S08246,CU0099,C0452,07-12-2022,3,96473,Credit,Jonathan Hernandez,,Loyal Customer
S08247,CU1827,C0010,17-04-2024,1,62394,Installment,Joseph Santana,,New Customer
S08248,CU1799,C0007,21-05-2023,3,17231,Cash,Christopher Sims,,Loyal Customer
S08249,CU1655,C0337,16-11-2024,1,71087,Installment,Christina Jackson,,New Customer
S08250,CU0105,C0036,21-06-2024,1,20579,Credit,Dr. Elizabeth Porter DVM,,New Customer
S08251,CU0719,C0252,03-04-2023,2,65860,Credit,David Davis,,Repeating Customer
S08252,CU0140,C0442,03-01-2024,2,93938,Cash,Richard Kennedy,,Repeating Customer
S08253,CU1217,C0157,15-02-2023,3,44619,Installment,Eric Taylor,,Loyal Customer
S08254,CU0182,C0044,13-04-2024,1,70495,Cash,James Ward,,New Customer
S08255,CU1522,C0213,22-02-2024,1,18783,Credit,Kendra Frey,,New Customer
S08256,CU0514,C0019,06-08-2025,2,79515,Cash,Taylor Bailey,,Repeating Customer
S08257,CU0547,C0433,09-01-2023,3,93310,Installment,Linda Smith,,Loyal Customer
S08258,CU0317,C0293,21-02-2025,3,42638,Credit,Benjamin Thompson,,Loyal Customer
S08259,CU1251,C0281,26-12-2024,2,72251,Cash,Kelsey King,,Repeating Customer
S08260,CU1862,C0325,05-10-2025,2,52942,Cash,Sarah George,,Repeating Customer
S08261,CU0418,C0247,25-09-2023,1,76380,Cash,Rebecca Smith,,New Customer
S08262,CU0522,C0061,30-12-2024,1,56452,Cash,Jessica Mcpherson,,New Customer
S08263,CU1213,C0051,08-02-2023,1,48506,Credit,Emily Jackson,,New Customer
S08264,CU0152,C0442,06-01-2025,1,74997,Credit,Christine Green,,New Customer
S08265,CU1824,C0440,05-02-2025,3,21609,Installment,Kevin Evans,,Loyal Customer
S08266,CU1754,C0447,04-02-2024,1,26971,Installment,Michael Villanueva,,New Customer
S08267,CU0080,C0284,04-09-2025,2,90389,Cash,Jennifer Maldonado,,Repeating Customer
S08268,CU0394,C0379,29-12-2022,2,99790,Cash,Kristina Andrews,,Repeating Customer
S08269,CU1644,C0398,03-10-2025,3,55214,Credit,Sarah Schultz,,Loyal Customer
S08270,CU1805,C0161,19-10-2023,3,24532,Cash,Ruth Mccormick,,Loyal Customer
S08271,CU0183,C0481,07-05-2023,3,54797,Cash,Kristin Edwards,,Loyal Customer
S08272,CU1313,C0051,03-06-2023,1,25780,Cash,Kelly Macias,,New Customer
S08273,CU1569,C0400,14-09-2024,3,60701,Installment,Michael Brown,,Loyal Customer
S08274,CU1388,C0290,02-05-2024,3,22578,Credit,Thomas Johnson,,Loyal Customer
S08275,CU1491,C0245,11-06-2025,3,80316,Credit,Edwin Lang,,Loyal Customer
S08276,CU1332,C0182,04-07-2024,1,51937,Credit,Kimberly Haley,,New Customer
S08277,CU1189,C0435,11-10-2025,3,50750,Installment,Haley Ward,,Loyal Customer
S08278,CU1843,C0444,18-06-2025,3,16599,Cash,Audrey Carroll,,Loyal Customer
S08279,CU0791,C0015,22-08-2023,3,83592,Cash,Christopher Baker,,Loyal Customer
S08280,CU0456,C0028,04-08-2025,1,41574,Credit,Lindsey Garrett,,New Customer
S08281,CU0209,C0158,21-08-2025,3,45114,Credit,Manuel Baker,,Loyal Customer
S08282,CU1719,C0461,04-07-2025,3,73564,Cash,Karen Watson,,Loyal Customer
S08283,CU1497,C0183,23-11-2023,3,60450,Installment,Jason Johnson,,Loyal Customer
S08284,CU1895,C0188,24-10-2025,3,65632,Credit,Stacy Barrett,,Loyal Customer
S08285,CU1881,C0460,08-09-2025,1,35731,Installment,Jaclyn Curry,,New Customer
S08286,CU0899,C0351,17-08-2024,2,28931,Installment,Carlos Carter,,Repeating Customer
S08287,CU0671,C0214,06-07-2023,3,32773,Installment,Jennifer Gray,,Loyal Customer
S08288,CU1577,C0328,17-02-2025,3,50575,Cash,Keith Jimenez,,Loyal Customer
S08289,CU1243,C0461,02-08-2025,3,57446,Installment,David Kemp,,Loyal Customer
S08290,CU0203,C0136,24-07-2025,1,54117,Installment,Kim Rogers,,New Customer
S08291,CU1535,C0345,05-10-2024,1,37064,Credit,Hannah Vega,,New Customer
S08292,CU0213,C0262,24-05-2025,1,33471,Credit,Jason Acevedo,,New Customer
S08293,CU0357,C0044,07-12-2022,2,36446,Cash,Erin Lin,,Repeating Customer
S08294,CU0811,C0056,02-12-2022,1,58319,Cash,Jeffrey Church,,New Customer
S08295,CU0618,C0041,10-12-2023,2,18030,Installment,Micheal Johnson,,Repeating Customer
S08296,CU0543,C0420,25-08-2025,2,33407,Installment,Kristin Martin,,Repeating Customer
S08297,CU0557,C0457,25-04-2025,2,86517,Cash,Tammy West,,Repeating Customer
S08298,CU0011,C0122,03-05-2025,2,26667,Credit,Albert Rivera,,Repeating Customer
S08299,CU0714,C0131,14-06-2023,1,96962,Cash,Jeffrey Scott,,New Customer
S08300,CU1273,C0249,27-08-2025,1,35537,Credit,Andrew Richards,,New Customer
S08301,CU0060,C0424,17-01-2023,1,56017,Cash,Lisa Sanchez,,New Customer
S08302,CU0312,C0457,10-08-2025,2,92529,Cash,Jack Villanueva,,Repeating Customer
S08303,CU0813,C0498,05-07-2024,2,26608,Credit,Matthew Prince,,Repeating Customer
S08304,CU1168,C0372,29-04-2023,2,99650,Cash,Grant Woods,,Repeating Customer
S08305,CU1448,C0052,04-11-2022,2,85739,Cash,Brenda Haas,,Repeating Customer
S08306,CU0955,C0325,24-11-2022,3,35264,Installment,John Rivera,,Loyal Customer
S08307,CU0972,C0159,29-05-2023,2,33777,Cash,Michael Lewis,,Repeating Customer
S08308,CU1021,C0105,19-06-2023,1,28330,Cash,Richard Moore,,New Customer
S08309,CU1713,C0343,02-08-2023,3,45226,Cash,Lisa Smith,,Loyal Customer
S08310,CU1709,C0274,23-01-2023,3,27685,Cash,Barbara Singh,,Loyal Customer
S08311,CU1067,C0084,14-05-2023,1,31380,Credit,Mrs. Rebekah Carey,,New Customer
S08312,CU1662,C0258,02-05-2023,3,80977,Installment,Jeffrey Parsons,,Loyal Customer
S08313,CU1906,C0495,12-07-2025,2,71942,Credit,Emily Duncan,,Repeating Customer
S08314,CU0885,C0406,17-12-2022,3,70577,Credit,William Fernandez,,Loyal Customer
S08315,CU1087,C0342,07-10-2024,1,63430,Cash,Kellie Ellis,,New Customer
S08316,CU1358,C0412,21-08-2023,1,48257,Installment,Jennifer Mckinney,,New Customer
S08317,CU0576,C0074,14-03-2023,2,50241,Credit,Deborah Roach,,Repeating Customer
S08318,CU0430,C0143,15-07-2024,1,40636,Cash,Andrew Santiago,,New Customer
S08319,CU0287,C0077,26-07-2024,1,37909,Cash,Steven Mcdowell,,New Customer
S08320,CU0576,C0388,28-11-2023,2,49966,Credit,Mary Williams,,Repeating Customer
S08321,CU0389,C0040,16-07-2024,2,23596,Installment,Chloe Warner,,Repeating Customer
S08322,CU0412,C0487,14-04-2024,3,91345,Cash,Mary Young,,Loyal Customer
S08323,CU1145,C0216,29-11-2022,2,67946,Credit,Melissa Berry,,Repeating Customer
S08324,CU1861,C0058,28-07-2024,1,92516,Credit,William Obrien,,New Customer
S08325,CU0964,C0337,12-11-2023,2,34870,Credit,Samuel Vega,,Repeating Customer
S08326,CU1888,C0284,31-05-2024,2,70151,Installment,Roger Wiley,,Repeating Customer
S08327,CU1216,C0474,01-04-2024,1,75173,Cash,Brandi Anderson,,New Customer
S08328,CU0548,C0036,02-07-2024,3,23853,Credit,George Dawson,,Loyal Customer
S08329,CU0203,C0343,02-12-2024,3,79244,Cash,Alicia Sanchez,,Loyal Customer
S08330,CU1481,C0376,30-03-2024,1,28099,Credit,Susan Miller,,New Customer
S08331,CU1056,C0074,23-04-2023,2,81135,Installment,Aaron Schultz,,Repeating Customer
S08332,CU1806,C0394,27-05-2024,3,84021,Credit,Andrew Davis,,Loyal Customer
S08333,CU0745,C0162,25-01-2023,2,67537,Installment,Jamie Nelson,,Repeating Customer
S08334,CU0443,C0475,04-06-2023,2,44755,Installment,Donna Howard,,Repeating Customer
S08335,CU0818,C0085,23-10-2025,2,45124,Cash,Scott Jones,,Repeating Customer
S08336,CU1777,C0155,18-03-2023,2,84571,Cash,Cassandra Leach,,Repeating Customer
S08337,CU0190,C0487,25-04-2025,2,91602,Installment,Tammy Moore,,Repeating Customer
S08338,CU1713,C0034,02-08-2023,2,51549,Credit,Jeremy Cortez,,Repeating Customer
S08339,CU1008,C0017,22-03-2025,3,80507,Cash,Julia Dean,,Loyal Customer
S08340,CU1816,C0033,06-07-2024,1,62869,Installment,Jennifer Lee,,New Customer
S08341,CU1636,C0354,20-06-2023,2,81488,Installment,Scott Lowery,,Repeating Customer
S08342,CU1064,C0018,30-04-2023,1,99359,Cash,Holly Stokes,,New Customer
S08343,CU1750,C0439,23-04-2025,1,25785,Cash,Kristen Lopez,,New Customer
S08344,CU1979,C0316,07-09-2025,1,82217,Installment,Lucas May,,New Customer
S08345,CU0553,C0496,15-01-2023,3,21701,Cash,James Fisher,,Loyal Customer
S08346,CU1603,C0256,03-12-2024,1,70220,Installment,Jessica Thompson,,New Customer
S08347,CU0983,C0088,31-05-2025,2,73710,Credit,John Cochran,,Repeating Customer
S08348,CU1729,C0101,23-01-2025,1,15035,Installment,Stacey James,,New Customer
S08349,CU1285,C0376,20-09-2023,1,33309,Installment,Danielle Morales,,New Customer
S08350,CU1754,C0193,05-06-2023,1,33555,Installment,Paul Foster,,New Customer
S08351,CU1582,C0497,22-03-2024,2,38258,Credit,Jacob Taylor,,Repeating Customer
S08352,CU1666,C0172,26-05-2024,1,86784,Cash,Connie Davis,,New Customer
S08353,CU0543,C0293,02-03-2023,3,46036,Installment,Kathy Salazar,,Loyal Customer
S08354,CU1643,C0236,06-01-2024,3,69255,Credit,Jacob Anderson,,Loyal Customer
S08355,CU0283,C0305,25-03-2023,3,26670,Credit,Kathleen Oconnor,,Loyal Customer
S08356,CU1189,C0296,09-08-2023,2,81194,Cash,Bruce Hansen,,Repeating Customer
S08357,CU1271,C0121,15-04-2024,1,99956,Credit,Ashley Edwards,,New Customer
S08358,CU1034,C0192,09-09-2024,1,15593,Cash,Laura Neal,,New Customer
S08359,CU1722,C0064,03-02-2025,3,17472,Cash,Clayton Reeves,,Loyal Customer
S08360,CU0082,C0146,10-09-2023,1,60833,Credit,Angela Lee,,New Customer
S08361,CU0642,C0130,25-05-2024,2,62916,Installment,Lisa Wilson,,Repeating Customer
S08362,CU0625,C0451,14-10-2024,2,60585,Installment,Yolanda Mitchell,,Repeating Customer
S08363,CU0223,C0221,12-04-2023,2,57449,Cash,Anne Phillips,,Repeating Customer
S08364,CU1911,C0060,27-07-2023,2,18508,Installment,Elizabeth Bailey,,Repeating Customer
S08365,CU1347,C0019,18-05-2025,2,62892,Cash,Brandon Gonzales,,Repeating Customer
S08366,CU1483,C0327,08-10-2023,2,61011,Installment,Brandy Cochran,,Repeating Customer
S08367,CU0909,C0454,05-05-2023,2,18834,Cash,Jessica Hernandez,,Repeating Customer
S08368,CU0575,C0013,07-06-2023,1,49263,Cash,Xavier Glenn,,New Customer
S08369,CU1922,C0120,17-12-2024,3,36764,Cash,William Stanley,,Loyal Customer
S08370,CU0678,C0342,08-01-2023,3,38572,Credit,Cameron Love,,Loyal Customer
S08371,CU1925,C0022,31-08-2025,3,18969,Installment,Allison Nicholson,,Loyal Customer
S08372,CU0302,C0326,20-05-2024,1,18311,Cash,Steven Smith,,New Customer
S08373,CU0714,C0120,08-12-2022,2,90703,Cash,Jason Walls,,Repeating Customer
S08374,CU1827,C0207,20-10-2024,2,53806,Cash,Lisa Roy,,Repeating Customer
S08375,CU0691,C0150,25-10-2025,3,24855,Credit,Matthew Robbins,,Loyal Customer
S08376,CU1319,C0359,27-04-2025,3,81970,Cash,Jo Hicks,,Loyal Customer
S08377,CU0072,C0170,04-11-2024,2,26436,Cash,Mary Adkins,,Repeating Customer
S08378,CU1043,C0162,17-09-2023,1,93935,Installment,Catherine Moore,,New Customer
S08379,CU1446,C0084,05-08-2024,1,32731,Cash,Kelly Atkins,,New Customer
S08380,CU0838,C0407,19-03-2023,2,56413,Cash,Andrew Burnett,,Repeating Customer
S08381,CU1925,C0364,10-11-2023,3,95079,Installment,Mary Wilson,,Loyal Customer
S08382,CU1720,C0342,21-06-2025,3,26226,Installment,Christopher Morris,,Loyal Customer
S08383,CU1804,C0179,02-08-2025,2,26487,Installment,Dr. Jeffrey Holder,,Repeating Customer
S08384,CU0481,C0330,19-08-2024,1,40811,Cash,Rachael Reynolds,,New Customer
S08385,CU1760,C0258,18-10-2024,3,26097,Installment,Charles Sharp,,Loyal Customer
S08386,CU0456,C0474,26-04-2025,3,44464,Credit,Miranda Moody,,Loyal Customer
S08387,CU1701,C0494,18-12-2023,3,65580,Cash,Todd Gonzalez,,Loyal Customer
S08388,CU0298,C0025,03-05-2025,2,92261,Credit,Robert Johnson,,Repeating Customer
S08389,CU1262,C0247,23-02-2024,1,62473,Cash,Anthony Haney,,New Customer
S08390,CU1318,C0438,08-11-2023,3,28236,Cash,Cheryl Duran,,Loyal Customer
S08391,CU1905,C0465,10-03-2023,2,96467,Installment,John Snyder,,Repeating Customer
S08392,CU0449,C0039,12-02-2025,1,19276,Credit,Thomas Strickland,,New Customer
S08393,CU0877,C0367,23-05-2025,1,68118,Installment,Caroline Chaney,,New Customer
S08394,CU1152,C0036,28-08-2023,3,23498,Installment,Brenda Jensen,,Loyal Customer
S08395,CU1141,C0140,17-11-2024,2,22615,Credit,Mark Case,,Repeating Customer
S08396,CU0695,C0187,24-09-2024,2,85609,Installment,Marissa Miller,,Repeating Customer
S08397,CU0377,C0040,27-09-2025,1,63501,Credit,Charles Marshall,,New Customer
S08398,CU1542,C0052,19-06-2024,3,86834,Installment,Julie Payne,,Loyal Customer
S08399,CU0943,C0040,20-08-2025,3,31475,Cash,John Berg,,Loyal Customer
S08400,CU1745,C0198,01-11-2023,1,69502,Cash,Anne Ibarra,,New Customer
S08401,CU0989,C0150,05-04-2025,2,56953,Installment,Corey Bauer,,Repeating Customer
S08402,CU1326,C0174,16-05-2023,3,24867,Cash,Michelle Adams,,Loyal Customer
S08403,CU1127,C0460,30-08-2025,1,21797,Cash,Joshua Rodriguez,,New Customer
S08404,CU0474,C0153,17-08-2025,1,87125,Installment,Robert Carroll,,New Customer
S08405,CU1715,C0436,04-04-2025,3,70264,Credit,Stephen Palmer,,Loyal Customer
S08406,CU0680,C0148,05-02-2024,2,28078,Installment,Charles Curry,,Repeating Customer
S08407,CU0509,C0033,18-03-2025,2,53286,Credit,Dawn Brown,,Repeating Customer
S08408,CU1095,C0244,16-09-2025,1,30373,Installment,William Walker,,New Customer
S08409,CU0956,C0445,13-07-2024,3,27360,Cash,Courtney Wilson,,Loyal Customer
S08410,CU0793,C0381,18-02-2024,1,50803,Cash,Rodney Burns,,New Customer
S08411,CU0806,C0019,22-05-2023,1,26432,Cash,Rhonda Acosta,,New Customer
S08412,CU1545,C0405,06-10-2023,3,48308,Credit,Donald Galloway,,Loyal Customer
S08413,CU1760,C0056,19-02-2025,2,68608,Installment,Tina Juarez,,Repeating Customer
S08414,CU0007,C0166,21-11-2023,1,56511,Cash,Christine Johnson,,New Customer
S08415,CU0127,C0168,25-07-2023,3,45366,Installment,Janet Griffin,,Loyal Customer
S08416,CU0020,C0200,30-08-2023,3,33943,Installment,Caitlin Williams,,Loyal Customer
S08417,CU0791,C0173,03-06-2025,3,75663,Installment,Kathleen Nguyen,,Loyal Customer
S08418,CU0565,C0352,05-03-2023,3,86797,Installment,Joel Rodgers,,Loyal Customer
S08419,CU1636,C0123,13-10-2023,2,70908,Credit,James James,,Repeating Customer
S08420,CU1484,C0344,08-04-2025,2,45209,Credit,Joyce Johnson,,Repeating Customer
S08421,CU1122,C0024,15-09-2023,3,62230,Installment,Kelly Norman,,Loyal Customer
S08422,CU1914,C0295,23-10-2023,1,34536,Cash,Laura Moreno,,New Customer
S08423,CU1793,C0347,27-03-2024,2,65086,Credit,Joseph Lee,,Repeating Customer
S08424,CU1140,C0335,20-03-2024,2,28399,Cash,Sara Mcintosh,,Repeating Customer
S08425,CU1887,C0314,08-09-2023,1,69111,Credit,Michael Ward,,New Customer
S08426,CU1905,C0184,08-10-2024,3,93834,Credit,Matthew Cervantes,,Loyal Customer
S08427,CU1727,C0141,28-10-2025,3,46289,Installment,Nicholas Hatfield,,Loyal Customer
S08428,CU0864,C0041,12-11-2024,1,82733,Cash,Austin Mcdaniel,,New Customer
S08429,CU0536,C0144,10-11-2024,2,66127,Cash,Mr. Douglas Olson PhD,,Repeating Customer
S08430,CU0286,C0046,14-08-2025,2,36484,Credit,Mrs. Monique Davis DVM,,Repeating Customer
S08431,CU0211,C0268,18-02-2024,2,96823,Credit,Amy Elliott,,Repeating Customer
S08432,CU1172,C0415,10-01-2023,3,71186,Cash,Kevin Flores DVM,,Loyal Customer
S08433,CU0674,C0169,15-07-2024,3,27518,Cash,Amy Mack,,Loyal Customer
S08434,CU1334,C0237,22-04-2024,3,73210,Installment,Daniel Moore,,Loyal Customer
S08435,CU0895,C0398,30-03-2023,3,85118,Cash,Amanda Williams,,Loyal Customer
S08436,CU0825,C0023,07-04-2024,1,38827,Cash,Michael Smith,,New Customer
S08437,CU1388,C0017,12-12-2023,3,60200,Credit,Jody Petersen,,Loyal Customer
S08438,CU1891,C0337,29-04-2025,2,56214,Credit,Michael Malone,,Repeating Customer
S08439,CU0203,C0270,21-01-2023,2,98131,Cash,Angelica Robinson,,Repeating Customer
S08440,CU0770,C0338,30-08-2023,1,44080,Installment,Dr. Martin Green DVM,,New Customer
S08441,CU0149,C0491,06-11-2022,3,70007,Cash,Jodi Frazier,,Loyal Customer
S08442,CU0720,C0135,21-05-2024,3,81114,Credit,Matthew Mitchell,,Loyal Customer
S08443,CU1770,C0337,03-07-2024,1,40478,Credit,Jason Bell,,New Customer
S08444,CU0781,C0205,04-08-2024,1,82480,Credit,Michael Buchanan,,New Customer
S08445,CU0232,C0410,16-04-2024,2,26941,Installment,Traci Barron,,Repeating Customer
S08446,CU0537,C0385,28-06-2023,3,97586,Installment,Stephanie Ortega,,Loyal Customer
S08447,CU1728,C0134,07-08-2025,1,75568,Installment,Kendra Robbins,,New Customer
S08448,CU0381,C0496,17-12-2022,2,60276,Installment,Shannon Meyers,,Repeating Customer
S08449,CU0118,C0107,10-06-2024,3,51379,Cash,Lisa Gonzalez,,Loyal Customer
S08450,CU0449,C0178,29-12-2023,2,99067,Cash,Timothy Allen,,Repeating Customer
S08451,CU1911,C0276,06-12-2024,3,89660,Installment,Robin Wilson,,Loyal Customer
S08452,CU0999,C0418,12-10-2025,2,46961,Cash,Heather Shelton,,Repeating Customer
S08453,CU0274,C0141,21-03-2024,1,68784,Credit,Danielle Benson,,New Customer
S08454,CU0723,C0444,02-01-2023,2,39338,Credit,Taylor Wilson,,Repeating Customer
S08455,CU1424,C0439,27-11-2023,3,19482,Credit,Mr. Bryan Nash,,Loyal Customer
S08456,CU0616,C0312,26-03-2024,3,51789,Cash,Catherine Zamora,,Loyal Customer
S08457,CU0786,C0037,11-06-2023,2,78849,Installment,Ryan Gibson,,Repeating Customer
S08458,CU0788,C0057,03-07-2023,2,60838,Cash,Elizabeth Palmer,,Repeating Customer
S08459,CU0920,C0039,20-03-2025,2,70185,Installment,Natalie Mercado,,Repeating Customer
S08460,CU0200,C0176,18-01-2024,1,91355,Credit,Ryan Arias,,New Customer
S08461,CU1532,C0087,20-01-2023,3,66126,Credit,Patricia Rowe,,Loyal Customer
S08462,CU1302,C0423,11-09-2024,1,75679,Credit,Eric Salinas,,New Customer
S08463,CU1797,C0112,01-08-2023,1,76215,Cash,Michael Acosta,,New Customer
S08464,CU0231,C0085,30-10-2023,1,46737,Installment,Kimberly Reynolds,,New Customer
S08465,CU0526,C0361,23-03-2023,2,18984,Installment,Shane Ramos,,Repeating Customer
S08466,CU1518,C0375,29-03-2023,1,79885,Installment,Rebecca Gilmore,,New Customer
S08467,CU0140,C0322,21-07-2024,1,18075,Installment,Kristen Ramirez,,New Customer
S08468,CU0555,C0369,18-03-2025,3,57023,Credit,William Evans,,Loyal Customer
S08469,CU0257,C0028,25-11-2023,3,96823,Cash,Joseph Weaver,,Loyal Customer
S08470,CU1875,C0362,07-12-2023,1,93598,Credit,Melissa Brown,,New Customer
S08471,CU1907,C0239,24-02-2023,1,84992,Installment,Bonnie Clark,,New Customer
S08472,CU0891,C0421,17-09-2024,2,25473,Cash,Vanessa Stevenson,,Repeating Customer
S08473,CU0799,C0040,22-03-2025,1,70723,Cash,Jessica Wilcox,,New Customer
S08474,CU0980,C0100,06-01-2025,3,39123,Installment,Christopher Johnson,,Loyal Customer
S08475,CU1802,C0054,12-04-2024,2,80272,Cash,Matthew Collins,,Repeating Customer
S08476,CU1844,C0442,29-09-2023,1,90015,Installment,Rachel Mercado,,New Customer
S08477,CU0637,C0332,20-09-2023,2,20143,Credit,Cynthia Pena,,Repeating Customer
S08478,CU1855,C0137,29-08-2024,3,67270,Cash,David Sharp,,Loyal Customer
S08479,CU0820,C0491,18-03-2023,3,54735,Credit,Gerald Young,,Loyal Customer
S08480,CU0433,C0238,05-02-2023,2,24943,Installment,Sarah Wells,,Repeating Customer
S08481,CU0235,C0259,19-05-2024,1,34821,Installment,Jane Brown,,New Customer
S08482,CU0264,C0078,11-04-2023,2,20763,Cash,Dean Gray,,Repeating Customer
S08483,CU1089,C0006,03-06-2025,1,70789,Cash,Brett Holland,,New Customer
S08484,CU0780,C0374,17-11-2022,2,97326,Credit,Kyle Gomez,,Repeating Customer
S08485,CU1739,C0431,17-04-2025,1,95885,Cash,Lisa Hall,,New Customer
S08486,CU1314,C0119,03-12-2024,2,79959,Cash,Brad Park,,Repeating Customer
S08487,CU1180,C0243,10-11-2023,2,17838,Cash,Diane Jackson,,Repeating Customer
S08488,CU1712,C0176,04-12-2022,3,24749,Installment,Amanda Fuentes,,Loyal Customer
S08489,CU0953,C0181,19-02-2024,1,43306,Credit,Mitchell Gibson,,New Customer
S08490,CU0114,C0001,20-07-2023,2,34686,Installment,Patricia Gardner,,Repeating Customer
S08491,CU0965,C0098,21-09-2024,2,99073,Credit,Andrew Rios,,Repeating Customer
S08492,CU1305,C0189,17-09-2023,2,36385,Installment,Alex Matthews,,Repeating Customer
S08493,CU0322,C0217,19-05-2025,3,16077,Installment,Edward Martinez,,Loyal Customer
S08494,CU0019,C0271,03-06-2023,3,29488,Cash,Michael Hill,,Loyal Customer
S08495,CU0958,C0225,14-01-2024,3,95367,Credit,Richard Wyatt,,Loyal Customer
S08496,CU1537,C0052,29-08-2025,3,78010,Installment,Cynthia Holder,,Loyal Customer
S08497,CU1315,C0176,07-05-2025,3,65438,Cash,Renee Holland MD,,Loyal Customer
S08498,CU1036,C0157,01-09-2025,3,85708,Credit,Mr. Eric Crosby,,Loyal Customer
S08499,CU1892,C0257,17-10-2025,3,79529,Credit,Amy Yoder,,Loyal Customer
S08500,CU0436,C0455,02-12-2024,2,78976,Installment,Tina Clark,,Repeating Customer
S08501,CU0559,C0075,10-11-2022,2,97825,Installment,Catherine Gilbert,,Repeating Customer
S08502,CU0674,C0270,07-11-2024,1,41543,Installment,Mikayla Leonard,,New Customer
S08503,CU0572,C0025,23-10-2025,1,56460,Cash,Susan Baker,,New Customer
S08504,CU0899,C0113,01-06-2023,2,63966,Credit,Samantha Weber,,Repeating Customer
S08505,CU1896,C0102,03-03-2023,1,32342,Credit,Brittany Mitchell,,New Customer
S08506,CU1283,C0260,10-12-2022,3,17819,Cash,Lisa Adkins,,Loyal Customer
S08507,CU0992,C0078,31-05-2025,1,38464,Cash,Sarah Gallegos,,New Customer
S08508,CU0696,C0444,20-06-2023,1,76763,Installment,Thomas Black,,New Customer
S08509,CU1893,C0489,16-06-2025,3,52111,Credit,Jennifer Sanders,,Loyal Customer
S08510,CU1990,C0119,09-06-2025,1,76973,Cash,Donna Morris,,New Customer
S08511,CU0681,C0236,10-07-2024,3,27830,Installment,Jessica Ramsey,,Loyal Customer
S08512,CU1754,C0282,13-02-2025,1,97082,Credit,Kenneth Kelley,,New Customer
S08513,CU0095,C0346,29-11-2023,1,34258,Credit,Jacqueline Ray,,New Customer
S08514,CU1907,C0497,03-12-2022,2,63027,Credit,Megan Anderson,,Repeating Customer
S08515,CU1564,C0277,15-09-2023,1,64815,Installment,Lisa Wright,,New Customer
S08516,CU1450,C0337,15-11-2022,3,59674,Installment,Tracy Leblanc,,Loyal Customer
S08517,CU1715,C0339,09-08-2025,3,46722,Cash,Danielle Mitchell,,Loyal Customer
S08518,CU0423,C0263,17-07-2023,3,52743,Credit,Aaron Parker,,Loyal Customer
S08519,CU0204,C0431,21-01-2023,3,81576,Cash,Adam Gibbs,,Loyal Customer
S08520,CU1730,C0244,06-01-2025,1,55126,Credit,Jennifer Roberts,,New Customer
S08521,CU1756,C0119,01-12-2022,3,49420,Installment,William Stewart,,Loyal Customer
S08522,CU0728,C0373,04-02-2024,3,38833,Cash,Barbara Stewart,,Loyal Customer
S08523,CU1225,C0257,08-10-2025,1,27794,Installment,Victor Dixon,,New Customer
S08524,CU1506,C0360,01-03-2023,3,53233,Installment,Matthew Weaver,,Loyal Customer
S08525,CU0434,C0147,06-10-2024,2,29484,Installment,Michael Watts,,Repeating Customer
S08526,CU0250,C0499,15-07-2024,3,63382,Installment,Tammy Johnson,,Loyal Customer
S08527,CU0717,C0416,05-03-2025,2,63580,Cash,Richard Neal,,Repeating Customer
S08528,CU1715,C0273,24-10-2024,1,85810,Installment,Raymond Brooks,,New Customer
S08529,CU1581,C0340,28-03-2023,2,85562,Installment,Cynthia Campbell,,Repeating Customer
S08530,CU1577,C0496,22-05-2024,2,54473,Credit,Amy Black,,Repeating Customer
S08531,CU1085,C0404,21-07-2023,1,38968,Credit,James Hernandez,,New Customer
S08532,CU1155,C0265,30-08-2024,2,61745,Cash,John Schmitt,,Repeating Customer
S08533,CU1211,C0405,01-10-2023,1,85350,Credit,Nicholas Grimes,,New Customer
S08534,CU0024,C0308,05-05-2024,1,61849,Cash,Darren Moody PhD,,New Customer
S08535,CU1355,C0286,14-01-2025,1,58236,Installment,Curtis Tucker,,New Customer
S08536,CU1907,C0492,03-11-2023,1,37065,Cash,Jason West,,New Customer
S08537,CU1771,C0376,19-01-2025,2,60795,Cash,Mr. Jesus Green,,Repeating Customer
S08538,CU0929,C0440,19-02-2025,2,51986,Cash,Sara Richardson MD,,Repeating Customer
S08539,CU1203,C0345,18-05-2024,1,81974,Cash,Jeanette Brown,,New Customer
S08540,CU0861,C0080,02-12-2023,3,94011,Installment,David Madden,,Loyal Customer
S08541,CU0339,C0430,14-03-2025,2,57446,Cash,Robert Gray,,Repeating Customer
S08542,CU1964,C0125,24-02-2024,1,67081,Cash,John Ritter,,New Customer
S08543,CU0455,C0445,06-06-2024,2,22631,Installment,Jared Cook,,Repeating Customer
S08544,CU1808,C0269,08-01-2024,3,97460,Credit,Brianna Cunningham,,Loyal Customer
S08545,CU0561,C0307,11-12-2024,3,95412,Cash,Jenna Johnson,,Loyal Customer
S08546,CU1837,C0070,25-07-2025,2,21424,Installment,Beth Washington,,Repeating Customer
S08547,CU1530,C0068,18-01-2025,2,86481,Credit,Michael Lewis,,Repeating Customer
S08548,CU1414,C0281,22-10-2024,2,76724,Credit,Jeremy Liu,,Repeating Customer
S08549,CU1020,C0442,19-06-2024,3,76097,Installment,John Moore,,Loyal Customer
S08550,CU0442,C0017,29-12-2023,1,19988,Installment,Carol Houston,,New Customer
S08551,CU0430,C0408,19-10-2024,1,28807,Installment,Edward Clark,,New Customer
S08552,CU0412,C0416,19-04-2024,2,51075,Installment,Leslie Myers,,Repeating Customer
S08553,CU0346,C0086,25-11-2024,1,69607,Cash,Michael Lang,,New Customer
S08554,CU0659,C0211,27-10-2024,1,31944,Credit,Jodi Conway,,New Customer
S08555,CU0320,C0373,22-09-2025,2,76534,Installment,Danny Herrera,,Repeating Customer
S08556,CU1699,C0397,31-05-2025,2,84071,Credit,Ashley Fitzgerald,,Repeating Customer
S08557,CU1185,C0251,28-04-2023,1,43209,Credit,Eric Oconnor,,New Customer
S08558,CU1532,C0367,07-08-2025,3,75304,Credit,Sharon Villa,,Loyal Customer
S08559,CU0454,C0287,14-09-2024,1,15676,Installment,Lisa Wheeler,,New Customer
S08560,CU1757,C0294,06-11-2022,2,48345,Cash,Austin Reyes,,Repeating Customer
S08561,CU1360,C0358,25-09-2024,3,76003,Installment,Joseph Le,,Loyal Customer
S08562,CU1602,C0345,18-07-2025,2,79875,Cash,Aaron Hansen,,Repeating Customer
S08563,CU0761,C0198,11-08-2024,2,19989,Cash,Jeffrey Lindsey,,Repeating Customer
S08564,CU1271,C0309,08-06-2025,2,54503,Installment,Tracy Dunn,,Repeating Customer
S08565,CU0076,C0151,09-04-2023,1,66891,Installment,Morgan Jones DVM,,New Customer
S08566,CU0210,C0190,08-07-2024,1,93213,Installment,Jose Bowers DDS,,New Customer
S08567,CU1453,C0044,09-11-2024,1,41896,Installment,Michael Wheeler,,New Customer
S08568,CU1597,C0160,06-08-2025,3,86782,Installment,Emily Wright,,Loyal Customer
S08569,CU1089,C0234,28-08-2023,3,68257,Cash,Theodore Roberts,,Loyal Customer
S08570,CU0521,C0033,16-07-2025,3,31461,Credit,Nancy Shea,,Loyal Customer
S08571,CU0780,C0277,29-12-2022,1,83480,Credit,Christine Kline,,New Customer
S08572,CU0463,C0488,10-10-2024,3,79585,Cash,Yolanda Harvey,,Loyal Customer
S08573,CU1893,C0412,04-01-2024,1,21506,Credit,Peter Perez,,New Customer
S08574,CU0960,C0028,28-05-2023,1,39791,Installment,Michael Wright,,New Customer
S08575,CU0922,C0244,14-01-2025,2,88430,Credit,Taylor Mclaughlin,,Repeating Customer
S08576,CU1881,C0202,07-08-2025,1,96067,Credit,Eric Mccarthy,,New Customer
S08577,CU1518,C0209,26-01-2023,3,25393,Credit,Michael Holden,,Loyal Customer
S08578,CU1381,C0198,06-08-2023,3,66342,Cash,Katrina Gonzalez,,Loyal Customer
S08579,CU1617,C0147,03-07-2023,2,19970,Cash,Zachary Miller,,Repeating Customer
S08580,CU0942,C0254,25-01-2025,1,46510,Credit,Seth Smith,,New Customer
S08581,CU0427,C0442,13-01-2025,3,32181,Installment,Heidi Barrera,,Loyal Customer
S08582,CU1334,C0355,01-02-2024,2,60903,Credit,Kevin Smith,,Repeating Customer
S08583,CU0208,C0253,17-04-2025,2,73269,Credit,Jimmy Jordan,,Repeating Customer
S08584,CU0405,C0356,06-09-2024,2,54612,Installment,Brandon Sexton,,Repeating Customer
S08585,CU1048,C0027,30-03-2025,3,15922,Credit,Stephanie Campbell,,Loyal Customer
S08586,CU1370,C0015,10-09-2025,1,53136,Cash,Robert Strickland,,New Customer
S08587,CU1428,C0429,02-03-2024,3,57439,Installment,Mary Walker,,Loyal Customer
S08588,CU0963,C0410,23-07-2024,2,63651,Installment,Annette Chan,,Repeating Customer
S08589,CU1237,C0188,14-12-2022,1,98228,Cash,Julie Hunter,,New Customer
S08590,CU0781,C0178,17-02-2023,2,82521,Credit,Amanda Montes,,Repeating Customer
S08591,CU0571,C0333,11-02-2023,1,56881,Installment,Mark Figueroa,,New Customer
S08592,CU1489,C0212,20-09-2025,2,29100,Installment,Charles Heath,,Repeating Customer
S08593,CU1872,C0115,13-05-2024,3,28960,Cash,David Stone,,Loyal Customer
S08594,CU0968,C0154,07-11-2022,3,90082,Installment,Jessica Welch,,Loyal Customer
S08595,CU0759,C0450,28-10-2023,3,97952,Installment,Douglas Lara,,Loyal Customer
S08596,CU1936,C0026,05-02-2023,1,15029,Installment,Anne Adams,,New Customer
S08597,CU0275,C0349,27-11-2023,3,81516,Cash,Katie Johnson,,Loyal Customer
S08598,CU0766,C0495,29-04-2025,1,70072,Installment,Andrew Clay,,New Customer
S08599,CU1557,C0036,20-04-2025,1,25378,Cash,Rebecca Collins,,New Customer
S08600,CU0203,C0438,02-04-2025,2,96692,Installment,James Johnson,,Repeating Customer
S08601,CU0137,C0266,11-02-2024,1,16313,Installment,Chelsea Ochoa,,New Customer
S08602,CU0109,C0034,12-06-2023,3,64965,Cash,Robert Best,,Loyal Customer
S08603,CU0501,C0045,10-11-2023,3,23443,Credit,Jonathan Gray,,Loyal Customer
S08604,CU0840,C0252,15-01-2024,2,91311,Cash,Haley Watson,,Repeating Customer
S08605,CU1853,C0398,23-02-2024,3,98486,Cash,Carrie Williams,,Loyal Customer
S08606,CU0497,C0165,08-06-2025,2,86420,Cash,Timothy Ashley,,Repeating Customer
S08607,CU1140,C0481,09-07-2025,2,46878,Installment,William Hammond,,Repeating Customer
S08608,CU0217,C0356,06-12-2024,3,62748,Credit,Tracey Williams,,Loyal Customer
S08609,CU0962,C0394,21-12-2023,2,35970,Installment,Bryce Valencia,,Repeating Customer
S08610,CU0992,C0349,09-11-2022,1,78909,Cash,Maxwell Fuller,,New Customer
S08611,CU1217,C0019,02-01-2023,2,53549,Cash,Steven Shaffer,,Repeating Customer
S08612,CU0793,C0059,29-01-2023,1,68515,Cash,James King,,New Customer
S08613,CU0490,C0378,14-03-2024,3,86560,Cash,Steven Burke,,Loyal Customer
S08614,CU0202,C0165,08-10-2025,1,62461,Credit,William Jones,,New Customer
S08615,CU0359,C0068,26-07-2025,3,57613,Installment,Kevin Williamson,,Loyal Customer
S08616,CU0806,C0361,11-04-2024,1,20761,Installment,Thomas Wang,,New Customer
S08617,CU1802,C0263,20-08-2025,1,79615,Installment,Hannah Young,,New Customer
S08618,CU0853,C0433,25-09-2024,1,20584,Credit,Raven Rubio,,New Customer
S08619,CU1092,C0429,14-05-2025,1,76242,Cash,Andrew Barnes,,New Customer
S08620,CU1172,C0429,13-11-2022,2,74332,Installment,William Cruz,,Repeating Customer
S08621,CU0293,C0155,07-03-2024,2,21162,Cash,Beverly Frederick,,Repeating Customer
S08622,CU1965,C0406,04-08-2025,1,98474,Credit,Robert Watson,,New Customer
S08623,CU0951,C0333,30-03-2024,1,45621,Cash,Susan Deleon,,New Customer
S08624,CU0511,C0437,03-01-2025,2,27469,Cash,Courtney Matthews,,Repeating Customer
S08625,CU1340,C0385,01-10-2024,3,97151,Cash,Glenn Dunn,,Loyal Customer
S08626,CU0419,C0316,16-12-2023,2,60685,Credit,Jennifer Hall,,Repeating Customer
S08627,CU0893,C0397,16-06-2023,2,22348,Credit,Loretta Doyle,,Repeating Customer
S08628,CU0737,C0130,09-03-2023,1,87033,Credit,Amber Barry,,New Customer
S08629,CU0578,C0053,28-10-2025,2,43259,Installment,Laura Gray,,Repeating Customer
S08630,CU1921,C0156,05-12-2022,3,76054,Installment,Jessica White,,Loyal Customer
S08631,CU0436,C0119,05-01-2025,2,66963,Credit,Sheila Powell,,Repeating Customer
S08632,CU1980,C0410,21-01-2025,1,69808,Credit,Alicia Mathis,,New Customer
S08633,CU0976,C0031,27-03-2025,2,34415,Credit,Barbara Mccormick,,Repeating Customer
S08634,CU1624,C0041,15-02-2023,3,80259,Cash,Thomas Hicks,,Loyal Customer
S08635,CU0008,C0063,11-11-2022,2,77701,Installment,Angela Barker,,Repeating Customer
S08636,CU1328,C0447,07-02-2024,1,71681,Cash,Michael Dixon,,New Customer
S08637,CU1515,C0221,03-03-2023,3,98557,Cash,Jacob Franklin,,Loyal Customer
S08638,CU1545,C0100,20-07-2023,1,83762,Credit,Marie Banks,,New Customer
S08639,CU1982,C0173,18-07-2025,3,67171,Credit,Michael Davis,,Loyal Customer
S08640,CU1063,C0455,02-10-2023,2,91971,Credit,Lawrence Norman,,Repeating Customer
S08641,CU0596,C0204,26-06-2025,2,78001,Credit,Alejandra Winters,,Repeating Customer
S08642,CU0553,C0208,20-02-2025,3,23951,Credit,Maria Johnson,,Loyal Customer
S08643,CU1284,C0293,14-05-2024,2,52130,Credit,Bridget Jones,,Repeating Customer
S08644,CU0523,C0071,13-07-2023,3,75838,Cash,Randall Greer,,Loyal Customer
S08645,CU0652,C0016,31-03-2024,3,76169,Cash,Sarah Bridges,,Loyal Customer
S08646,CU1995,C0379,12-10-2025,2,30551,Credit,Deborah Weaver,,Repeating Customer
S08647,CU0538,C0094,21-01-2024,2,75780,Cash,Tammy Watson,,Repeating Customer
S08648,CU1638,C0491,22-06-2025,3,91548,Credit,Joseph Serrano,,Loyal Customer
S08649,CU1644,C0413,03-12-2023,2,47767,Cash,Ian Howe,,Repeating Customer
S08650,CU1883,C0320,21-08-2024,3,90881,Installment,Miss Emily Long,,Loyal Customer
S08651,CU0555,C0160,07-01-2023,3,44986,Cash,William Bass,,Loyal Customer
S08652,CU1903,C0377,26-01-2025,3,85413,Installment,Jesse Floyd,,Loyal Customer
S08653,CU1934,C0312,04-06-2025,3,78291,Cash,Heather Miller,,Loyal Customer
S08654,CU1218,C0317,11-10-2024,3,59043,Cash,Kathy Williams,,Loyal Customer
S08655,CU1113,C0094,13-08-2024,2,24801,Installment,Amy Ross,,Repeating Customer
S08656,CU0737,C0284,15-11-2023,1,70171,Credit,David Rios,,New Customer
S08657,CU0950,C0167,12-06-2024,2,18881,Installment,Robert Keller,,Repeating Customer
S08658,CU0418,C0363,30-01-2023,3,54195,Cash,Gordon Santiago,,Loyal Customer
S08659,CU1832,C0051,12-04-2023,3,34201,Credit,Sherry Day,,Loyal Customer
S08660,CU1935,C0010,28-12-2022,1,36833,Installment,Tiffany Hill,,New Customer
S08661,CU1848,C0292,10-03-2025,2,85500,Cash,Sherri Whitehead,,Repeating Customer
S08662,CU1250,C0353,23-02-2024,2,99631,Cash,Justin Miller,,Repeating Customer
S08663,CU0773,C0395,15-12-2024,2,19419,Installment,Michael Walton,,Repeating Customer
S08664,CU1057,C0015,21-05-2024,2,42309,Installment,Jesus Jenkins,,Repeating Customer
S08665,CU0866,C0466,04-05-2024,2,31086,Installment,Shannon Jones,,Repeating Customer
S08666,CU0371,C0144,13-01-2023,2,37346,Cash,Nicholas Edwards,,Repeating Customer
S08667,CU1319,C0492,08-08-2025,2,52727,Cash,William Rich,,Repeating Customer
S08668,CU1281,C0022,14-11-2023,2,15525,Credit,Dean Ibarra,,Repeating Customer
S08669,CU0455,C0009,10-06-2023,3,38680,Credit,Ryan Campbell,,Loyal Customer
S08670,CU1266,C0158,11-08-2024,1,91364,Installment,Jamie Holder,,New Customer
S08671,CU0019,C0386,18-03-2025,2,67508,Installment,Joseph Patel,,Repeating Customer
S08672,CU0847,C0274,04-07-2024,3,62351,Installment,Todd Wolf,,Loyal Customer
S08673,CU0658,C0060,06-12-2023,3,31839,Cash,Nancy Allen,,Loyal Customer
S08674,CU1298,C0015,12-06-2024,1,75253,Installment,David Knight,,New Customer
S08675,CU1750,C0398,16-04-2023,2,26584,Installment,Joseph Rodriguez,,Repeating Customer
S08676,CU0071,C0483,09-03-2025,2,96421,Credit,Caitlin Craig,,Repeating Customer
S08677,CU0514,C0008,06-06-2023,1,41829,Credit,Kenneth Cook,,New Customer
S08678,CU0132,C0292,09-11-2023,1,79465,Cash,Eric Anderson,,New Customer
S08679,CU0715,C0171,06-02-2023,3,94204,Credit,Whitney Thompson,,Loyal Customer
S08680,CU0443,C0092,07-12-2024,1,89985,Installment,Ashley Johnson,,New Customer
S08681,CU0856,C0434,10-04-2023,1,53125,Installment,Sheryl Martinez,,New Customer
S08682,CU0936,C0487,04-08-2023,3,96458,Installment,Brittany Thompson,,Loyal Customer
S08683,CU1331,C0146,21-06-2023,1,89448,Installment,Kristen Cortez,,New Customer
S08684,CU1452,C0392,27-12-2024,2,88878,Credit,Jill Roberts,,Repeating Customer
S08685,CU0670,C0428,14-08-2025,3,50241,Installment,Jackie Davis,,Loyal Customer
S08686,CU1222,C0243,29-08-2024,1,35935,Cash,Robert Stevenson,,New Customer
S08687,CU1210,C0238,19-03-2025,3,45148,Credit,Robin Garcia,,Loyal Customer
S08688,CU1364,C0499,25-04-2023,1,55567,Cash,Kristen Shah,,New Customer
S08689,CU1093,C0110,09-01-2025,2,20670,Credit,Nicholas King,,Repeating Customer
S08690,CU0166,C0480,14-12-2023,2,56934,Installment,Cody Morrow,,Repeating Customer
S08691,CU0890,C0218,09-08-2024,3,78428,Cash,Rachel Prince MD,,Loyal Customer
S08692,CU1604,C0134,03-12-2023,3,49230,Credit,Leonard Atkins,,Loyal Customer
S08693,CU1927,C0482,05-08-2023,1,43748,Cash,Bryan Pacheco,,New Customer
S08694,CU0569,C0217,18-04-2024,2,25508,Cash,Tracy Taylor,,Repeating Customer
S08695,CU1402,C0248,06-04-2025,3,45436,Cash,Heather Mason,,Loyal Customer
S08696,CU1574,C0176,27-08-2025,3,28021,Installment,Michael Brown,,Loyal Customer
S08697,CU0398,C0021,04-09-2025,2,61695,Cash,Tina Lowe,,Repeating Customer
S08698,CU0833,C0384,16-06-2023,2,75544,Cash,Brandon Rice,,Repeating Customer
S08699,CU0560,C0332,19-08-2025,3,83692,Credit,Kimberly Matthews,,Loyal Customer
S08700,CU1221,C0334,21-02-2023,3,15365,Cash,Taylor Anderson,,Loyal Customer
S08701,CU1344,C0367,17-07-2025,2,94976,Cash,Jacob Farley,,Repeating Customer
S08702,CU1572,C0463,17-10-2025,3,58650,Installment,Michael Bishop,,Loyal Customer
S08703,CU0486,C0061,24-10-2025,1,38900,Installment,Cheryl Smith,,New Customer
S08704,CU0039,C0026,10-07-2024,3,92902,Installment,Daniel Castillo,,Loyal Customer
S08705,CU1924,C0365,18-12-2024,2,23903,Installment,Cathy Dixon,,Repeating Customer
S08706,CU1310,C0222,27-01-2024,2,52662,Credit,Kenneth Brooks,,Repeating Customer
S08707,CU0923,C0022,17-01-2023,2,99392,Cash,Ryan Ruiz,,Repeating Customer
S08708,CU0488,C0236,14-09-2023,3,73988,Cash,Mr. Kevin Hopkins,,Loyal Customer
S08709,CU1478,C0186,27-08-2024,1,36928,Installment,Daniel Martinez,,New Customer
S08710,CU0869,C0473,06-06-2024,3,17112,Installment,Meghan Ramsey,,Loyal Customer
S08711,CU1681,C0250,20-11-2023,3,45525,Cash,Ronald Jones,,Loyal Customer
S08712,CU0638,C0165,25-08-2025,3,49655,Credit,Ray Kramer,,Loyal Customer
S08713,CU0782,C0274,21-04-2023,3,83027,Credit,Richard Kelley,,Loyal Customer
S08714,CU1301,C0267,18-04-2025,3,68260,Installment,Matthew Williams,,Loyal Customer
S08715,CU0430,C0346,25-08-2023,3,52249,Credit,Sara Hughes,,Loyal Customer
S08716,CU1542,C0040,28-01-2023,2,98610,Cash,Alexa Flores,,Repeating Customer
S08717,CU1491,C0482,06-03-2023,3,98708,Installment,Kimberly Meza,,Loyal Customer
S08718,CU1328,C0362,29-04-2023,3,96814,Installment,Jenny Morales,,Loyal Customer
S08719,CU0656,C0166,25-07-2023,2,63005,Installment,Meghan Trujillo,,Repeating Customer
S08720,CU1770,C0467,10-03-2024,2,66997,Credit,Victoria Haynes,,Repeating Customer
S08721,CU1690,C0373,19-05-2023,3,35170,Credit,Gary Mckenzie,,Loyal Customer
S08722,CU0382,C0209,04-10-2023,3,19727,Installment,Andrea Mcdonald,,Loyal Customer
S08723,CU0865,C0280,30-12-2023,3,61709,Installment,Nathaniel Adams,,Loyal Customer
S08724,CU0628,C0303,15-09-2025,2,36770,Cash,Steven Williams,,Repeating Customer
S08725,CU1384,C0097,25-02-2025,1,47414,Cash,Bradley Torres,,New Customer
S08726,CU0338,C0057,05-09-2024,3,53332,Credit,Joseph Solomon,,Loyal Customer
S08727,CU1694,C0457,15-11-2024,1,71720,Cash,Hector Snyder,,New Customer
S08728,CU0489,C0203,29-07-2023,3,46165,Cash,Sara Greene,,Loyal Customer
S08729,CU1970,C0114,14-08-2025,1,28871,Cash,James Sherman,,New Customer
S08730,CU1337,C0483,17-12-2024,1,50960,Cash,Brian Lewis,,New Customer
S08731,CU0732,C0272,26-05-2025,3,23482,Cash,Jon Rollins,,Loyal Customer
S08732,CU1747,C0410,15-12-2023,3,46546,Credit,Julie Thompson,,Loyal Customer
S08733,CU0487,C0163,26-09-2024,1,58481,Cash,Jonathan Pierce,,New Customer
S08734,CU1006,C0478,03-08-2023,1,15574,Installment,Justin Marks,,New Customer
S08735,CU1145,C0318,09-05-2023,3,55766,Installment,Kristin Phillips,,Loyal Customer
S08736,CU0136,C0435,21-01-2023,1,28428,Cash,Matthew Hancock,,New Customer
S08737,CU0414,C0290,18-11-2024,1,42548,Cash,Shawn Perkins,,New Customer
S08738,CU1480,C0051,19-10-2024,2,79206,Cash,Kelly Huff,,Repeating Customer
S08739,CU1939,C0060,15-10-2025,3,60752,Cash,Roy Walton,,Loyal Customer
S08740,CU0823,C0091,23-03-2024,3,27866,Credit,Chase Griffin,,Loyal Customer
S08741,CU0585,C0376,12-09-2023,1,27643,Cash,Christopher Wolfe,,New Customer
S08742,CU1629,C0269,28-05-2024,2,73993,Cash,Crystal Tran,,Repeating Customer
S08743,CU1744,C0244,26-06-2024,1,32166,Installment,Ashley Ferguson,,New Customer
S08744,CU0586,C0225,21-12-2023,3,53319,Credit,David Stephenson,,Loyal Customer
S08745,CU1707,C0368,18-12-2024,2,42577,Cash,Melissa Peck,,Repeating Customer
S08746,CU1425,C0224,22-12-2022,3,98387,Cash,Dominic Brown,,Loyal Customer
S08747,CU0225,C0236,02-02-2024,2,60993,Cash,Gabriela Perry,,Repeating Customer
S08748,CU1950,C0247,07-08-2023,3,54687,Installment,Steven Clarke,,Loyal Customer
S08749,CU0083,C0384,27-03-2024,2,94496,Credit,Jamie Dominguez,,Repeating Customer
S08750,CU1834,C0085,26-12-2024,2,47116,Cash,Jason Davis,,Repeating Customer
S08751,CU1367,C0308,02-12-2024,3,55826,Credit,Kevin Dean,,Loyal Customer
S08752,CU0251,C0495,29-03-2023,3,44268,Installment,Maria Williams,,Loyal Customer
S08753,CU0454,C0448,06-01-2024,3,68684,Credit,Jasmine King,,Loyal Customer
S08754,CU0825,C0484,24-12-2024,3,74306,Cash,Barry Lopez,,Loyal Customer
S08755,CU0631,C0234,29-07-2024,3,43527,Cash,Ryan Brennan,,Loyal Customer
S08756,CU0256,C0263,03-09-2024,1,39045,Cash,Anna Chan,,New Customer
S08757,CU0017,C0188,05-01-2025,1,79916,Installment,Joshua Mcgrath,,New Customer
S08758,CU1662,C0495,19-01-2025,2,65758,Cash,Charles Allen,,Repeating Customer
S08759,CU1982,C0485,28-05-2025,1,56411,Installment,Garrett Jimenez,,New Customer
S08760,CU0201,C0192,19-06-2024,1,16106,Installment,Robin Osborn DVM,,New Customer
S08761,CU0581,C0133,01-03-2025,3,97642,Installment,Scott Turner,,Loyal Customer
S08762,CU1204,C0010,23-06-2024,3,57072,Cash,Linda Steele,,Loyal Customer
S08763,CU0653,C0040,12-05-2023,2,70820,Cash,Joshua Smith,,Repeating Customer
S08764,CU0728,C0324,20-11-2022,3,45197,Installment,Eddie Bell,,Loyal Customer
S08765,CU0101,C0130,12-12-2022,3,71718,Installment,Trevor Thomas,,Loyal Customer
S08766,CU1782,C0328,08-08-2024,2,49706,Cash,Jay Wilkinson,,Repeating Customer
S08767,CU1248,C0272,30-05-2024,3,98070,Cash,Stacey Moore,,Loyal Customer
S08768,CU1175,C0180,12-09-2024,2,65395,Installment,Donna Holmes,,Repeating Customer
S08769,CU0426,C0498,12-03-2023,2,91593,Cash,Dustin Perry,,Repeating Customer
S08770,CU0887,C0212,22-10-2025,3,72170,Installment,Michael Snow,,Loyal Customer
S08771,CU1854,C0015,28-04-2024,3,18546,Cash,James Ross,,Loyal Customer
S08772,CU1710,C0063,08-01-2024,2,25654,Credit,George Powers,,Repeating Customer
S08773,CU0952,C0021,02-08-2024,2,51639,Installment,Timothy Black,,Repeating Customer
S08774,CU0230,C0083,08-08-2025,1,54368,Cash,David King,,New Customer
S08775,CU1503,C0080,23-07-2025,3,90425,Cash,John Hansen,,Loyal Customer
S08776,CU1116,C0496,22-05-2025,2,54242,Credit,Yesenia Smith,,Repeating Customer
S08777,CU1034,C0494,03-10-2023,3,48500,Cash,Shirley Sanders,,Loyal Customer
S08778,CU1325,C0145,08-11-2024,3,61449,Installment,Shawn Jackson,,Loyal Customer
S08779,CU0279,C0445,19-11-2022,1,80004,Credit,Bobby Flores,,New Customer
S08780,CU1207,C0174,24-01-2025,3,34738,Cash,Katherine Murphy,,Loyal Customer
S08781,CU0115,C0027,14-02-2024,2,25671,Credit,Wesley Walker,,Repeating Customer
S08782,CU1921,C0384,14-01-2023,1,34859,Installment,Rhonda Sandoval,,New Customer
S08783,CU0222,C0464,20-01-2023,3,44345,Cash,Brenda Walsh,,Loyal Customer
S08784,CU0165,C0483,07-06-2024,1,38374,Cash,James Hernandez,,New Customer
S08785,CU0481,C0322,18-06-2023,3,45785,Cash,Dominique Baker,,Loyal Customer
S08786,CU0862,C0180,27-11-2022,1,91540,Cash,James Carpenter,,New Customer
S08787,CU0507,C0231,24-09-2023,1,66029,Installment,Ashley Hurst,,New Customer
S08788,CU1191,C0182,02-01-2023,2,37854,Cash,Dwayne Thomas,,Repeating Customer
S08789,CU1869,C0290,17-11-2023,1,33210,Credit,Kenneth Farmer,,New Customer
S08790,CU0023,C0043,28-02-2023,2,41555,Installment,Nathaniel Nelson,,Repeating Customer
S08791,CU0860,C0058,17-01-2024,2,99978,Credit,Samuel Rodriguez,,Repeating Customer
S08792,CU1560,C0114,08-12-2022,1,22671,Credit,Gloria Perkins,,New Customer
S08793,CU0755,C0151,09-04-2024,2,98647,Installment,Jesse Knapp,,Repeating Customer
S08794,CU0856,C0083,03-04-2025,1,64651,Cash,Maria Mcclain,,New Customer
S08795,CU1865,C0416,28-11-2023,3,37020,Cash,Michelle Berg,,Loyal Customer
S08796,CU1409,C0156,20-08-2025,1,91872,Cash,Raymond Ellis,,New Customer
S08797,CU0390,C0022,25-01-2025,1,70389,Cash,Frank Logan,,New Customer
S08798,CU1968,C0247,13-01-2023,1,29646,Installment,Michelle Hicks,,New Customer
S08799,CU0853,C0186,02-09-2025,1,53543,Installment,Carl Gross,,New Customer
S08800,CU0117,C0270,07-08-2024,3,17851,Cash,Francisco Evans,,Loyal Customer
S08801,CU0658,C0403,24-10-2023,3,74310,Credit,Wendy Perry,,Loyal Customer
S08802,CU0777,C0373,31-10-2023,2,87813,Installment,Brian Becker,,Repeating Customer
S08803,CU0524,C0120,01-03-2025,1,54548,Cash,Madeline Ellison,,New Customer
S08804,CU1712,C0178,02-06-2025,3,45657,Cash,Janice Miller,,Loyal Customer
S08805,CU1117,C0430,17-02-2023,2,96860,Cash,Joseph Ho,,Repeating Customer
S08806,CU1194,C0249,16-12-2024,3,64996,Cash,Manuel Webster,,Loyal Customer
S08807,CU1866,C0292,09-08-2025,3,46408,Credit,Brittany Zimmerman,,Loyal Customer
S08808,CU0766,C0496,18-04-2023,2,93699,Installment,Emma Bird,,Repeating Customer
S08809,CU0772,C0296,01-01-2025,2,22788,Cash,Christopher Jackson,,Repeating Customer
S08810,CU0802,C0074,18-06-2024,2,86761,Installment,Nicole Conner,,Repeating Customer
S08811,CU1727,C0466,17-08-2023,3,33214,Installment,Katherine Stafford,,Loyal Customer
S08812,CU1015,C0133,29-06-2023,1,55422,Installment,Nancy Francis,,New Customer
S08813,CU0993,C0311,05-08-2025,1,73208,Credit,Jonathan Dalton,,New Customer
S08814,CU1663,C0039,27-12-2022,3,92984,Credit,Christopher Sweeney,,Loyal Customer
S08815,CU1121,C0202,16-12-2022,2,89852,Cash,Russell Martin,,Repeating Customer
S08816,CU1668,C0144,14-11-2022,2,93474,Installment,Harry Watson,,Repeating Customer
S08817,CU1709,C0355,27-10-2024,1,94064,Installment,Katherine Lutz,,New Customer
S08818,CU0562,C0054,19-04-2024,1,27885,Cash,Cheryl Whitaker,,New Customer
S08819,CU0608,C0264,11-08-2025,1,62551,Installment,Kimberly Elliott,,New Customer
S08820,CU1341,C0154,14-05-2023,3,97307,Cash,Dustin Davis,,Loyal Customer
S08821,CU0944,C0341,27-01-2025,3,35860,Credit,Nicholas Oneal,,Loyal Customer
S08822,CU1684,C0338,20-09-2023,3,59301,Installment,Tara Soto,,Loyal Customer
S08823,CU0316,C0180,30-04-2024,2,89386,Installment,Karen Morris,,Repeating Customer
S08824,CU1588,C0023,08-02-2025,1,15002,Cash,Angel Gillespie,,New Customer
S08825,CU0374,C0327,03-06-2024,1,50349,Installment,David Rodriguez,,New Customer
S08826,CU1045,C0438,10-06-2024,2,99826,Cash,Bobby Williams,,Repeating Customer
S08827,CU1703,C0424,27-12-2024,3,77261,Cash,Elizabeth Cunningham,,Loyal Customer
S08828,CU1722,C0331,01-08-2025,1,89525,Installment,Matthew Patrick,,New Customer
S08829,CU0909,C0413,27-02-2023,2,24980,Installment,Lisa Lucas,,Repeating Customer
S08830,CU1172,C0007,01-01-2025,2,81087,Installment,Emma Oconnell,,Repeating Customer
S08831,CU0038,C0372,25-05-2024,1,59797,Cash,Justin Mclaughlin,,New Customer
S08832,CU1432,C0194,30-09-2024,3,89808,Credit,Cheyenne Rose,,Loyal Customer
S08833,CU1414,C0350,28-02-2023,1,83074,Cash,Roger Knight,,New Customer
S08834,CU1362,C0450,27-05-2024,3,92819,Installment,John Cobb,,Loyal Customer
S08835,CU0435,C0190,22-08-2024,1,18530,Credit,Erika Wells,,New Customer
S08836,CU1637,C0335,15-08-2025,3,96662,Credit,Joshua Johnson,,Loyal Customer
S08837,CU0589,C0327,23-02-2024,3,30383,Cash,Deborah Ellis,,Loyal Customer
S08838,CU0123,C0066,05-09-2025,1,74048,Installment,Jacqueline Cameron,,New Customer
S08839,CU0782,C0261,07-12-2022,2,46360,Cash,Rachel Love,,Repeating Customer
S08840,CU1770,C0321,06-08-2024,1,30877,Installment,Loretta Harris,,New Customer
S08841,CU0022,C0182,18-05-2023,2,92561,Cash,John Wise,,Repeating Customer
S08842,CU1103,C0499,25-09-2025,1,63419,Credit,Ashley Dawson,,New Customer
S08843,CU1191,C0377,01-07-2025,1,72065,Installment,Kristine Doyle,,New Customer
S08844,CU0046,C0150,18-12-2022,1,29785,Credit,Rebecca Johnson,,New Customer
S08845,CU1319,C0420,12-12-2024,3,95760,Cash,Mary Santos,,Loyal Customer
S08846,CU0877,C0292,15-09-2025,1,38251,Credit,Justin Ford,,New Customer
S08847,CU1628,C0443,23-10-2023,2,86541,Installment,Victor Nelson,,Repeating Customer
S08848,CU0548,C0212,23-09-2025,2,64466,Installment,Travis Francis,,Repeating Customer
S08849,CU0146,C0227,29-04-2024,2,60874,Cash,Joseph Stevens,,Repeating Customer
S08850,CU0689,C0140,25-03-2023,2,54124,Credit,Alejandra Hubbard,,Repeating Customer
S08851,CU0479,C0378,29-09-2023,3,37097,Cash,Jason Carroll,,Loyal Customer
S08852,CU1677,C0248,26-08-2024,3,93221,Cash,Curtis Lee,,Loyal Customer
S08853,CU1648,C0421,01-03-2023,1,35552,Installment,Philip Hart,,New Customer
S08854,CU1158,C0109,16-07-2024,1,67196,Installment,Jeremiah Jackson,,New Customer
S08855,CU0488,C0361,08-11-2023,3,81516,Cash,Kathleen Martinez,,Loyal Customer
S08856,CU1168,C0256,21-12-2024,2,33380,Cash,David Guerra,,Repeating Customer
S08857,CU0695,C0130,28-04-2024,2,61153,Credit,Jordan Gray,,Repeating Customer
S08858,CU0611,C0369,09-07-2023,3,75867,Credit,Ryan Barnes,,Loyal Customer
S08859,CU1960,C0164,06-06-2025,2,28988,Credit,Ronald Andrews,,Repeating Customer
S08860,CU1786,C0313,10-12-2023,1,43931,Cash,Angel Sullivan,,New Customer
S08861,CU0321,C0066,26-11-2023,2,35700,Cash,Angela Greene,,Repeating Customer
S08862,CU1539,C0093,14-03-2025,3,98908,Cash,Amy Quinn,,Loyal Customer
S08863,CU1478,C0183,19-01-2024,1,60080,Installment,Lisa Perez,,New Customer
S08864,CU0610,C0383,19-11-2024,3,76027,Installment,Sean Williams,,Loyal Customer
S08865,CU0218,C0214,01-06-2024,2,74460,Cash,Lisa Simmons,,Repeating Customer
S08866,CU0284,C0083,27-10-2025,3,17903,Installment,Christina Delgado,,Loyal Customer
S08867,CU1360,C0416,19-09-2024,3,53683,Cash,Katherine Price,,Loyal Customer
S08868,CU0958,C0281,21-09-2025,2,90141,Installment,Tara Gilbert,,Repeating Customer
S08869,CU1969,C0098,29-11-2024,1,72017,Cash,Melanie Reed,,New Customer
S08870,CU0290,C0309,31-07-2023,2,64795,Installment,Christian Morgan,,Repeating Customer
S08871,CU0693,C0228,18-08-2023,3,76120,Installment,Stephanie Hawkins,,Loyal Customer
S08872,CU0007,C0138,02-11-2022,1,55086,Cash,Jason Miller,,New Customer
S08873,CU1969,C0415,08-01-2024,2,60096,Cash,Timothy Rogers,,Repeating Customer
S08874,CU1911,C0081,26-07-2024,3,51512,Installment,Heather Woodard,,Loyal Customer
S08875,CU1183,C0293,05-11-2022,3,50008,Credit,Larry Williams,,Loyal Customer
S08876,CU1889,C0301,30-06-2025,1,29804,Cash,Dr. John White,,New Customer
S08877,CU1054,C0356,14-02-2025,3,85308,Installment,Stacie Marshall,,Loyal Customer
S08878,CU0557,C0339,12-09-2025,2,34519,Cash,Brittney Rodriguez,,Repeating Customer
S08879,CU1935,C0349,27-08-2023,3,23776,Cash,Jasmine Smith,,Loyal Customer
S08880,CU1150,C0306,02-04-2024,2,64198,Installment,Christian Gonzalez,,Repeating Customer
S08881,CU1926,C0158,20-08-2023,1,16455,Cash,Joseph Golden,,New Customer
S08882,CU0968,C0405,11-08-2024,2,46459,Cash,Megan Combs,,Repeating Customer
S08883,CU0669,C0338,01-08-2025,2,70375,Installment,Chelsea Beard,,Repeating Customer
S08884,CU1727,C0049,15-08-2023,1,97057,Cash,Troy Mckinney,,New Customer
S08885,CU1637,C0495,22-02-2023,1,39133,Installment,Ronald Mccall,,New Customer
S08886,CU1540,C0158,21-11-2024,3,34150,Credit,Lisa Mcmahon,,Loyal Customer
S08887,CU0960,C0293,04-06-2025,2,44755,Cash,Kayla Woodward,,Repeating Customer
S08888,CU0459,C0416,27-10-2023,2,63461,Credit,Frances Reid,,Repeating Customer
S08889,CU1819,C0449,05-02-2024,3,33114,Credit,Raymond Williams,,Loyal Customer
S08890,CU1468,C0164,21-05-2025,2,72772,Installment,Mary Rodriguez,,Repeating Customer
S08891,CU0937,C0342,04-05-2025,1,32146,Credit,Ryan Lee,,New Customer
S08892,CU1252,C0235,16-06-2025,2,88177,Installment,Holly Sanford,,Repeating Customer
S08893,CU0308,C0282,02-06-2025,1,50869,Credit,Dr. Elizabeth Green,,New Customer
S08894,CU0525,C0340,20-06-2023,3,53913,Installment,Karl Brown,,Loyal Customer
S08895,CU1702,C0169,05-01-2023,2,82042,Cash,Debbie Wells,,Repeating Customer
S08896,CU1584,C0302,21-05-2024,1,35164,Cash,Darren Curtis,,New Customer
S08897,CU0860,C0050,12-09-2024,2,54530,Credit,Anne Burns,,Repeating Customer
S08898,CU1872,C0365,27-09-2025,1,37095,Cash,Elizabeth Mcdaniel,,New Customer
S08899,CU1140,C0258,10-06-2025,1,62423,Cash,Monique Martin,,New Customer
S08900,CU1470,C0393,09-10-2025,3,46527,Credit,Kimberly Mejia,,Loyal Customer
S08901,CU1459,C0256,13-02-2025,3,82633,Cash,Breanna Morris,,Loyal Customer
S08902,CU0285,C0341,03-03-2024,1,50688,Installment,Donald Guerra,,New Customer
S08903,CU1548,C0094,26-11-2024,2,28962,Cash,Brett Diaz,,Repeating Customer
S08904,CU0961,C0374,26-08-2023,3,74333,Cash,Mark Cooper,,Loyal Customer
S08905,CU1303,C0028,30-01-2025,3,37431,Credit,Jamie Klein,,Loyal Customer
S08906,CU0526,C0240,20-08-2025,2,23906,Installment,Michele Obrien,,Repeating Customer
S08907,CU0360,C0465,06-04-2024,2,58998,Installment,Jordan Leonard,,Repeating Customer
S08908,CU1809,C0152,27-04-2025,2,92509,Installment,Gavin Martin,,Repeating Customer
S08909,CU1260,C0499,22-06-2024,3,97699,Installment,Todd Scott,,Loyal Customer
S08910,CU0922,C0249,23-05-2023,2,37873,Installment,Donna Short,,Repeating Customer
S08911,CU1988,C0124,19-11-2024,3,28094,Installment,Bridget White,,Loyal Customer
S08912,CU0092,C0193,28-09-2024,3,76171,Installment,Linda Roberts,,Loyal Customer
S08913,CU1193,C0482,17-02-2024,3,66571,Cash,Allison Summers,,Loyal Customer
S08914,CU0531,C0441,11-02-2023,1,69633,Cash,Jasmine Fuller,,New Customer
S08915,CU1738,C0103,07-03-2023,2,51684,Installment,Brittney Mendoza,,Repeating Customer
S08916,CU1256,C0120,30-05-2024,2,45041,Installment,Linda West,,Repeating Customer
S08917,CU1034,C0441,02-12-2024,3,57685,Installment,Parker Jimenez,,Loyal Customer
S08918,CU1063,C0496,14-11-2022,1,74858,Cash,Julie Rogers,,New Customer
S08919,CU1658,C0129,01-10-2025,2,42650,Cash,Kirsten Marshall,,Repeating Customer
S08920,CU1963,C0201,03-12-2022,1,48512,Cash,Margaret Cobb,,New Customer
S08921,CU1763,C0493,21-12-2022,1,83809,Installment,Stephanie Wood,,New Customer
S08922,CU1304,C0270,06-04-2023,1,97508,Credit,Sandra Scott,,New Customer
S08923,CU0314,C0487,28-04-2024,2,15593,Credit,Lee Richmond,,Repeating Customer
S08924,CU0063,C0052,29-04-2023,2,66973,Installment,Jennifer Hall,,Repeating Customer
S08925,CU0123,C0201,26-06-2025,2,38731,Cash,Jennifer Reeves,,Repeating Customer
S08926,CU0238,C0431,03-04-2025,2,88371,Cash,Terry Farley,,Repeating Customer
S08927,CU1966,C0236,07-09-2023,2,78167,Cash,Patrick Logan,,Repeating Customer
S08928,CU0033,C0348,09-02-2023,1,91981,Credit,Elizabeth Rodriguez,,New Customer
S08929,CU1186,C0314,15-09-2023,2,51173,Credit,Tanya Thomas,,Repeating Customer
S08930,CU0326,C0349,28-02-2024,2,62200,Cash,Evan Munoz,,Repeating Customer
S08931,CU1562,C0497,14-06-2025,3,60356,Credit,Donald Cruz,,Loyal Customer
S08932,CU1115,C0362,15-03-2024,3,28426,Cash,Bradley Knight,,Loyal Customer
S08933,CU0664,C0127,28-02-2025,2,93238,Credit,Jessica Lee,,Repeating Customer
S08934,CU1480,C0001,05-04-2024,1,63237,Installment,Tracy Butler,,New Customer
S08935,CU0078,C0276,21-05-2025,2,70077,Credit,Nicole Hunt,,Repeating Customer
S08936,CU1051,C0042,20-07-2025,3,94716,Credit,Robert Lee,,Loyal Customer
S08937,CU1051,C0388,14-06-2023,2,81696,Cash,Dr. Maria Wilson,,Repeating Customer
S08938,CU0149,C0215,18-04-2024,2,85957,Credit,Rebecca Jones,,Repeating Customer
S08939,CU0883,C0432,24-07-2024,3,46724,Installment,Katherine Camacho,,Loyal Customer
S08940,CU0744,C0443,19-10-2024,1,51849,Cash,James Gill,,New Customer
S08941,CU1286,C0332,11-05-2025,2,49141,Credit,Jeffery Allen,,Repeating Customer
S08942,CU0190,C0353,03-03-2023,3,35811,Credit,Christopher Brown,,Loyal Customer
S08943,CU0139,C0130,01-09-2023,3,80101,Credit,George Hill,,Loyal Customer
S08944,CU0254,C0431,29-12-2022,2,68377,Cash,David Nelson,,Repeating Customer
S08945,CU1631,C0407,24-04-2023,2,66381,Cash,John Rice,,Repeating Customer
S08946,CU0094,C0065,28-10-2024,1,27491,Installment,John Ford,,New Customer
S08947,CU1382,C0436,16-10-2024,2,97629,Cash,Sharon Rivera,,Repeating Customer
S08948,CU0796,C0407,04-01-2024,2,99949,Cash,William Carson,,Repeating Customer
S08949,CU0650,C0021,19-01-2024,2,50697,Cash,Richard Watson,,Repeating Customer
S08950,CU0468,C0392,27-05-2025,3,85191,Installment,Mr. Gregory Farmer DDS,,Loyal Customer
S08951,CU0047,C0454,10-07-2024,3,33305,Cash,Jason Saunders II,,Loyal Customer
S08952,CU0267,C0030,15-01-2024,3,45344,Installment,John Williams,,Loyal Customer
S08953,CU1909,C0260,23-08-2023,2,71213,Installment,Erik Sullivan,,Repeating Customer
S08954,CU0171,C0234,11-12-2023,3,38909,Installment,Nicolas Cummings,,Loyal Customer
S08955,CU0797,C0022,15-10-2023,3,90794,Cash,Samantha Garrison,,Loyal Customer
S08956,CU0763,C0316,24-09-2023,1,71744,Installment,Kristen Yu,,New Customer
S08957,CU1163,C0401,18-02-2023,2,34905,Installment,Meghan Crawford,,Repeating Customer
S08958,CU0792,C0412,11-10-2023,2,21059,Cash,Christopher Randall,,Repeating Customer
S08959,CU1266,C0151,04-05-2024,3,77035,Installment,James Cobb,,Loyal Customer
S08960,CU0481,C0001,21-01-2023,3,17247,Credit,Pamela Turner,,Loyal Customer
S08961,CU1991,C0118,30-03-2023,1,81729,Cash,Sandra Butler,,New Customer
S08962,CU1311,C0382,15-07-2023,3,75292,Cash,Michael Bailey,,Loyal Customer
S08963,CU0997,C0498,03-08-2025,3,54900,Cash,Terry Bennett,,Loyal Customer
S08964,CU0839,C0002,01-09-2025,3,74035,Cash,Phillip Brown,,Loyal Customer
S08965,CU0138,C0150,21-09-2024,3,63824,Credit,Steven Meyers,,Loyal Customer
S08966,CU1771,C0387,16-01-2023,2,50041,Cash,Cynthia Arnold,,Repeating Customer
S08967,CU1368,C0037,13-04-2023,1,99392,Installment,Maria Morgan,,New Customer
S08968,CU0225,C0364,20-02-2024,2,99372,Cash,Sarah Fields,,Repeating Customer
S08969,CU0910,C0224,21-02-2023,2,51710,Credit,Matthew Lynch,,Repeating Customer
S08970,CU1094,C0224,15-01-2025,1,44839,Installment,Stephen Robertson,,New Customer
S08971,CU1304,C0293,28-02-2023,3,87183,Cash,Stephen Giles,,Loyal Customer
S08972,CU0854,C0271,21-11-2022,1,23834,Cash,Benjamin Hess,,New Customer
S08973,CU0485,C0428,18-10-2025,2,16086,Installment,Jeffrey Moore,,Repeating Customer
S08974,CU0065,C0271,05-11-2022,2,83811,Installment,Mary Montoya,,Repeating Customer
S08975,CU1732,C0028,30-11-2024,1,94350,Cash,Mrs. Stephanie Campbell,,New Customer
S08976,CU0581,C0293,28-02-2024,1,21461,Installment,Courtney Flores,,New Customer
S08977,CU0893,C0422,18-06-2023,3,99946,Installment,Kristina Harris,,Loyal Customer
S08978,CU1665,C0315,05-06-2023,3,53189,Credit,Manuel Johnson,,Loyal Customer
S08979,CU1821,C0153,31-10-2024,3,61986,Credit,Lisa Taylor,,Loyal Customer
S08980,CU1369,C0408,03-11-2022,2,61523,Cash,Helen Palmer,,Repeating Customer
S08981,CU0978,C0222,07-05-2025,3,95331,Installment,Thomas Kemp,,Loyal Customer
S08982,CU0821,C0221,18-03-2025,2,21899,Cash,Brandon Sloan,,Repeating Customer
S08983,CU1940,C0456,02-10-2023,2,65684,Cash,David Johnson,,Repeating Customer
S08984,CU1028,C0205,02-10-2025,2,80457,Credit,Lisa Morgan,,Repeating Customer
S08985,CU0032,C0475,21-03-2024,1,91457,Cash,Jenny Robinson,,New Customer
S08986,CU0083,C0057,20-01-2024,1,25326,Cash,Melissa Dennis,,New Customer
S08987,CU0142,C0245,12-09-2023,2,64591,Cash,Crystal Miller,,Repeating Customer
S08988,CU1979,C0059,31-08-2025,1,43912,Installment,Todd Wade,,New Customer
S08989,CU0946,C0499,11-02-2025,1,53429,Cash,Daniel Goodwin,,New Customer
S08990,CU1668,C0242,18-08-2025,1,29091,Credit,Vanessa Palmer,,New Customer
S08991,CU1967,C0188,24-03-2023,2,60104,Installment,Jasmine Holden,,Repeating Customer
S08992,CU1529,C0052,27-12-2022,3,33003,Installment,Penny Hansen,,Loyal Customer
S08993,CU1750,C0270,23-09-2023,1,68026,Cash,Dr. James Hernandez MD,,New Customer
S08994,CU1260,C0267,11-11-2023,1,91089,Credit,Matthew Kirby,,New Customer
S08995,CU0290,C0414,22-01-2025,1,60962,Cash,Deborah Howard,,New Customer
S08996,CU1447,C0255,08-10-2025,1,70773,Installment,Stephanie Wallace,,New Customer
S08997,CU0772,C0462,16-10-2025,1,92498,Installment,Randy Lane,,New Customer
S08998,CU0221,C0426,16-03-2025,3,94707,Credit,Kenneth James,,Loyal Customer
S08999,CU0116,C0391,18-05-2024,1,54419,Credit,Laura Carpenter,,New Customer
S09000,CU1366,C0358,31-08-2023,2,46090,Credit,Christopher Lee,,Repeating Customer
S09001,CU1597,C0173,10-07-2025,3,94669,Cash,Derrick Carson,,Loyal Customer
S09002,CU0660,C0470,31-07-2024,2,77460,Credit,John Holmes,,Repeating Customer
S09003,CU0473,C0396,11-04-2024,3,99370,Cash,Teresa Holland,,Loyal Customer
S09004,CU0988,C0016,12-04-2025,3,43640,Credit,Jennifer Bailey,,Loyal Customer
S09005,CU0127,C0291,20-03-2025,3,64992,Credit,Carol Fisher,,Loyal Customer
S09006,CU1749,C0180,14-04-2025,3,70271,Installment,Alicia Schultz,,Loyal Customer
S09007,CU1041,C0041,29-07-2025,3,22060,Cash,Jason Ellis,,Loyal Customer
S09008,CU1727,C0164,24-07-2025,3,36084,Credit,Brian Young,,Loyal Customer
S09009,CU1658,C0432,26-03-2025,3,17472,Installment,Laura Vasquez,,Loyal Customer
S09010,CU0295,C0358,28-12-2024,2,95457,Credit,John Harris,,Repeating Customer
S09011,CU0442,C0088,25-05-2025,3,97311,Installment,Matthew Keller,,Loyal Customer
S09012,CU1114,C0280,22-09-2023,3,69907,Installment,David Camacho,,Loyal Customer
S09013,CU0720,C0138,07-07-2025,1,55499,Cash,Jesse Stephens,,New Customer
S09014,CU0879,C0215,16-03-2025,2,80111,Credit,Cindy Wheeler,,Repeating Customer
S09015,CU1076,C0493,01-02-2024,1,32659,Installment,Lisa Swanson,,New Customer
S09016,CU0400,C0191,06-10-2025,2,43197,Installment,William Castillo,,Repeating Customer
S09017,CU1408,C0100,22-12-2022,2,21317,Installment,Scott Chavez,,Repeating Customer
S09018,CU0712,C0073,23-11-2023,2,59175,Cash,Albert King,,Repeating Customer
S09019,CU0026,C0191,03-04-2023,3,32233,Cash,Kelly Moss,,Loyal Customer
S09020,CU1251,C0443,24-05-2024,2,43327,Installment,Joseph Baker,,Repeating Customer
S09021,CU0500,C0241,31-07-2023,3,71250,Credit,Samuel Price,,Loyal Customer
S09022,CU0820,C0295,22-07-2024,3,31966,Credit,Adam Carroll MD,,Loyal Customer
S09023,CU1701,C0204,18-08-2024,1,77787,Cash,Jack Johnston,,New Customer
S09024,CU0747,C0384,23-04-2023,2,92601,Installment,Christina Foster,,Repeating Customer
S09025,CU1698,C0414,01-11-2022,3,17632,Credit,Edwin Robinson,,Loyal Customer
S09026,CU1719,C0477,23-09-2023,3,15585,Installment,Monica Clark,,Loyal Customer
S09027,CU1923,C0193,21-01-2024,2,88371,Credit,James Arnold,,Repeating Customer
S09028,CU0592,C0141,02-07-2025,1,42840,Credit,Ashlee Wolf,,New Customer
S09029,CU1163,C0164,22-01-2024,1,24745,Installment,Joan Soto,,New Customer
S09030,CU0892,C0042,25-06-2023,3,97105,Installment,Christopher Thomas,,Loyal Customer
S09031,CU0963,C0291,29-10-2025,2,45029,Credit,Joseph Hall,,Repeating Customer
S09032,CU1203,C0244,21-03-2024,1,84251,Installment,Christine Burton,,New Customer
S09033,CU1357,C0163,09-05-2024,3,79133,Credit,Patrick Berger,,Loyal Customer
S09034,CU1187,C0127,27-05-2025,2,45662,Cash,John Griffin,,Repeating Customer
S09035,CU0343,C0428,23-05-2025,3,83485,Cash,Michael Sweeney,,Loyal Customer
S09036,CU1858,C0366,26-03-2023,3,39913,Credit,Linda Diaz DDS,,Loyal Customer
S09037,CU0102,C0055,27-03-2025,1,45677,Cash,Alexis Davies,,New Customer
S09038,CU1250,C0145,22-10-2025,3,50658,Cash,Ryan Allison,,Loyal Customer
S09039,CU0828,C0419,21-11-2022,2,71920,Cash,Donald Leblanc,,Repeating Customer
S09040,CU0655,C0013,30-01-2024,1,39830,Credit,Jason Miller,,New Customer
S09041,CU1236,C0057,17-05-2024,2,55676,Credit,Joshua Gonzalez,,Repeating Customer
S09042,CU0284,C0288,11-06-2024,2,89648,Credit,Samuel Pacheco,,Repeating Customer
S09043,CU1255,C0187,29-09-2023,1,93412,Installment,Mr. Blake Deleon,,New Customer
S09044,CU1315,C0475,25-08-2025,2,86967,Cash,Melissa Thompson,,Repeating Customer
S09045,CU0924,C0151,21-06-2025,3,96172,Credit,Catherine Kennedy,,Loyal Customer
S09046,CU0962,C0072,15-01-2024,2,50398,Installment,Nicole Jones,,Repeating Customer
S09047,CU1739,C0161,21-01-2025,2,37661,Installment,Karen George,,Repeating Customer
S09048,CU0883,C0056,06-04-2025,1,51558,Installment,Katie Duran,,New Customer
S09049,CU1807,C0229,12-04-2025,3,46487,Credit,Alexandra Robbins,,Loyal Customer
S09050,CU0312,C0145,27-09-2023,3,29246,Credit,Janet Garcia,,Loyal Customer
S09051,CU0258,C0112,15-06-2023,1,51963,Installment,Jonathan Vasquez,,New Customer
S09052,CU1785,C0260,07-04-2023,2,15313,Credit,Eric Doyle,,Repeating Customer
S09053,CU0493,C0319,29-11-2024,2,91070,Installment,Joseph Stone,,Repeating Customer
S09054,CU0628,C0002,03-12-2023,2,20340,Cash,Cheryl Suarez,,Repeating Customer
S09055,CU1163,C0044,10-12-2023,2,18500,Installment,Mrs. Victoria Riley,,Repeating Customer
S09056,CU0199,C0445,24-01-2025,1,55297,Cash,Spencer Richmond DDS,,New Customer
S09057,CU1115,C0034,14-07-2024,2,22325,Installment,Alex Warren,,Repeating Customer
S09058,CU0667,C0412,22-01-2024,1,84665,Credit,Susan Mora,,New Customer
S09059,CU0302,C0017,13-01-2025,3,29412,Cash,Sharon Estes,,Loyal Customer
S09060,CU1372,C0172,26-12-2023,3,47207,Cash,Ian Young,,Loyal Customer
S09061,CU0828,C0077,30-12-2022,3,58279,Cash,Jennifer Griffin,,Loyal Customer
S09062,CU0799,C0077,18-01-2024,3,84162,Installment,Nancy Farley,,Loyal Customer
S09063,CU0293,C0365,02-07-2025,1,45120,Credit,Rebecca Clark,,New Customer
S09064,CU0629,C0319,08-03-2024,2,68483,Installment,Jessica Hess,,Repeating Customer
S09065,CU0204,C0255,26-10-2025,3,15968,Cash,Duane Munoz,,Loyal Customer
S09066,CU0415,C0110,16-10-2024,3,17181,Installment,Jay Wagner,,Loyal Customer
S09067,CU0156,C0367,09-01-2024,3,87255,Installment,Michael Gray,,Loyal Customer
S09068,CU0051,C0367,22-11-2022,1,90131,Cash,Michael Stevens,,New Customer
S09069,CU0471,C0178,25-06-2023,1,17592,Installment,Daniel Ortiz,,New Customer
S09070,CU0318,C0316,02-06-2023,3,93281,Installment,Karen Stewart,,Loyal Customer
S09071,CU0778,C0349,23-05-2024,1,69661,Credit,Gabriella Green,,New Customer
S09072,CU0708,C0369,19-05-2024,1,16599,Credit,James Dawson,,New Customer
S09073,CU0888,C0374,16-12-2024,3,82268,Installment,Brandon Stewart,,Loyal Customer
S09074,CU0244,C0401,01-08-2023,2,17180,Installment,Lisa Hampton,,Repeating Customer
S09075,CU0149,C0407,20-03-2025,3,20880,Cash,Adam Fernandez,,Loyal Customer
S09076,CU0471,C0127,19-06-2023,2,79248,Cash,Ryan Copeland,,Repeating Customer
S09077,CU0253,C0016,29-05-2025,3,87425,Cash,Robin Carter,,Loyal Customer
S09078,CU1679,C0349,14-01-2024,1,90514,Credit,Kelly Carter,,New Customer
S09079,CU0362,C0412,02-08-2025,2,62291,Cash,Keith Bass,,Repeating Customer
S09080,CU1947,C0162,28-07-2023,3,39000,Installment,Miss Sandra Bush,,Loyal Customer
S09081,CU1800,C0492,13-03-2025,1,28591,Credit,Megan Dominguez,,New Customer
S09082,CU1275,C0365,04-12-2022,2,66954,Credit,Ebony Abbott,,Repeating Customer
S09083,CU1426,C0224,01-07-2024,3,99951,Installment,Angela Robinson,,Loyal Customer
S09084,CU0166,C0387,19-04-2024,1,97720,Installment,Peter Lee,,New Customer
S09085,CU0690,C0232,25-12-2023,1,17407,Credit,Javier Garza,,New Customer
S09086,CU1678,C0308,02-05-2025,1,91636,Installment,Amy Snyder,,New Customer
S09087,CU1826,C0261,08-01-2025,2,95649,Cash,Paul Garcia,,Repeating Customer
S09088,CU0342,C0161,08-11-2024,2,60481,Cash,Marvin Harper,,Repeating Customer
S09089,CU0914,C0140,19-12-2024,1,94700,Installment,Kyle Hickman,,New Customer
S09090,CU1458,C0277,23-11-2023,3,46432,Credit,Jennifer Anderson,,Loyal Customer
S09091,CU0482,C0100,06-05-2024,2,93178,Credit,Ricky Williams,,Repeating Customer
S09092,CU1209,C0071,11-01-2023,3,94664,Installment,Kristen Green,,Loyal Customer
S09093,CU1818,C0240,23-12-2022,1,25499,Installment,Joseph Williams,,New Customer
S09094,CU0569,C0077,11-07-2023,3,53714,Cash,Carrie Lopez,,Loyal Customer
S09095,CU0578,C0158,30-09-2023,1,36450,Installment,Emily Simmons,,New Customer
S09096,CU0289,C0243,14-05-2024,2,88477,Cash,Amber Dixon,,Repeating Customer
S09097,CU1138,C0196,15-01-2025,1,18876,Cash,Dave Bennett,,New Customer
S09098,CU1908,C0392,07-06-2023,3,21339,Credit,William Mann,,Loyal Customer
S09099,CU0084,C0175,07-08-2024,2,76184,Cash,William Mcdaniel,,Repeating Customer
S09100,CU0988,C0086,17-08-2024,2,45793,Installment,Daniel Wells,,Repeating Customer
S09101,CU1685,C0036,24-09-2025,1,21011,Credit,Sarah Bridges,,New Customer
S09102,CU0351,C0437,03-04-2023,1,16955,Cash,Suzanne Morales,,New Customer
S09103,CU0996,C0307,03-11-2023,1,35046,Installment,Joshua Bell,,New Customer
S09104,CU1525,C0422,26-01-2023,1,53861,Cash,Stacy Lawrence,,New Customer
S09105,CU0127,C0282,19-03-2024,1,77610,Installment,Robert Martinez,,New Customer
S09106,CU0676,C0484,29-09-2023,2,18155,Installment,Gloria Gillespie,,Repeating Customer
S09107,CU1511,C0370,14-11-2024,3,33629,Installment,Joseph Dickson,,Loyal Customer
S09108,CU1962,C0347,14-08-2024,1,57140,Installment,Donna Carter,,New Customer
S09109,CU0890,C0403,11-09-2025,1,90240,Cash,Michelle Diaz,,New Customer
S09110,CU1819,C0419,09-04-2024,3,92243,Cash,Julie Adkins,,Loyal Customer
S09111,CU0921,C0294,27-09-2025,3,24488,Cash,David Patrick,,Loyal Customer
S09112,CU0829,C0404,20-05-2023,2,64664,Cash,Mary Johnson,,Repeating Customer
S09113,CU1900,C0404,29-03-2024,2,39305,Cash,Sandra Romero,,Repeating Customer
S09114,CU1724,C0237,25-05-2025,2,89164,Installment,Peter Mendoza,,Repeating Customer
S09115,CU0995,C0368,01-05-2024,1,64821,Cash,Dennis Shannon,,New Customer
S09116,CU0144,C0020,29-04-2025,2,75419,Cash,Jeffrey Barnett,,Repeating Customer
S09117,CU1262,C0281,27-11-2022,2,37774,Cash,Martin Frank,,Repeating Customer
S09118,CU0701,C0477,16-11-2024,1,96758,Cash,Sheila Maldonado DDS,,New Customer
S09119,CU1634,C0203,05-07-2023,2,47956,Installment,Rachel Jones,,Repeating Customer
S09120,CU1038,C0220,14-03-2025,1,17346,Cash,Dana Cox,,New Customer
S09121,CU0618,C0058,12-10-2023,2,64827,Installment,Mrs. Erin Hood DVM,,Repeating Customer
S09122,CU1497,C0288,09-09-2023,3,98269,Installment,Keith Riddle,,Loyal Customer
S09123,CU0138,C0187,05-05-2025,1,43880,Credit,Michael Gonzales,,New Customer
S09124,CU0136,C0416,28-02-2024,2,73233,Credit,Timothy Barrett,,Repeating Customer
S09125,CU0410,C0096,19-03-2024,2,26255,Cash,Erin Johnson,,Repeating Customer
S09126,CU1770,C0291,09-10-2024,1,19925,Credit,Gerald Jenkins,,New Customer
S09127,CU0698,C0269,09-02-2025,3,63347,Credit,Kim Schultz,,Loyal Customer
S09128,CU1443,C0273,01-01-2025,1,59245,Installment,Ryan Stafford,,New Customer
S09129,CU1909,C0312,08-04-2023,1,64329,Installment,Tammy Thompson,,New Customer
S09130,CU0550,C0227,05-11-2023,1,70562,Credit,Nancy Thornton,,New Customer
S09131,CU0317,C0329,04-08-2023,3,28100,Installment,Ronald Thomas,,Loyal Customer
S09132,CU1987,C0119,27-04-2023,3,45947,Credit,Matthew Nguyen,,Loyal Customer
S09133,CU1367,C0485,28-08-2024,3,70619,Cash,Ethan Schneider,,Loyal Customer
S09134,CU0803,C0428,09-08-2023,3,91241,Installment,James Shepherd,,Loyal Customer
S09135,CU0565,C0494,22-04-2025,3,54799,Installment,Shaun Young,,Loyal Customer
S09136,CU0539,C0353,19-11-2022,2,37860,Credit,Gabriel Villegas,,Repeating Customer
S09137,CU1020,C0310,02-12-2022,2,47230,Installment,Donna Mason PhD,,Repeating Customer
S09138,CU0729,C0156,11-09-2025,3,69522,Cash,Elizabeth Banks,,Loyal Customer
S09139,CU1996,C0172,25-06-2024,2,93248,Credit,Felicia Rivas,,Repeating Customer
S09140,CU1030,C0325,29-12-2024,2,69677,Cash,Juan Mathews,,Repeating Customer
S09141,CU0581,C0495,13-10-2023,2,47606,Cash,Lori Mclean,,Repeating Customer
S09142,CU1625,C0270,21-07-2023,3,73913,Credit,Richard Williams,,Loyal Customer
S09143,CU1152,C0407,04-06-2023,3,96518,Cash,Andrea Smith,,Loyal Customer
S09144,CU0120,C0052,08-09-2025,3,47788,Credit,Christopher Weaver,,Loyal Customer
S09145,CU1551,C0403,21-06-2023,2,79011,Installment,Larry Reed,,Repeating Customer
S09146,CU0883,C0435,07-12-2024,1,85789,Installment,Monica Brewer,,New Customer
S09147,CU1211,C0106,21-10-2025,3,23281,Credit,Lisa Braun,,Loyal Customer
S09148,CU1930,C0406,29-04-2025,1,76750,Cash,David Kim,,New Customer
S09149,CU1873,C0243,29-06-2025,1,76646,Cash,James Ramirez,,New Customer
S09150,CU1488,C0224,14-03-2024,3,56616,Installment,Barbara Wolfe,,Loyal Customer
S09151,CU0363,C0385,15-01-2025,2,50028,Cash,Rhonda Terrell,,Repeating Customer
S09152,CU1429,C0270,25-07-2024,3,58827,Credit,Wendy Young,,Loyal Customer
S09153,CU0897,C0012,18-10-2023,3,93578,Cash,Ryan Lane,,Loyal Customer
S09154,CU0009,C0419,09-05-2023,3,49040,Installment,Scott Brown,,Loyal Customer
S09155,CU0509,C0123,05-08-2025,3,34798,Credit,James Stone,,Loyal Customer
S09156,CU0515,C0146,12-06-2024,1,90849,Cash,Ronald Gardner,,New Customer
S09157,CU1029,C0221,23-01-2023,3,59028,Installment,Cameron Nguyen,,Loyal Customer
S09158,CU0963,C0226,01-02-2025,1,93990,Cash,Michael Miller,,New Customer
S09159,CU0571,C0357,14-01-2023,1,44962,Installment,Edwin Duncan,,New Customer
S09160,CU0977,C0182,25-06-2024,2,31147,Cash,Ryan Odonnell,,Repeating Customer
S09161,CU0420,C0023,08-04-2023,3,46467,Credit,Alexander Whitney,,Loyal Customer
S09162,CU0088,C0045,15-06-2024,3,69077,Installment,Rachel Cervantes,,Loyal Customer
S09163,CU0374,C0327,08-08-2023,2,34464,Installment,Jacqueline Jackson,,Repeating Customer
S09164,CU1764,C0132,28-10-2023,2,55829,Credit,Dr. Michael Cain,,Repeating Customer
S09165,CU0128,C0101,29-12-2023,3,41249,Credit,Scott Walker,,Loyal Customer
S09166,CU1372,C0296,06-09-2024,2,18997,Credit,Miranda Shepard,,Repeating Customer
S09167,CU1427,C0286,31-10-2023,2,41367,Cash,Bradley Jones,,Repeating Customer
S09168,CU1365,C0292,30-05-2024,3,40907,Credit,Jimmy Gonzales,,Loyal Customer
S09169,CU1682,C0329,06-11-2022,1,94852,Cash,Kristen Travis,,New Customer
S09170,CU1035,C0297,02-09-2024,2,24949,Installment,Heather Mitchell,,Repeating Customer
S09171,CU1538,C0092,27-01-2025,1,95435,Credit,Brenda Lopez,,New Customer
S09172,CU1373,C0184,04-04-2023,2,51284,Cash,Bethany Phillips,,Repeating Customer
S09173,CU1397,C0492,10-10-2025,3,25269,Installment,Patrick Fischer,,Loyal Customer
S09174,CU1311,C0314,04-05-2025,3,98521,Installment,Courtney Jackson,,Loyal Customer
S09175,CU1473,C0139,14-11-2023,2,62897,Cash,Catherine Barrett,,Repeating Customer
S09176,CU1026,C0101,13-10-2025,2,88568,Installment,Sarah Palmer,,Repeating Customer
S09177,CU1690,C0265,27-07-2025,3,83003,Credit,Tyler Hamilton,,Loyal Customer
S09178,CU1410,C0095,12-08-2024,1,23455,Cash,Jason Cantrell,,New Customer
S09179,CU1231,C0222,12-04-2025,3,97650,Credit,Bryan Lambert,,Loyal Customer
S09180,CU0157,C0287,25-03-2025,3,19531,Installment,Zachary Gomez,,Loyal Customer
S09181,CU0632,C0295,05-08-2024,1,73530,Credit,Leslie Hernandez,,New Customer
S09182,CU0819,C0120,25-12-2023,2,97759,Cash,Jessica Murray,,Repeating Customer
S09183,CU1914,C0307,26-10-2025,2,74257,Installment,Shirley Pham,,Repeating Customer
S09184,CU1054,C0320,29-05-2023,3,56511,Credit,Jason Glover,,Loyal Customer
S09185,CU0711,C0127,30-12-2024,1,17401,Cash,Matthew Spencer,,New Customer
S09186,CU0104,C0197,17-02-2025,1,55841,Installment,Tiffany Alexander,,New Customer
S09187,CU0129,C0064,24-02-2024,1,51946,Cash,Kristopher Williams,,New Customer
S09188,CU0434,C0176,05-05-2025,3,21644,Credit,Ronald Rice,,Loyal Customer
S09189,CU1152,C0490,05-03-2024,2,67900,Cash,Ms. Christine Cooley,,Repeating Customer
S09190,CU0942,C0082,19-04-2025,3,16056,Cash,Robert Paul,,Loyal Customer
S09191,CU0673,C0250,11-05-2024,2,70945,Installment,James Jordan,,Repeating Customer
S09192,CU0612,C0476,07-05-2025,2,59831,Credit,Brett Brandt,,Repeating Customer
S09193,CU1219,C0121,16-09-2025,1,53809,Installment,Donna Lozano,,New Customer
S09194,CU0541,C0408,06-04-2025,3,72901,Cash,Jacqueline Jennings,,Loyal Customer
S09195,CU0711,C0168,22-09-2023,2,39017,Cash,Dominic Evans,,Repeating Customer
S09196,CU1820,C0396,28-10-2025,1,35312,Cash,Jennifer Jones,,New Customer
S09197,CU1028,C0338,06-09-2025,2,54107,Credit,Todd Mendoza,,Repeating Customer
S09198,CU0830,C0334,10-02-2023,2,55663,Installment,Emily Marshall,,Repeating Customer
S09199,CU0831,C0073,28-09-2023,3,51406,Cash,Kenneth Bell,,Loyal Customer
S09200,CU0978,C0060,16-06-2024,3,35083,Installment,Diane Luna,,Loyal Customer
S09201,CU1881,C0043,02-01-2024,2,15963,Credit,Andrew Shaw,,Repeating Customer
S09202,CU0178,C0347,06-01-2023,3,34144,Cash,Michelle Byrd,,Loyal Customer
S09203,CU0153,C0026,03-08-2024,2,21232,Installment,Larry Palmer,,Repeating Customer
S09204,CU0943,C0122,01-11-2024,2,45248,Cash,Dustin Black,,Repeating Customer
S09205,CU0878,C0455,14-08-2023,2,49620,Credit,Kyle Garcia,,Repeating Customer
S09206,CU0446,C0008,20-05-2024,3,98872,Installment,Sarah Shah,,Loyal Customer
S09207,CU1385,C0435,15-08-2023,1,77249,Installment,Adam Green,,New Customer
S09208,CU1146,C0438,24-11-2022,3,51982,Installment,Tracy Carpenter,,Loyal Customer
S09209,CU0860,C0152,19-03-2023,2,89782,Cash,Gina Johnson,,Repeating Customer
S09210,CU0219,C0110,09-07-2024,2,63898,Cash,Chase Stone,,Repeating Customer
S09211,CU0081,C0228,04-08-2023,3,26481,Credit,Hector Hart,,Loyal Customer
S09212,CU1789,C0089,16-01-2023,1,55232,Cash,John Yates,,New Customer
S09213,CU0270,C0250,29-01-2024,2,74837,Installment,Jacqueline Wilson,,Repeating Customer
S09214,CU0759,C0156,13-10-2023,2,38138,Installment,Jose Lee,,Repeating Customer
S09215,CU0806,C0364,06-11-2022,3,35206,Cash,Marcus Clarke,,Loyal Customer
S09216,CU1501,C0310,26-06-2024,3,22487,Credit,Latoya Smith,,Loyal Customer
S09217,CU1067,C0060,26-09-2024,3,53049,Cash,Linda Burns,,Loyal Customer
S09218,CU0556,C0200,16-09-2023,2,17609,Cash,Sean Johnson,,Repeating Customer
S09219,CU0661,C0178,12-10-2023,2,68845,Credit,Jennifer Petersen,,Repeating Customer
S09220,CU0258,C0323,30-04-2023,1,66267,Credit,Deborah Edwards,,New Customer
S09221,CU1778,C0311,26-02-2023,3,31476,Credit,Seth Reese,,Loyal Customer
S09222,CU0206,C0354,15-04-2023,3,44746,Credit,James Thomas,,Loyal Customer
S09223,CU0573,C0062,30-08-2024,1,38513,Credit,Billy Jackson,,New Customer
S09224,CU1150,C0087,26-11-2024,1,36604,Credit,Robert Turner,,New Customer
S09225,CU1894,C0059,18-10-2024,3,39777,Cash,Michele Lopez,,Loyal Customer
S09226,CU0349,C0342,17-07-2024,3,73234,Cash,Michael Delgado,,Loyal Customer
S09227,CU0908,C0147,16-07-2024,1,15906,Cash,Ann Bradley,,New Customer
S09228,CU0603,C0227,30-05-2025,1,41349,Installment,Patrick Bell,,New Customer
S09229,CU0602,C0003,24-05-2025,1,55501,Cash,Brittany Hill,,New Customer
S09230,CU1218,C0106,20-01-2024,1,42326,Installment,Kayla Wilson,,New Customer
S09231,CU1439,C0082,25-08-2023,3,16536,Installment,Richard Hoffman,,Loyal Customer
S09232,CU0623,C0446,06-03-2023,2,93587,Credit,Javier Rodriguez,,Repeating Customer
S09233,CU1223,C0437,08-11-2023,3,88648,Cash,Larry Ramirez,,Loyal Customer
S09234,CU1499,C0464,25-08-2023,2,80644,Installment,Dennis Thompson,,Repeating Customer
S09235,CU1152,C0009,31-08-2024,3,94997,Cash,Steven Reed,,Loyal Customer
S09236,CU1621,C0485,24-08-2023,2,93771,Installment,James Foley,,Repeating Customer
S09237,CU1443,C0451,17-06-2024,2,72089,Cash,Kathy Lopez MD,,Repeating Customer
S09238,CU1668,C0474,18-03-2025,3,79305,Credit,David Perry,,Loyal Customer
S09239,CU0806,C0324,17-01-2024,3,75946,Credit,Marissa Smith,,Loyal Customer
S09240,CU0480,C0056,01-06-2023,1,54543,Cash,Patty Stevens,,New Customer
S09241,CU0651,C0069,19-02-2024,2,75519,Installment,Andrew Nicholson,,Repeating Customer
S09242,CU0037,C0488,28-08-2025,1,62993,Cash,Donald Patterson,,New Customer
S09243,CU1843,C0429,22-03-2025,1,81803,Installment,Valerie Jackson,,New Customer
S09244,CU1750,C0382,26-10-2024,2,29144,Installment,Larry Williams,,Repeating Customer
S09245,CU1295,C0293,02-07-2023,3,85640,Installment,Mary Wagner,,Loyal Customer
S09246,CU1252,C0021,18-11-2022,3,63689,Cash,Michael Bowman,,Loyal Customer
S09247,CU1832,C0021,16-09-2024,2,91029,Cash,Justin Blankenship,,Repeating Customer
S09248,CU0586,C0006,18-06-2023,1,37120,Cash,Maurice Owens,,New Customer
S09249,CU0689,C0478,30-08-2024,1,85934,Credit,Rebecca Harmon,,New Customer
S09250,CU0076,C0009,22-07-2025,1,35980,Credit,Andrew Cameron,,New Customer
S09251,CU1722,C0397,25-06-2024,1,22997,Installment,Charles Young,,New Customer
S09252,CU0469,C0015,18-06-2023,1,99174,Installment,Erika Baker,,New Customer
S09253,CU1623,C0050,22-12-2024,1,87568,Credit,Steven Contreras,,New Customer
S09254,CU0596,C0327,10-07-2025,2,95507,Cash,Elizabeth Henderson,,Repeating Customer
S09255,CU1696,C0300,20-03-2025,3,78797,Installment,Jessica Campos,,Loyal Customer
S09256,CU0177,C0007,03-11-2023,1,76117,Credit,Ashley Thomas,,New Customer
S09257,CU1593,C0467,19-03-2024,1,28551,Cash,Adam Miller,,New Customer
S09258,CU1567,C0092,29-02-2024,2,62811,Credit,Sarah Vaughn,,Repeating Customer
S09259,CU1431,C0142,22-01-2025,2,55613,Credit,Brooke Fields,,Repeating Customer
S09260,CU1323,C0435,13-02-2025,1,24080,Cash,Anthony May,,New Customer
S09261,CU0279,C0119,18-05-2024,1,18458,Cash,Kelli Harrington MD,,New Customer
S09262,CU0825,C0084,09-09-2024,1,93336,Installment,Ryan King,,New Customer
S09263,CU1111,C0207,04-04-2024,3,39360,Installment,Kathy Smith,,Loyal Customer
S09264,CU0493,C0315,12-10-2025,1,60001,Cash,Kathleen Ward,,New Customer
S09265,CU1873,C0245,27-06-2023,1,78933,Credit,Gregory Young,,New Customer
S09266,CU1237,C0417,23-03-2024,1,34097,Installment,Megan Allen,,New Customer
S09267,CU1761,C0333,03-02-2023,3,95061,Installment,James Warner,,Loyal Customer
S09268,CU1335,C0326,25-08-2024,2,26107,Cash,Jill Ferguson,,Repeating Customer
S09269,CU1419,C0089,09-10-2023,3,42895,Credit,Jennifer Carroll,,Loyal Customer
S09270,CU0401,C0178,26-06-2024,2,54287,Cash,Jasmine Ford,,Repeating Customer
S09271,CU0837,C0437,08-04-2023,2,45925,Installment,Susan Matthews,,Repeating Customer
S09272,CU1864,C0197,09-01-2024,2,92068,Cash,Beverly Cooper,,Repeating Customer
S09273,CU1691,C0352,26-07-2024,2,55934,Cash,Johnny Johnson,,Repeating Customer
S09274,CU1101,C0317,16-12-2022,2,51290,Installment,Donald Williams,,Repeating Customer
S09275,CU1306,C0024,21-12-2024,2,80080,Cash,Courtney Garza,,Repeating Customer
S09276,CU1123,C0213,05-10-2024,3,97193,Cash,Michael Miller,,Loyal Customer
S09277,CU1323,C0258,21-12-2024,1,95047,Cash,Matthew Gregory,,New Customer
S09278,CU1292,C0213,30-09-2025,3,66253,Cash,Derek Gomez,,Loyal Customer
S09279,CU0366,C0361,28-03-2023,2,70557,Cash,Kenneth Perkins,,Repeating Customer
S09280,CU0588,C0479,07-06-2024,1,41226,Cash,Heather Lewis,,New Customer
S09281,CU0103,C0008,24-03-2024,1,75151,Credit,Natalie Vega,,New Customer
S09282,CU1067,C0284,22-12-2024,2,84513,Credit,Kristen Williams,,Repeating Customer
S09283,CU1267,C0407,05-09-2025,2,35129,Cash,John Pearson,,Repeating Customer
S09284,CU1126,C0194,20-02-2023,1,25820,Cash,George Davis Jr.,,New Customer
S09285,CU0808,C0143,10-04-2024,2,37069,Installment,Sean Sullivan,,Repeating Customer
S09286,CU1068,C0258,21-07-2023,2,36064,Cash,Nicolas Espinoza,,Repeating Customer
S09287,CU1134,C0039,09-01-2025,1,68535,Cash,Jill Santos,,New Customer
S09288,CU1653,C0093,23-11-2024,3,43895,Installment,Laura Gardner,,Loyal Customer
S09289,CU1014,C0054,09-06-2025,3,42234,Installment,Kevin Salas,,Loyal Customer
S09290,CU1649,C0097,11-08-2024,2,22357,Credit,Kelly Cochran,,Repeating Customer
S09291,CU0704,C0433,17-02-2025,1,76332,Credit,Mr. Angel Flores PhD,,New Customer
S09292,CU0105,C0312,06-03-2025,1,25732,Credit,Thomas Velez,,New Customer
S09293,CU1188,C0163,06-05-2023,1,28615,Credit,Brenda Cisneros,,New Customer
S09294,CU1308,C0127,29-05-2025,1,87699,Installment,Mary Moran,,New Customer
S09295,CU0041,C0132,10-11-2022,3,62527,Cash,Terry Hopkins,,Loyal Customer
S09296,CU1950,C0102,25-06-2024,1,38841,Cash,Amanda Rowe,,New Customer
S09297,CU0988,C0061,11-10-2024,1,54855,Installment,Amber Montgomery,,New Customer
S09298,CU0683,C0122,03-10-2025,3,33752,Cash,Courtney Smith,,Loyal Customer
S09299,CU1942,C0397,22-05-2025,2,80286,Installment,Gregory Brown,,Repeating Customer
S09300,CU1183,C0305,14-09-2025,2,85736,Installment,Richard Richard,,Repeating Customer
S09301,CU1492,C0459,05-07-2024,3,71591,Cash,Tyler Summers,,Loyal Customer
S09302,CU1139,C0145,16-11-2022,1,24389,Cash,Steven Crosby,,New Customer
S09303,CU1525,C0212,05-07-2025,2,69029,Credit,Daniel Barron,,Repeating Customer
S09304,CU0575,C0449,07-01-2023,2,67036,Installment,Ronald Henderson,,Repeating Customer
S09305,CU0544,C0326,09-05-2025,1,43859,Credit,Alexandra Pollard,,New Customer
S09306,CU1348,C0432,01-07-2025,3,42873,Installment,Patrick Crane,,Loyal Customer
S09307,CU0378,C0090,27-12-2024,3,77783,Cash,Nicole Johnson,,Loyal Customer
S09308,CU0355,C0310,07-07-2023,2,79100,Installment,Joyce Castro,,Repeating Customer
S09309,CU0498,C0369,06-06-2024,2,74717,Installment,Holly Clements,,Repeating Customer
S09310,CU1697,C0177,01-12-2023,3,84517,Credit,David Jones,,Loyal Customer
S09311,CU1521,C0467,25-01-2025,3,67087,Credit,Stephen Richards,,Loyal Customer
S09312,CU0713,C0199,19-07-2024,2,36239,Installment,Jonathan Holder,,Repeating Customer
S09313,CU0575,C0380,10-12-2022,2,84149,Installment,Megan Richards,,Repeating Customer
S09314,CU1341,C0366,23-09-2024,1,52651,Installment,Michael Galvan,,New Customer
S09315,CU0706,C0104,16-11-2022,2,65257,Credit,Angel Webb,,Repeating Customer
S09316,CU1402,C0266,19-09-2023,3,95004,Installment,Debbie Holt,,Loyal Customer
S09317,CU0891,C0327,18-07-2024,2,95631,Credit,Jessica Moore,,Repeating Customer
S09318,CU1622,C0411,17-08-2024,3,96716,Installment,Michaela Mullins,,Loyal Customer
S09319,CU0586,C0137,22-07-2023,1,37222,Cash,Tracy Mccarthy,,New Customer
S09320,CU1308,C0402,28-06-2025,3,95656,Credit,Kelly Saunders,,Loyal Customer
S09321,CU1195,C0300,12-03-2025,1,18459,Credit,Mark Duffy,,New Customer
S09322,CU0547,C0260,18-11-2022,2,47213,Credit,Kayla Golden,,Repeating Customer
S09323,CU0639,C0077,13-12-2024,3,21428,Installment,Anthony Cain,,Loyal Customer
S09324,CU1632,C0417,15-11-2024,3,21147,Installment,Ronald Lawrence,,Loyal Customer
S09325,CU0681,C0142,05-09-2024,2,89848,Cash,Rhonda Murphy,,Repeating Customer
S09326,CU1412,C0044,26-02-2024,1,96852,Cash,Margaret Simpson,,New Customer
S09327,CU0343,C0018,27-05-2024,3,74445,Cash,Bryan Barnes,,Loyal Customer
S09328,CU0778,C0195,19-04-2025,1,68370,Installment,Sandra Smith,,New Customer
S09329,CU0652,C0443,22-06-2024,2,84071,Cash,Amber Pitts,,Repeating Customer
S09330,CU1010,C0041,14-07-2025,1,70860,Credit,Christopher Long,,New Customer
S09331,CU0967,C0048,02-02-2024,2,67066,Installment,Amber Blanchard,,Repeating Customer
S09332,CU0753,C0133,06-11-2024,1,39019,Cash,Tamara Johnston,,New Customer
S09333,CU0091,C0342,12-07-2024,1,65906,Installment,Brenda Abbott,,New Customer
S09334,CU0960,C0452,18-12-2023,2,49437,Credit,Calvin Lee,,Repeating Customer
S09335,CU0054,C0192,05-10-2024,2,52961,Cash,Denise Johnson,,Repeating Customer
S09336,CU1991,C0186,09-09-2025,3,57774,Installment,William Spence,,Loyal Customer
S09337,CU0542,C0294,28-02-2024,3,67491,Cash,Paula Ramsey,,Loyal Customer
S09338,CU0992,C0054,02-10-2023,2,16678,Credit,Dawn Nelson,,Repeating Customer
S09339,CU0013,C0484,29-10-2023,3,92169,Installment,David Pineda,,Loyal Customer
S09340,CU1580,C0220,18-04-2025,1,65034,Credit,Catherine Castro,,New Customer
S09341,CU0161,C0276,11-02-2025,1,74872,Credit,Kristi Davis,,New Customer
S09342,CU0002,C0090,25-11-2024,3,80910,Cash,Lynn Marquez,,Loyal Customer
S09343,CU0740,C0453,24-10-2024,3,86341,Installment,William Lee,,Loyal Customer
S09344,CU0465,C0099,04-11-2022,3,67989,Installment,Ricardo Johns,,Loyal Customer
S09345,CU0937,C0134,04-05-2025,1,60826,Installment,Jenna Henry,,New Customer
S09346,CU0712,C0206,07-01-2025,2,59402,Installment,Susan Phillips,,Repeating Customer
S09347,CU0985,C0304,24-01-2023,2,26183,Credit,Alexa Cisneros,,Repeating Customer
S09348,CU1105,C0452,16-09-2024,2,42244,Cash,Luke Ortiz,,Repeating Customer
S09349,CU0015,C0306,12-02-2024,3,34002,Cash,Jeffrey White,,Loyal Customer
S09350,CU0313,C0152,29-11-2022,3,37252,Installment,Melissa Christensen,,Loyal Customer
S09351,CU0197,C0280,05-07-2024,1,90599,Credit,Amy Smith,,New Customer
S09352,CU0800,C0188,13-11-2022,3,58131,Installment,Craig Farmer,,Loyal Customer
S09353,CU1911,C0203,01-11-2023,3,87922,Installment,Caleb Padilla,,Loyal Customer
S09354,CU0807,C0077,21-09-2024,1,39560,Installment,Justin Christensen,,New Customer
S09355,CU1494,C0322,20-02-2025,2,67438,Installment,Joshua Valencia,,Repeating Customer
S09356,CU0431,C0091,14-04-2024,3,57913,Credit,Mr. Thomas Lewis,,Loyal Customer
S09357,CU1170,C0257,31-07-2025,2,98518,Installment,Joshua Moody,,Repeating Customer
S09358,CU0477,C0453,27-06-2025,1,60763,Installment,Kyle Carroll,,New Customer
S09359,CU0554,C0499,08-09-2023,1,91939,Credit,Olivia Christian,,New Customer
S09360,CU0469,C0335,11-07-2025,1,44240,Credit,Heather Daniels,,New Customer
S09361,CU0569,C0381,01-11-2022,3,43449,Credit,Kathleen Peterson,,Loyal Customer
S09362,CU1508,C0169,17-12-2022,2,51164,Cash,William Caldwell,,Repeating Customer
S09363,CU0232,C0164,26-07-2024,3,53739,Cash,Richard Peterson,,Loyal Customer
S09364,CU1017,C0183,15-02-2024,3,30532,Credit,Jade Holt,,Loyal Customer
S09365,CU0072,C0312,27-01-2025,3,27402,Credit,David Henderson,,Loyal Customer
S09366,CU1958,C0475,16-04-2024,2,53770,Installment,Andrew Gardner,,Repeating Customer
S09367,CU0467,C0157,11-04-2023,1,72237,Cash,Stephanie Conway,,New Customer
S09368,CU1818,C0194,28-06-2023,1,41558,Installment,Jesse James,,New Customer
S09369,CU0540,C0313,18-10-2025,1,62406,Installment,Alisha Eaton,,New Customer
S09370,CU0028,C0143,29-04-2023,1,36774,Credit,Lauren Reeves,,New Customer
S09371,CU1289,C0009,31-08-2024,2,59568,Cash,Edward Meyer,,Repeating Customer
S09372,CU0641,C0355,04-12-2023,1,86778,Cash,David Herrera,,New Customer
S09373,CU1905,C0106,27-06-2025,1,55573,Cash,Diane Flores,,New Customer
S09374,CU1542,C0407,27-06-2023,1,25624,Installment,Timothy Davis,,New Customer
S09375,CU1464,C0372,28-07-2024,2,87181,Credit,Valerie Perez,,Repeating Customer
S09376,CU0891,C0279,24-01-2024,3,27801,Installment,Jennifer Robinson,,Loyal Customer
S09377,CU0670,C0365,28-08-2024,1,47438,Cash,Kenneth Scott,,New Customer
S09378,CU1820,C0224,25-09-2023,1,22126,Installment,Heather Lee,,New Customer
S09379,CU0231,C0474,27-10-2024,3,38079,Cash,Elizabeth Wilson,,Loyal Customer
S09380,CU1637,C0225,14-05-2024,2,52357,Installment,Gary Burnett,,Repeating Customer
S09381,CU0618,C0257,12-03-2023,3,75656,Credit,Kristine Scott DDS,,Loyal Customer
S09382,CU0018,C0087,23-09-2024,1,67295,Credit,Rebekah Frederick,,New Customer
S09383,CU1184,C0165,13-11-2023,3,85234,Cash,Matthew Brown,,Loyal Customer
S09384,CU1397,C0408,03-01-2023,2,32531,Credit,Rita Hill,,Repeating Customer
S09385,CU1257,C0291,23-10-2024,1,62534,Installment,Robert Church,,New Customer
S09386,CU1342,C0059,17-09-2024,3,52797,Cash,Elizabeth Roman,,Loyal Customer
S09387,CU0554,C0030,13-02-2023,1,94842,Installment,Michael Martinez,,New Customer
S09388,CU1228,C0057,27-07-2024,3,85415,Cash,Brandon Miles,,Loyal Customer
S09389,CU1334,C0042,09-08-2024,2,46760,Installment,Lisa Robinson,,Repeating Customer
S09390,CU0022,C0221,12-04-2023,2,60330,Credit,Kristie Mcdowell,,Repeating Customer
S09391,CU0507,C0354,20-05-2023,2,98561,Credit,Anthony Michael,,Repeating Customer
S09392,CU0052,C0052,12-05-2025,1,99032,Cash,Adrian Thomas,,New Customer
S09393,CU0093,C0067,24-08-2025,3,41825,Credit,Jenna Munoz,,Loyal Customer
S09394,CU0471,C0282,01-09-2023,1,60767,Installment,Stephanie Hurst,,New Customer
S09395,CU0873,C0039,04-01-2024,3,29257,Cash,Ashley Mcclain,,Loyal Customer
S09396,CU1415,C0072,24-02-2024,2,23453,Installment,Terry Flynn,,Repeating Customer
S09397,CU0143,C0048,05-11-2022,3,33070,Cash,Robert Hansen,,Loyal Customer
S09398,CU1796,C0406,05-03-2024,3,19849,Cash,David Vance,,Loyal Customer
S09399,CU0164,C0176,30-07-2025,1,51413,Cash,Natasha Reid,,New Customer
S09400,CU0314,C0079,04-05-2025,3,86263,Cash,Lonnie Pearson,,Loyal Customer
S09401,CU1873,C0245,25-12-2022,3,91165,Installment,Jennifer Coleman,,Loyal Customer
S09402,CU0998,C0024,18-04-2023,3,43855,Cash,Darrell Miranda,,Loyal Customer
S09403,CU0528,C0351,08-02-2023,2,59857,Installment,Julie Salinas,,Repeating Customer
S09404,CU0866,C0104,28-05-2024,3,46583,Credit,Sandy Aguirre,,Loyal Customer
S09405,CU0211,C0257,07-07-2024,3,53061,Cash,Robert Sullivan,,Loyal Customer
S09406,CU1358,C0318,28-06-2025,3,76555,Cash,Alice Noble,,Loyal Customer
S09407,CU1212,C0124,25-10-2024,1,88148,Cash,Robert Gallegos,,New Customer
S09408,CU0626,C0399,04-09-2023,3,99029,Credit,Karen Patton,,Loyal Customer
S09409,CU0832,C0221,15-01-2024,3,73773,Cash,Helen Curtis,,Loyal Customer
S09410,CU0523,C0050,18-02-2023,2,81848,Credit,Benjamin Burgess,,Repeating Customer
S09411,CU1009,C0202,13-08-2024,1,60921,Credit,Sharon Compton,,New Customer
S09412,CU0150,C0012,13-08-2025,3,17840,Installment,Lisa Morrow,,Loyal Customer
S09413,CU1421,C0060,09-01-2024,2,32571,Installment,Patrick Perez,,Repeating Customer
S09414,CU1364,C0402,04-06-2023,3,92536,Credit,Heather Berry,,Loyal Customer
S09415,CU1256,C0395,03-04-2024,1,72842,Credit,Jenna Sanford,,New Customer
S09416,CU1298,C0432,10-06-2023,3,17371,Credit,Charles Scott,,Loyal Customer
S09417,CU1486,C0423,08-11-2023,2,45360,Installment,Lauren Shaw,,Repeating Customer
S09418,CU0205,C0309,13-06-2024,2,23294,Cash,Daisy Crane,,Repeating Customer
S09419,CU1488,C0458,15-12-2024,1,18834,Cash,John Barnes,,New Customer
S09420,CU0506,C0301,29-04-2024,1,76391,Installment,Devin Miller,,New Customer
S09421,CU1220,C0022,10-06-2023,2,84225,Credit,Bradley Gutierrez,,Repeating Customer
S09422,CU0492,C0109,10-11-2022,3,53345,Installment,Thomas Moon,,Loyal Customer
S09423,CU1699,C0371,26-06-2024,2,36919,Cash,Patricia Lewis,,Repeating Customer
S09424,CU0864,C0362,30-06-2025,2,85744,Installment,Jonathan Casey,,Repeating Customer
S09425,CU1187,C0022,19-11-2023,1,83560,Installment,Melissa Williams,,New Customer
S09426,CU0956,C0438,13-05-2023,3,87696,Credit,Elizabeth Brooks,,Loyal Customer
S09427,CU0289,C0100,14-07-2023,1,36575,Credit,Derrick Wang,,New Customer
S09428,CU0706,C0395,13-01-2025,3,80620,Credit,Deborah Butler,,Loyal Customer
S09429,CU1932,C0040,26-04-2023,1,69483,Installment,Samantha Juarez,,New Customer
S09430,CU1891,C0112,09-12-2024,3,74696,Cash,Steven Brooks,,Loyal Customer
S09431,CU0374,C0218,19-07-2025,1,27054,Cash,Nicole White,,New Customer
S09432,CU1050,C0355,03-02-2025,3,97316,Installment,Mark Robinson,,Loyal Customer
S09433,CU1642,C0254,11-10-2023,1,81571,Installment,Miss Kirsten Burnett,,New Customer
S09434,CU1291,C0107,15-09-2023,2,36920,Installment,Melanie Martinez,,Repeating Customer
S09435,CU1419,C0093,20-04-2025,1,54723,Cash,Scott Thompson,,New Customer
S09436,CU0529,C0349,01-10-2023,2,76919,Credit,Matthew Hopkins,,Repeating Customer
S09437,CU1410,C0029,30-04-2025,2,84832,Installment,Hunter Bass,,Repeating Customer
S09438,CU0933,C0247,14-01-2023,3,46662,Credit,Scott Moore,,Loyal Customer
S09439,CU1179,C0200,01-09-2025,2,90565,Installment,Brenda Jones,,Repeating Customer
S09440,CU1088,C0217,13-10-2024,2,51298,Cash,Walter Green,,Repeating Customer
S09441,CU0434,C0224,11-07-2023,1,45171,Installment,Stephanie Robinson,,New Customer
S09442,CU1988,C0216,24-12-2024,2,18029,Installment,Jordan Solomon,,Repeating Customer
S09443,CU0186,C0485,07-07-2024,3,69443,Credit,Austin Shea,,Loyal Customer
S09444,CU0040,C0322,27-08-2024,2,75715,Credit,Shannon Petersen,,Repeating Customer
S09445,CU1989,C0211,12-10-2024,1,23518,Installment,Amber Cervantes,,New Customer
S09446,CU1063,C0457,17-01-2025,2,65860,Cash,Denise Armstrong,,Repeating Customer
S09447,CU0140,C0288,16-08-2024,3,54685,Credit,Jeffrey Clark,,Loyal Customer
S09448,CU0692,C0406,14-12-2024,2,37445,Credit,Dave Hall,,Repeating Customer
S09449,CU0696,C0418,09-12-2024,1,68879,Cash,Steven Taylor,,New Customer
S09450,CU1432,C0337,17-03-2023,1,25934,Credit,Shawn Barnes,,New Customer
S09451,CU1937,C0381,24-12-2023,3,68729,Installment,Jessica Cain,,Loyal Customer
S09452,CU1102,C0297,08-09-2025,3,63537,Credit,Casey Acosta,,Loyal Customer
S09453,CU0603,C0192,25-08-2023,3,32225,Credit,Jacqueline Brown,,Loyal Customer
S09454,CU1335,C0045,21-05-2023,3,82313,Cash,Paul Martinez,,Loyal Customer
S09455,CU1060,C0067,25-10-2024,2,24423,Credit,William Collins,,Repeating Customer
S09456,CU1128,C0265,16-05-2024,2,23890,Credit,Rachel Hawkins,,Repeating Customer
S09457,CU1200,C0274,08-05-2023,3,95583,Cash,Vanessa Turner,,Loyal Customer
S09458,CU0525,C0131,04-05-2025,1,84052,Cash,Stuart Gibson,,New Customer
S09459,CU1640,C0009,21-09-2023,2,58554,Cash,Bradley Smith,,Repeating Customer
S09460,CU1700,C0139,18-04-2025,1,58636,Cash,Kristina Quinn,,New Customer
S09461,CU0224,C0233,22-06-2025,2,68089,Cash,Whitney Weeks,,Repeating Customer
S09462,CU1386,C0285,15-04-2025,3,71626,Installment,Joshua Diaz,,Loyal Customer
S09463,CU0353,C0244,13-10-2024,2,42846,Credit,James Bradshaw,,Repeating Customer
S09464,CU1595,C0443,22-11-2024,3,22754,Installment,Adam Newman,,Loyal Customer
S09465,CU0348,C0265,08-07-2024,1,90999,Credit,Angelica Walters,,New Customer
S09466,CU0748,C0483,05-04-2023,2,85599,Installment,Tammy Davis,,Repeating Customer
S09467,CU1421,C0340,23-11-2022,3,74120,Credit,Hailey Perkins,,Loyal Customer
S09468,CU1285,C0288,10-02-2024,2,16049,Credit,William Medina,,Repeating Customer
S09469,CU1816,C0043,06-06-2025,3,46922,Credit,Samantha White,,Loyal Customer
S09470,CU1248,C0347,13-10-2025,1,73626,Credit,Christina Nelson,,New Customer
S09471,CU0451,C0335,02-07-2024,2,87161,Credit,Jose Velasquez,,Repeating Customer
S09472,CU0058,C0173,24-01-2024,1,73128,Cash,Peter Moore,,New Customer
S09473,CU0541,C0396,24-07-2025,1,35133,Credit,Andrea Berry,,New Customer
S09474,CU1754,C0001,29-08-2023,1,16735,Credit,Randy Navarro,,New Customer
S09475,CU1707,C0425,13-08-2024,3,91611,Installment,Randy Coleman,,Loyal Customer
S09476,CU1501,C0063,25-09-2024,1,97072,Installment,Catherine Lopez,,New Customer
S09477,CU0480,C0488,15-06-2023,3,38781,Installment,Jennifer Powell,,Loyal Customer
S09478,CU1384,C0189,21-02-2023,1,38081,Installment,Cameron Baker,,New Customer
S09479,CU0858,C0199,09-03-2025,1,30185,Credit,Erika Bishop,,New Customer
S09480,CU1432,C0455,05-08-2025,2,47762,Credit,Dylan Meyer,,Repeating Customer
S09481,CU0522,C0360,29-02-2024,1,99586,Installment,Sandra Butler,,New Customer
S09482,CU1570,C0226,10-09-2023,1,67979,Cash,Lisa Gillespie,,New Customer
S09483,CU0831,C0096,11-03-2024,3,68190,Installment,Robert Lynn,,Loyal Customer
S09484,CU1374,C0495,15-01-2024,2,38727,Cash,Mark Johnson,,Repeating Customer
S09485,CU0862,C0016,31-07-2025,3,74808,Installment,Katelyn Moon,,Loyal Customer
S09486,CU1378,C0461,22-07-2025,1,42998,Cash,Pamela Brown,,New Customer
S09487,CU1997,C0428,16-01-2024,2,64974,Cash,Melanie Meyer,,Repeating Customer
S09488,CU0503,C0301,29-12-2023,1,62373,Installment,Katie Hawkins,,New Customer
S09489,CU1580,C0472,28-07-2025,3,46809,Cash,Todd Flores,,Loyal Customer
S09490,CU1015,C0213,27-02-2024,3,65864,Installment,Jeffrey Williams,,Loyal Customer
S09491,CU1789,C0393,02-10-2024,1,45181,Cash,James Bailey,,New Customer
S09492,CU0630,C0320,10-05-2023,1,56038,Installment,James Howe,,New Customer
S09493,CU1964,C0291,12-08-2025,1,51090,Installment,Jacob Figueroa,,New Customer
S09494,CU0959,C0312,31-05-2024,2,66000,Installment,Miguel Montgomery,,Repeating Customer
S09495,CU0843,C0004,10-08-2024,3,78287,Installment,Rebecca Scott,,Loyal Customer
S09496,CU1229,C0204,17-03-2023,3,86308,Installment,Ann Robinson,,Loyal Customer
S09497,CU0994,C0382,25-08-2025,1,59023,Cash,Kurt Carr,,New Customer
S09498,CU1443,C0487,13-12-2022,3,27704,Credit,Scott Bird,,Loyal Customer
S09499,CU0919,C0475,26-04-2024,2,82644,Cash,Jasmine Boyd,,Repeating Customer
S09500,CU1170,C0182,30-09-2023,3,96134,Cash,Stephanie Ford,,Loyal Customer
S09501,CU0141,C0316,08-11-2024,3,81414,Cash,Randy Ramirez,,Loyal Customer
S09502,CU0211,C0228,21-09-2024,3,98831,Credit,Jasmine Williams,,Loyal Customer
S09503,CU0452,C0018,12-09-2023,3,32262,Installment,Sarah Daniel,,Loyal Customer
S09504,CU1780,C0474,27-07-2023,1,41717,Credit,Jack Tucker,,New Customer
S09505,CU1193,C0028,06-08-2023,1,63043,Credit,Tanya Brown,,New Customer
S09506,CU1773,C0030,02-04-2023,2,97715,Cash,Amy Blair,,Repeating Customer
S09507,CU1054,C0074,21-03-2023,3,43337,Credit,Jill Aguirre,,Loyal Customer
S09508,CU1008,C0201,19-01-2023,2,48891,Installment,Ms. Claire Mcknight MD,,Repeating Customer
S09509,CU0010,C0399,20-08-2024,2,40327,Installment,Kelly Garcia,,Repeating Customer
S09510,CU0900,C0174,18-07-2023,3,59530,Installment,Michael Crawford,,Loyal Customer
S09511,CU0616,C0098,20-08-2025,3,31992,Credit,Leonard Leach,,Loyal Customer
S09512,CU1504,C0295,04-04-2023,2,32610,Credit,Heather Williamson,,Repeating Customer
S09513,CU0096,C0198,29-01-2023,2,78805,Cash,Mrs. Laurie Fowler,,Repeating Customer
S09514,CU1024,C0465,25-06-2024,1,95726,Cash,Melissa Hendrix,,New Customer
S09515,CU0217,C0295,24-03-2023,3,94050,Installment,Scott Norris,,Loyal Customer
S09516,CU1396,C0435,23-11-2022,1,44835,Cash,Lauren Juarez,,New Customer
S09517,CU0929,C0413,06-07-2024,3,35986,Cash,Alison Smith,,Loyal Customer
S09518,CU0128,C0340,15-07-2023,1,23194,Installment,Mason Huber,,New Customer
S09519,CU0116,C0463,10-11-2023,3,90862,Cash,Levi Turner,,Loyal Customer
S09520,CU1509,C0376,19-06-2025,3,45409,Cash,Holly Wheeler,,Loyal Customer
S09521,CU1957,C0154,29-04-2024,3,45334,Credit,Charles White,,Loyal Customer
S09522,CU0537,C0209,31-07-2025,1,47815,Installment,Rachel Cook,,New Customer
S09523,CU1093,C0246,04-02-2023,1,22733,Credit,James Cook,,New Customer
S09524,CU1847,C0114,10-12-2023,1,65128,Credit,Lonnie Hensley,,New Customer
S09525,CU0973,C0043,11-10-2025,2,16186,Installment,John Weaver,,Repeating Customer
S09526,CU0875,C0414,16-01-2025,3,15475,Cash,Marie Durham,,Loyal Customer
S09527,CU1865,C0407,12-04-2023,1,35683,Cash,Jennifer Haynes,,New Customer
S09528,CU0750,C0352,28-06-2023,1,69787,Cash,Eric Case,,New Customer
S09529,CU1717,C0389,02-08-2024,1,18264,Installment,Timothy Young,,New Customer
S09530,CU0925,C0336,09-03-2024,2,90366,Credit,Oscar Miller,,Repeating Customer
S09531,CU1169,C0271,26-04-2024,1,43195,Credit,Steven Roman,,New Customer
S09532,CU1318,C0441,17-09-2025,1,62084,Credit,Andrew Chase,,New Customer
S09533,CU0356,C0041,11-07-2024,1,61551,Installment,Whitney Bowers,,New Customer
S09534,CU0106,C0169,02-05-2025,1,33027,Installment,Ryan Lopez,,New Customer
S09535,CU0790,C0340,24-05-2025,3,17254,Installment,Catherine Curry,,Loyal Customer
S09536,CU0122,C0413,05-10-2024,2,77678,Installment,Jasmine Adams,,Repeating Customer
S09537,CU1487,C0081,16-01-2023,1,15328,Installment,Jordan Phillips,,New Customer
S09538,CU1738,C0046,13-03-2023,3,52830,Cash,Angela Boyd,,Loyal Customer
S09539,CU0809,C0226,05-01-2025,1,34305,Installment,Susan Moran,,New Customer
S09540,CU1535,C0027,14-02-2023,3,15307,Installment,Hector Kline,,Loyal Customer
S09541,CU0800,C0204,28-10-2025,1,75483,Installment,Daniel May,,New Customer
S09542,CU0299,C0368,14-08-2025,3,17907,Credit,Walter Powell,,Loyal Customer
S09543,CU1237,C0409,15-06-2023,1,37027,Credit,Elizabeth Figueroa,,New Customer
S09544,CU1751,C0372,14-08-2024,3,88548,Cash,Amy Paul,,Loyal Customer
S09545,CU1767,C0404,25-11-2022,2,50002,Cash,Samuel Johnson,,Repeating Customer
S09546,CU0019,C0061,26-07-2023,1,25368,Cash,Zachary Foster,,New Customer
S09547,CU0645,C0169,06-04-2023,2,93363,Credit,Vickie Kane,,Repeating Customer
S09548,CU1359,C0246,30-05-2023,1,94170,Cash,Jack Harris,,New Customer
S09549,CU1242,C0062,27-04-2023,1,88548,Cash,Richard Williams,,New Customer
S09550,CU0840,C0001,01-03-2025,2,47254,Cash,Matthew Larsen,,Repeating Customer
S09551,CU1671,C0302,09-04-2023,2,72559,Cash,Amber Rosales DDS,,Repeating Customer
S09552,CU0770,C0114,24-10-2024,3,94550,Installment,Lindsey Long,,Loyal Customer
S09553,CU0323,C0128,18-04-2024,1,24830,Credit,Joseph Trujillo,,New Customer
S09554,CU1935,C0441,09-02-2025,2,83065,Installment,Robert Browning,,Repeating Customer
S09555,CU1673,C0360,25-07-2023,2,51884,Cash,Katelyn Kane,,Repeating Customer
S09556,CU0389,C0082,28-06-2025,2,27749,Cash,Louis Benson,,Repeating Customer
S09557,CU1512,C0115,19-03-2024,2,33065,Installment,Danny Malone,,Repeating Customer
S09558,CU1574,C0172,06-02-2024,1,38051,Installment,Bethany Wagner,,New Customer
S09559,CU0333,C0357,13-09-2025,1,36807,Installment,Dale Anderson,,New Customer
S09560,CU0922,C0091,27-07-2024,2,71094,Credit,Luis Randolph,,Repeating Customer
S09561,CU0552,C0445,28-11-2023,1,99879,Credit,Jack Robertson,,New Customer
S09562,CU1152,C0106,12-08-2023,1,31320,Credit,Amanda George,,New Customer
S09563,CU1748,C0409,20-02-2024,3,53582,Cash,Jordan Kennedy,,Loyal Customer
S09564,CU1610,C0432,10-03-2024,3,83984,Credit,Susan Wallace,,Loyal Customer
S09565,CU0274,C0336,04-03-2023,3,71598,Cash,Douglas Reeves,,Loyal Customer
S09566,CU1522,C0449,05-06-2025,1,55949,Cash,Adam Barton,,New Customer
S09567,CU0965,C0075,11-09-2024,2,99493,Installment,Timothy Parker,,Repeating Customer
S09568,CU0286,C0095,12-09-2024,2,89821,Cash,Sabrina Hebert,,Repeating Customer
S09569,CU1143,C0197,01-12-2022,3,42089,Credit,Nicholas Lewis,,Loyal Customer
S09570,CU0294,C0230,26-09-2024,2,95716,Cash,Randall Allen,,Repeating Customer
S09571,CU1720,C0150,07-02-2024,1,89988,Credit,Megan Morse,,New Customer
S09572,CU0164,C0140,03-08-2024,1,15312,Credit,Michelle Ramos,,New Customer
S09573,CU0274,C0082,09-11-2023,2,65447,Credit,Cody Romero,,Repeating Customer
S09574,CU1189,C0182,10-02-2023,1,83662,Credit,David Sherman,,New Customer
S09575,CU0599,C0352,16-09-2024,1,64413,Installment,Chad Ramirez,,New Customer
S09576,CU0067,C0174,02-03-2024,2,48947,Installment,David Henderson,,Repeating Customer
S09577,CU0185,C0308,24-09-2023,1,33931,Installment,Michelle Singleton,,New Customer
S09578,CU1586,C0342,16-06-2025,1,35724,Installment,Gavin Lopez,,New Customer
S09579,CU0440,C0122,23-10-2025,1,60372,Installment,Frank Gutierrez,,New Customer
S09580,CU1072,C0366,10-12-2022,3,63941,Cash,Cory Rodriguez,,Loyal Customer
S09581,CU0408,C0020,11-08-2024,3,37288,Installment,Curtis Nguyen,,Loyal Customer
S09582,CU0064,C0382,23-05-2024,2,94079,Cash,Mark Michael,,Repeating Customer
S09583,CU0206,C0397,26-06-2025,2,19989,Credit,Marissa Ball,,Repeating Customer
S09584,CU0697,C0015,11-01-2025,3,79719,Credit,Bruce Banks,,Loyal Customer
S09585,CU1433,C0178,13-03-2025,1,68295,Installment,Lynn Sanford,,New Customer
S09586,CU1474,C0401,12-05-2023,3,92582,Cash,Gary Tucker,,Loyal Customer
S09587,CU0211,C0044,10-05-2025,2,67389,Cash,Calvin Kelley,,Repeating Customer
S09588,CU0104,C0450,26-07-2025,1,60853,Cash,Christine Nixon,,New Customer
S09589,CU1560,C0240,12-01-2024,1,41807,Cash,Christine Cunningham,,New Customer
S09590,CU0697,C0385,06-10-2023,1,94041,Cash,Miguel Walton,,New Customer
S09591,CU1895,C0444,21-11-2023,2,93676,Installment,Debra Chavez,,Repeating Customer
S09592,CU1284,C0303,02-02-2025,3,52397,Credit,Jennifer Anderson,,Loyal Customer
S09593,CU1010,C0094,18-03-2025,3,85329,Cash,Lisa Ali,,Loyal Customer
S09594,CU0130,C0259,07-04-2025,2,15124,Cash,Kevin Johnson,,Repeating Customer
S09595,CU1184,C0246,27-01-2023,2,70525,Installment,Micheal Mueller,,Repeating Customer
S09596,CU0239,C0083,02-01-2024,2,26444,Installment,Mandy Montoya,,Repeating Customer
S09597,CU0870,C0097,01-07-2025,3,47077,Credit,Michael Jennings,,Loyal Customer
S09598,CU1273,C0057,11-11-2024,2,95380,Installment,Janice Mcclain,,Repeating Customer
S09599,CU0553,C0196,28-06-2023,3,55030,Credit,Jason Moreno,,Loyal Customer
S09600,CU1831,C0208,12-02-2024,3,57396,Cash,Katherine Kelley,,Loyal Customer
S09601,CU1882,C0342,18-05-2023,1,61049,Installment,Daniel Stephens,,New Customer
S09602,CU0563,C0178,09-02-2023,3,66803,Cash,Raven Long,,Loyal Customer
S09603,CU1010,C0285,19-04-2025,2,25122,Credit,John Smith,,Repeating Customer
S09604,CU0531,C0259,14-03-2025,2,53442,Credit,Danielle Escobar,,Repeating Customer
S09605,CU1913,C0298,07-12-2022,2,21981,Credit,Kristi Bond,,Repeating Customer
S09606,CU1490,C0122,15-06-2025,2,70588,Installment,Corey Morgan,,Repeating Customer
S09607,CU1190,C0278,13-04-2025,3,17392,Credit,Kimberly Odom,,Loyal Customer
S09608,CU0415,C0002,03-08-2025,3,77846,Installment,Amy Salinas,,Loyal Customer
S09609,CU1217,C0013,15-05-2025,1,93426,Installment,Carlos Gilbert,,New Customer
S09610,CU1502,C0068,02-07-2025,2,18856,Cash,Larry Willis PhD,,Repeating Customer
S09611,CU1875,C0327,29-10-2024,1,56269,Cash,James Fletcher,,New Customer
S09612,CU1503,C0019,23-10-2024,3,67519,Credit,Matthew Stein,,Loyal Customer
S09613,CU1056,C0205,02-06-2025,2,40432,Installment,Ashley Gordon,,Repeating Customer
S09614,CU1542,C0354,29-04-2024,2,85920,Cash,Richard Pearson,,Repeating Customer
S09615,CU1627,C0280,07-05-2023,1,78478,Cash,Jeremy Martinez,,New Customer
S09616,CU1835,C0180,20-04-2025,3,29329,Installment,Michael Blair,,Loyal Customer
S09617,CU1224,C0116,15-11-2024,1,81343,Cash,Diane Molina,,New Customer
S09618,CU0845,C0307,17-04-2025,1,33805,Cash,Jeffrey Andrews,,New Customer
S09619,CU0462,C0191,30-10-2024,1,95800,Credit,Julie Simmons,,New Customer
S09620,CU0311,C0215,03-12-2022,2,20999,Installment,Kathleen Yang,,Repeating Customer
S09621,CU1660,C0305,04-04-2023,1,68514,Installment,Sydney Escobar,,New Customer
S09622,CU0795,C0199,18-04-2024,3,28463,Cash,Sean Moore,,Loyal Customer
S09623,CU1054,C0327,25-06-2023,3,55083,Credit,Kevin Kelley,,Loyal Customer
S09624,CU0651,C0096,15-10-2025,3,91953,Installment,Tyler Morales,,Loyal Customer
S09625,CU0652,C0397,17-02-2025,1,27124,Cash,Denise Fitzgerald,,New Customer
S09626,CU1047,C0066,15-03-2023,2,67172,Credit,Lauren Parker,,Repeating Customer
S09627,CU1833,C0391,23-06-2023,3,22543,Cash,Caitlyn Dudley,,Loyal Customer
S09628,CU0764,C0484,22-12-2022,3,40176,Credit,Anthony Wolfe,,Loyal Customer
S09629,CU0858,C0161,14-01-2025,2,95368,Credit,Allen Pena,,Repeating Customer
S09630,CU0426,C0337,26-12-2024,1,72576,Installment,John Gonzalez,,New Customer
S09631,CU0885,C0274,15-09-2024,3,69159,Installment,Jeffrey Williams,,Loyal Customer
S09632,CU1303,C0458,29-09-2025,3,67729,Cash,John Johnson,,Loyal Customer
S09633,CU0204,C0363,07-04-2023,3,86846,Credit,Cassandra Roberts,,Loyal Customer
S09634,CU0620,C0395,07-06-2024,2,86913,Cash,Carrie Mason,,Repeating Customer
S09635,CU1996,C0262,27-09-2025,3,24414,Cash,Sue Mitchell,,Loyal Customer
S09636,CU0181,C0027,13-06-2025,1,93206,Credit,Deborah White,,New Customer
S09637,CU1463,C0007,10-05-2025,2,59194,Cash,Karen Anderson,,Repeating Customer
S09638,CU0864,C0482,10-06-2023,2,26166,Cash,Natasha Russell,,Repeating Customer
S09639,CU1177,C0202,03-05-2023,1,17877,Credit,Tyler Scott,,New Customer
S09640,CU1305,C0194,27-02-2025,3,96004,Credit,Mark Torres,,Loyal Customer
S09641,CU0312,C0096,15-06-2024,3,81472,Installment,Jamie Walker,,Loyal Customer
S09642,CU1125,C0448,28-03-2024,2,99170,Installment,Theresa Ortiz,,Repeating Customer
S09643,CU0661,C0188,19-08-2024,2,32331,Credit,Bridget Mitchell,,Repeating Customer
S09644,CU1284,C0406,05-08-2025,3,63024,Cash,Amanda Martinez,,Loyal Customer
S09645,CU1762,C0115,28-11-2022,1,77198,Installment,Megan Clark,,New Customer
S09646,CU0269,C0215,24-05-2023,3,49418,Installment,Raymond Lee MD,,Loyal Customer
S09647,CU1640,C0247,31-10-2023,2,92980,Installment,James Perez,,Repeating Customer
S09648,CU1912,C0285,10-10-2023,2,89663,Cash,Tracy Jones,,Repeating Customer
S09649,CU0196,C0038,17-06-2025,3,96347,Cash,Edward Johnson,,Loyal Customer
S09650,CU0462,C0363,20-03-2025,2,25968,Installment,Suzanne Obrien,,Repeating Customer
S09651,CU1172,C0266,03-05-2024,3,88143,Cash,Robert Thompson,,Loyal Customer
S09652,CU1733,C0087,06-08-2023,1,87074,Credit,Alexis Johnson,,New Customer
S09653,CU1093,C0086,09-06-2023,3,20219,Cash,Tracie Smith,,Loyal Customer
S09654,CU1168,C0425,11-10-2023,3,83827,Cash,Jennifer Moreno,,Loyal Customer
S09655,CU0346,C0386,03-11-2024,3,24752,Installment,Joseph Walter,,Loyal Customer
S09656,CU0745,C0045,26-05-2024,1,70932,Credit,Katherine Schroeder,,New Customer
S09657,CU1640,C0397,24-10-2025,1,30706,Cash,Sharon Peterson,,New Customer
S09658,CU0213,C0377,02-05-2023,2,82332,Installment,Danny Roberts,,Repeating Customer
S09659,CU0583,C0361,15-06-2023,1,44208,Cash,Alicia Melendez,,New Customer
S09660,CU0552,C0305,25-09-2023,2,30480,Installment,Francisco Stark,,Repeating Customer
S09661,CU0612,C0043,10-01-2025,2,66086,Credit,Gregory Hall,,Repeating Customer
S09662,CU0265,C0431,18-02-2025,2,56387,Installment,Dylan Garcia,,Repeating Customer
S09663,CU0217,C0448,22-04-2025,2,63803,Installment,James Jackson,,Repeating Customer
S09664,CU1084,C0377,17-07-2023,2,54940,Cash,Natalie Young,,Repeating Customer
S09665,CU1030,C0321,08-07-2024,1,33470,Cash,Benjamin Graham,,New Customer
S09666,CU0915,C0407,24-04-2024,3,28752,Installment,Cindy Perry,,Loyal Customer
S09667,CU1660,C0104,22-11-2024,1,15772,Installment,Cameron Lewis,,New Customer
S09668,CU1485,C0439,19-03-2024,3,44326,Cash,Laura Holloway,,Loyal Customer
S09669,CU0284,C0068,24-06-2025,3,64533,Installment,Eugene Heath,,Loyal Customer
S09670,CU1079,C0358,16-02-2024,1,51682,Cash,Jessica Aguilar,,New Customer
S09671,CU1254,C0235,09-09-2023,3,35105,Installment,Robert Walker,,Loyal Customer
S09672,CU0766,C0260,15-11-2023,3,68461,Installment,Mrs. Anna Mills,,Loyal Customer
S09673,CU1375,C0302,24-07-2023,1,44803,Credit,Maria Davis,,New Customer
S09674,CU1905,C0071,30-11-2022,1,98119,Installment,Mr. Kevin Small,,New Customer
S09675,CU0099,C0383,03-06-2025,2,81611,Credit,Adam Lynch Jr.,,Repeating Customer
S09676,CU0939,C0024,01-06-2023,1,89087,Installment,Kari Williams,,New Customer
S09677,CU1186,C0325,29-09-2025,1,47127,Cash,Jamie Hill,,New Customer
S09678,CU1890,C0454,23-11-2023,1,33981,Credit,Karen Haynes,,New Customer
S09679,CU1333,C0264,18-08-2025,1,89069,Cash,Danielle Thomas,,New Customer
S09680,CU1102,C0418,01-10-2024,2,26595,Credit,Katelyn King,,Repeating Customer
S09681,CU0310,C0406,22-06-2023,3,35259,Cash,John Williams,,Loyal Customer
S09682,CU0767,C0449,21-01-2023,2,28597,Installment,Cynthia Armstrong,,Repeating Customer
S09683,CU1579,C0255,23-12-2023,3,90735,Cash,Brian Martin,,Loyal Customer
S09684,CU1461,C0385,02-03-2025,3,81856,Credit,Michael Hart,,Loyal Customer
S09685,CU0484,C0048,08-07-2024,3,87900,Credit,Colleen Olsen,,Loyal Customer
S09686,CU1101,C0357,15-05-2024,2,39633,Installment,James Ballard,,Repeating Customer
S09687,CU1331,C0030,07-08-2023,3,25310,Cash,Tracy Delgado,,Loyal Customer
S09688,CU0117,C0258,22-11-2023,2,77006,Installment,John Lucas,,Repeating Customer
S09689,CU1723,C0365,04-07-2024,3,15882,Cash,Elizabeth Henderson,,Loyal Customer
S09690,CU1693,C0007,17-12-2022,3,69182,Credit,Elizabeth Higgins,,Loyal Customer
S09691,CU1817,C0452,22-07-2025,3,92478,Credit,Keith Barrett,,Loyal Customer
S09692,CU1180,C0231,02-03-2023,1,76755,Cash,Yvonne Rubio,,New Customer
S09693,CU0827,C0462,28-11-2024,2,85115,Credit,Jennifer Hodges MD,,Repeating Customer
S09694,CU1382,C0286,03-09-2023,3,58970,Installment,Cynthia Stevenson,,Loyal Customer
S09695,CU0967,C0080,18-11-2024,1,43663,Credit,Ashley Owens,,New Customer
S09696,CU1091,C0326,17-12-2023,3,77728,Installment,Jennifer Johnson,,Loyal Customer
S09697,CU1375,C0174,15-10-2025,1,44522,Credit,Tanya Smith MD,,New Customer
S09698,CU0282,C0044,03-02-2024,2,78976,Installment,Timothy Moore,,Repeating Customer
S09699,CU0744,C0159,24-10-2024,3,95842,Installment,Scott Richardson,,Loyal Customer
S09700,CU0161,C0463,17-08-2023,2,36030,Installment,Philip Herman,,Repeating Customer
S09701,CU0132,C0172,26-02-2023,3,38458,Credit,Sandra Jones,,Loyal Customer
S09702,CU0321,C0009,01-12-2022,2,60936,Cash,Casey Rogers,,Repeating Customer
S09703,CU0270,C0496,25-03-2025,2,61412,Credit,Steven Willis,,Repeating Customer
S09704,CU1280,C0483,12-02-2024,2,65219,Cash,Ashley Day,,Repeating Customer
S09705,CU1983,C0304,04-09-2023,1,66411,Credit,Alicia Reynolds,,New Customer
S09706,CU0576,C0401,05-08-2024,2,61518,Cash,Jamie Thomas,,Repeating Customer
S09707,CU0532,C0419,13-05-2024,3,52010,Cash,Larry Webster,,Loyal Customer
S09708,CU1786,C0402,30-03-2025,2,78876,Credit,Randy Atkins,,Repeating Customer
S09709,CU1097,C0240,26-03-2023,1,72339,Credit,Ruth Mcintyre,,New Customer
S09710,CU1994,C0470,23-08-2023,2,51574,Credit,Michael Gonzalez,,Repeating Customer
S09711,CU0894,C0385,05-12-2022,2,88103,Installment,Mrs. Katie Diaz,,Repeating Customer
S09712,CU1114,C0136,24-03-2023,1,64756,Cash,Kevin White,,New Customer
S09713,CU1136,C0414,25-10-2023,3,43099,Credit,Amanda Harris,,Loyal Customer
S09714,CU1678,C0141,11-01-2023,3,50111,Cash,Jennifer Kent,,Loyal Customer
S09715,CU1623,C0186,12-08-2024,2,59966,Installment,Shane Bryan,,Repeating Customer
S09716,CU0234,C0227,08-11-2023,3,54906,Installment,Dr. Cassandra Arnold MD,,Loyal Customer
S09717,CU1410,C0403,04-07-2024,3,26572,Cash,James Sanchez,,Loyal Customer
S09718,CU1717,C0084,06-08-2025,1,97071,Installment,Michelle Lopez,,New Customer
S09719,CU0916,C0462,24-12-2023,2,22976,Cash,Kelsey Burns,,Repeating Customer
S09720,CU1764,C0282,26-02-2023,3,85184,Installment,Harry Barry,,Loyal Customer
S09721,CU0107,C0331,18-04-2024,1,82862,Credit,Bryan Obrien,,New Customer
S09722,CU0978,C0244,25-11-2024,2,26471,Installment,Tammy Petersen,,Repeating Customer
S09723,CU1544,C0268,21-08-2024,1,46204,Cash,Briana Meyer,,New Customer
S09724,CU1838,C0381,04-11-2024,2,76696,Cash,Paige Stafford,,Repeating Customer
S09725,CU1592,C0069,23-12-2022,3,32176,Cash,Brent Campbell,,Loyal Customer
S09726,CU1866,C0015,14-08-2025,2,65751,Cash,Gina Ray,,Repeating Customer
S09727,CU0529,C0057,14-04-2025,2,85463,Cash,Shelley Moore,,Repeating Customer
S09728,CU0393,C0059,14-12-2023,1,35181,Credit,Terry Carpenter,,New Customer
S09729,CU1455,C0141,10-01-2025,3,94050,Installment,Andre Dennis,,Loyal Customer
S09730,CU1429,C0205,04-02-2023,3,41648,Cash,Daniel Nash,,Loyal Customer
S09731,CU1385,C0347,26-01-2023,3,34811,Installment,Patrick Mendoza,,Loyal Customer
S09732,CU0080,C0019,17-08-2024,3,36662,Credit,Samantha Hill,,Loyal Customer
S09733,CU0048,C0291,16-01-2025,1,54753,Installment,Sean Jacobs,,New Customer
S09734,CU1511,C0390,08-05-2025,2,22629,Credit,Sabrina Webb,,Repeating Customer
S09735,CU1337,C0315,09-09-2023,2,93290,Cash,Andrea Bush,,Repeating Customer
S09736,CU1529,C0322,19-07-2024,2,87419,Credit,Jessica Davis,,Repeating Customer
S09737,CU1474,C0110,30-03-2024,2,32565,Credit,Zachary Sanchez,,Repeating Customer
S09738,CU1785,C0470,29-12-2024,2,15035,Credit,Jason Avery,,Repeating Customer
S09739,CU1792,C0205,21-04-2025,3,24873,Cash,Eric Sanders,,Loyal Customer
S09740,CU1182,C0109,28-05-2023,1,88604,Installment,Gina Meadows,,New Customer
S09741,CU1964,C0320,05-08-2024,1,63810,Cash,Jonathan Patterson,,New Customer
S09742,CU1635,C0015,28-05-2025,1,74070,Installment,Evan Sanchez,,New Customer
S09743,CU0085,C0247,22-04-2025,1,82662,Credit,Carol Whitaker,,New Customer
S09744,CU1569,C0465,30-10-2023,2,75212,Credit,Andrew Owens,,Repeating Customer
S09745,CU0389,C0027,23-10-2025,1,68613,Cash,Lee Bailey,,New Customer
S09746,CU1167,C0012,18-04-2024,1,52459,Installment,Blake Lucas,,New Customer
S09747,CU1876,C0291,22-06-2024,1,23265,Cash,Anthony Murray,,New Customer
S09748,CU0506,C0367,02-11-2024,1,50761,Installment,Michael Rodriguez,,New Customer
S09749,CU0863,C0395,27-07-2024,2,87965,Cash,Patricia Black,,Repeating Customer
S09750,CU1706,C0077,22-09-2024,2,96115,Installment,Jennifer Huffman,,Repeating Customer
S09751,CU0152,C0412,09-05-2024,3,27972,Installment,David Perkins,,Loyal Customer
S09752,CU0994,C0220,04-06-2024,3,54424,Cash,Manuel Flores,,Loyal Customer
S09753,CU1795,C0075,12-03-2024,1,44914,Cash,Zachary Lowe,,New Customer
S09754,CU1459,C0175,24-06-2023,3,86188,Cash,William Johnston,,Loyal Customer
S09755,CU1827,C0141,01-11-2024,2,97987,Credit,Bradley Lewis,,Repeating Customer
S09756,CU0174,C0317,25-07-2024,3,94716,Cash,Jodi Pierce,,Loyal Customer
S09757,CU1517,C0436,15-10-2023,2,27214,Installment,Jose Myers,,Repeating Customer
S09758,CU0655,C0001,29-09-2024,1,40047,Cash,Deborah Wright,,New Customer
S09759,CU1913,C0204,13-10-2024,2,59857,Credit,Cynthia Jones,,Repeating Customer
S09760,CU1973,C0154,21-01-2024,2,42783,Installment,Curtis Mckay,,Repeating Customer
S09761,CU1021,C0456,23-11-2023,3,60309,Credit,Kyle Houston,,Loyal Customer
S09762,CU0571,C0423,15-08-2025,3,97911,Credit,Kelly Bonilla,,Loyal Customer
S09763,CU0257,C0027,09-08-2024,2,45620,Installment,Tracy Bond,,Repeating Customer
S09764,CU1921,C0190,08-10-2025,1,71011,Credit,Ashley Williams,,New Customer
S09765,CU1269,C0405,31-12-2024,2,57388,Credit,Michael Harvey,,Repeating Customer
S09766,CU0376,C0370,08-11-2024,1,29901,Installment,Rachel Reynolds,,New Customer
S09767,CU0380,C0263,08-03-2023,3,53365,Credit,Joseph Ramirez,,Loyal Customer
S09768,CU0877,C0029,11-10-2025,2,70907,Credit,Garrett Moore,,Repeating Customer
S09769,CU0757,C0475,09-05-2024,2,80920,Cash,Erin Gallegos,,Repeating Customer
S09770,CU0218,C0246,14-02-2023,2,37652,Cash,Susan Edwards,,Repeating Customer
S09771,CU0209,C0309,02-01-2025,1,30229,Credit,Joel Gonzalez,,New Customer
S09772,CU1188,C0116,12-03-2024,2,39356,Credit,Noah Hernandez,,Repeating Customer
S09773,CU1722,C0439,26-04-2023,3,29606,Cash,Miguel Alexander,,Loyal Customer
S09774,CU1404,C0398,23-08-2025,2,30245,Credit,Dawn Welch,,Repeating Customer
S09775,CU0654,C0256,30-12-2023,2,63350,Credit,Chelsea Nelson,,Repeating Customer
S09776,CU0925,C0440,21-06-2024,1,46051,Installment,Russell Sanchez Jr.,,New Customer
S09777,CU0512,C0119,06-07-2023,3,23444,Installment,Anthony Patrick,,Loyal Customer
S09778,CU1047,C0204,13-04-2023,2,26226,Credit,Angela Gonzalez,,Repeating Customer
S09779,CU0806,C0115,08-03-2025,1,47583,Cash,Justin Kaiser,,New Customer
S09780,CU1101,C0190,16-05-2024,2,85741,Installment,Dylan Ortiz,,Repeating Customer
S09781,CU0712,C0403,02-12-2023,1,50265,Installment,Erin Taylor,,New Customer
S09782,CU0034,C0475,12-02-2024,3,22618,Installment,Stacy Lawson,,Loyal Customer
S09783,CU1728,C0466,17-05-2024,1,58422,Credit,Mrs. Tonya Reese DDS,,New Customer
S09784,CU0008,C0071,15-06-2025,2,70807,Installment,James Perez,,Repeating Customer
S09785,CU0723,C0445,31-01-2024,2,66662,Credit,Seth Cook,,Repeating Customer
S09786,CU1698,C0100,06-04-2025,3,50812,Cash,Jay Collins,,Loyal Customer
S09787,CU0488,C0295,10-06-2024,2,92569,Credit,Michael Barker,,Repeating Customer
S09788,CU0366,C0157,26-08-2024,1,83222,Credit,Sarah Olsen,,New Customer
S09789,CU0833,C0162,21-05-2025,1,34205,Credit,Jeffrey Nelson,,New Customer
S09790,CU0510,C0347,03-01-2024,2,20443,Cash,Megan Rhodes,,Repeating Customer
S09791,CU0589,C0442,17-08-2023,1,25962,Cash,Jamie Blair,,New Customer
S09792,CU0153,C0272,11-07-2025,2,73651,Installment,Timothy Potter,,Repeating Customer
S09793,CU0352,C0180,22-06-2024,1,15980,Installment,Charles Graham,,New Customer
S09794,CU0212,C0052,09-01-2024,2,24056,Cash,Sandra Cline,,Repeating Customer
S09795,CU1250,C0036,29-07-2025,3,40477,Cash,Alexander Cordova,,Loyal Customer
S09796,CU1643,C0376,18-11-2023,2,90824,Credit,Heidi Mays,,Repeating Customer
S09797,CU1309,C0427,03-09-2023,3,59277,Cash,Oscar Rose,,Loyal Customer
S09798,CU1376,C0090,09-12-2023,2,72350,Cash,Cory Olson,,Repeating Customer
S09799,CU1742,C0151,05-12-2024,3,97439,Cash,Karen Heath,,Loyal Customer
S09800,CU0554,C0320,28-11-2023,2,84558,Credit,Ann Reese,,Repeating Customer
S09801,CU1950,C0432,11-10-2025,3,26153,Credit,Michael Freeman,,Loyal Customer
S09802,CU0101,C0203,01-05-2023,3,28922,Cash,Peter Watkins,,Loyal Customer
S09803,CU0179,C0420,19-01-2024,2,87934,Credit,Joseph Wade,,Repeating Customer
S09804,CU1167,C0284,25-12-2022,2,62051,Installment,Katherine Smith,,Repeating Customer
S09805,CU1520,C0120,22-06-2023,2,19738,Cash,Alan Randall,,Repeating Customer
S09806,CU0999,C0041,19-01-2025,2,29437,Credit,Crystal Acosta,,Repeating Customer
S09807,CU0477,C0351,27-03-2024,3,25295,Cash,Theodore Hahn,,Loyal Customer
S09808,CU1711,C0437,15-11-2022,1,34843,Credit,Robert Sanchez,,New Customer
S09809,CU1147,C0229,12-06-2024,3,86507,Credit,Ryan Moreno,,Loyal Customer
S09810,CU0632,C0361,24-11-2024,1,83433,Cash,Leslie Mathews,,New Customer
S09811,CU0675,C0448,19-11-2023,2,41325,Cash,Bonnie Hamilton,,Repeating Customer
S09812,CU1870,C0006,22-10-2025,2,51851,Installment,Michael Davis,,Repeating Customer
S09813,CU1945,C0372,08-02-2023,1,23095,Installment,Cheryl Kirby,,New Customer
S09814,CU1879,C0040,01-09-2025,1,37004,Installment,Stephanie Hernandez,,New Customer
S09815,CU1169,C0130,18-06-2024,1,93107,Cash,Russell Diaz,,New Customer
S09816,CU1381,C0228,03-02-2023,3,80575,Cash,Angel Stafford,,Loyal Customer
S09817,CU1873,C0462,24-12-2023,1,35346,Credit,Ryan Jones,,New Customer
S09818,CU1110,C0234,15-10-2023,3,34153,Credit,Miranda Peterson,,Loyal Customer
S09819,CU0840,C0397,13-06-2025,2,36803,Cash,Melissa Martinez,,Repeating Customer
S09820,CU0841,C0178,31-12-2022,3,60780,Installment,Gavin Marshall,,Loyal Customer
S09821,CU1603,C0346,20-02-2025,2,86103,Cash,Riley Odom,,Repeating Customer
S09822,CU1500,C0353,28-05-2023,3,34654,Installment,Kelly Adams,,Loyal Customer
S09823,CU1244,C0030,04-01-2024,2,40485,Installment,Edward Snyder,,Repeating Customer
S09824,CU0561,C0417,19-08-2023,2,48852,Cash,Cynthia Vaughn,,Repeating Customer
S09825,CU1104,C0380,28-08-2025,2,34148,Installment,Laura Hendrix,,Repeating Customer
S09826,CU1266,C0018,22-09-2025,3,95194,Credit,Kristen Huerta,,Loyal Customer
S09827,CU0370,C0106,23-03-2025,1,89731,Installment,Zachary Miller,,New Customer
S09828,CU1818,C0044,09-01-2025,3,80707,Cash,Michael Levine,,Loyal Customer
S09829,CU0528,C0487,21-06-2023,1,73971,Cash,Jillian Silva,,New Customer
S09830,CU0474,C0414,29-05-2024,1,17053,Credit,Robert Rangel,,New Customer
S09831,CU0106,C0294,06-01-2024,1,95397,Credit,Katrina Bailey,,New Customer
S09832,CU1220,C0319,24-11-2022,2,94898,Installment,Carrie Hopkins,,Repeating Customer
S09833,CU0995,C0410,01-07-2025,2,34970,Installment,Natasha Russell,,Repeating Customer
S09834,CU0602,C0037,14-07-2025,2,75925,Cash,Tracy Bailey,,Repeating Customer
S09835,CU0355,C0334,04-03-2023,3,99964,Installment,John Acosta,,Loyal Customer
S09836,CU0296,C0371,13-02-2025,3,96302,Credit,Sara Todd,,Loyal Customer
S09837,CU1472,C0011,30-04-2025,2,35143,Credit,Russell Park,,Repeating Customer
S09838,CU1587,C0318,26-01-2024,1,20174,Credit,Anthony Hunter,,New Customer
S09839,CU1931,C0044,18-08-2023,2,61259,Installment,William Miller,,Repeating Customer
S09840,CU0970,C0248,16-12-2022,2,60831,Installment,Amanda Daniels,,Repeating Customer
S09841,CU1963,C0204,14-06-2023,1,28155,Installment,Scott Maddox,,New Customer
S09842,CU0866,C0226,30-01-2024,2,86854,Cash,Richard Bird,,Repeating Customer
S09843,CU1273,C0183,21-11-2022,1,37526,Credit,Jacob Shaw,,New Customer
S09844,CU1478,C0344,08-02-2025,1,68919,Credit,Donna Weber,,New Customer
S09845,CU1730,C0105,09-08-2024,2,32973,Installment,Kenneth Baker,,Repeating Customer
S09846,CU0425,C0109,28-12-2022,3,73470,Credit,Brian Galvan,,Loyal Customer
S09847,CU0309,C0468,06-01-2024,1,58578,Credit,Darren Logan,,New Customer
S09848,CU1302,C0281,29-05-2025,2,56638,Credit,Hannah Bryant,,Repeating Customer
S09849,CU0503,C0256,30-03-2024,3,42088,Installment,Ricardo Garcia,,Loyal Customer
S09850,CU1476,C0347,12-10-2024,1,60505,Credit,Thomas Aguilar II,,New Customer
S09851,CU0703,C0436,29-07-2023,2,52971,Installment,Rita Williams,,Repeating Customer
S09852,CU1642,C0033,14-04-2023,1,34563,Installment,Larry Taylor,,New Customer
S09853,CU1690,C0208,04-11-2022,3,94984,Installment,Barbara Allen,,Loyal Customer
S09854,CU1291,C0218,27-01-2023,1,15993,Installment,Evelyn Pierce,,New Customer
S09855,CU0802,C0217,24-03-2025,1,33087,Cash,Martin Mueller,,New Customer
S09856,CU0647,C0154,29-11-2023,2,85549,Cash,Karla Tapia,,Repeating Customer
S09857,CU0738,C0168,02-12-2024,3,59709,Cash,Kenneth Williams,,Loyal Customer
S09858,CU1004,C0092,24-09-2025,3,49317,Cash,Tammy Bishop,,Loyal Customer
S09859,CU1154,C0145,15-01-2025,2,39611,Installment,Mr. Patrick Jones,,Repeating Customer
S09860,CU0099,C0047,10-07-2023,1,46056,Cash,Cheyenne Flores,,New Customer
S09861,CU1792,C0137,29-03-2024,2,89443,Cash,Victor Cook,,Repeating Customer
S09862,CU1472,C0292,18-07-2024,1,65054,Installment,Stephanie King,,New Customer
S09863,CU1879,C0261,27-08-2025,2,56864,Installment,Matthew Johnson,,Repeating Customer
S09864,CU1295,C0223,05-09-2023,1,69663,Installment,Christine Mendoza,,New Customer
S09865,CU0051,C0158,30-07-2023,3,84973,Credit,Alyssa Jenkins,,Loyal Customer
S09866,CU1588,C0250,06-01-2023,1,88317,Credit,Michael Leach,,New Customer
S09867,CU1830,C0056,12-06-2024,2,56432,Installment,Theresa Andrade,,Repeating Customer
S09868,CU0938,C0297,06-11-2024,1,33202,Credit,Kelly Melendez,,New Customer
S09869,CU1741,C0188,30-06-2023,2,41170,Credit,Hayley Randolph,,Repeating Customer
S09870,CU1929,C0283,14-09-2023,1,97828,Installment,Christina Graves,,New Customer
S09871,CU1421,C0153,25-12-2022,3,43910,Credit,Jasmine Brown,,Loyal Customer
S09872,CU0588,C0348,28-04-2023,2,65081,Installment,Brittney Morris,,Repeating Customer
S09873,CU0319,C0347,18-07-2025,1,29472,Credit,Jennifer Levine,,New Customer
S09874,CU1013,C0306,17-03-2024,1,80079,Cash,Jennifer Clark,,New Customer
S09875,CU1605,C0174,09-08-2024,3,51750,Installment,Chelsea Cardenas,,Loyal Customer
S09876,CU1638,C0217,28-03-2023,2,29538,Cash,Jacqueline Boone,,Repeating Customer
S09877,CU1529,C0267,30-03-2025,2,81406,Cash,Krystal Swanson,,Repeating Customer
S09878,CU0356,C0018,22-09-2023,1,85051,Cash,Tami Jones,,New Customer
S09879,CU1852,C0142,13-05-2025,2,35050,Cash,Marc Fernandez,,Repeating Customer
S09880,CU1172,C0338,26-09-2023,1,54689,Cash,Paul Allen,,New Customer
S09881,CU1065,C0001,28-01-2024,2,78450,Credit,Christine Martin,,Repeating Customer
S09882,CU1554,C0255,12-04-2024,1,79497,Installment,Nicholas Gordon,,New Customer
S09883,CU0090,C0124,26-03-2024,1,57694,Cash,Brandon White,,New Customer
S09884,CU1325,C0009,07-07-2025,1,80053,Credit,Sara Hughes,,New Customer
S09885,CU1497,C0273,28-06-2024,1,39128,Cash,Lisa Elliott,,New Customer
S09886,CU1053,C0189,15-03-2025,2,46839,Credit,April Sharp,,Repeating Customer
S09887,CU1650,C0091,02-01-2023,2,58568,Credit,John Spencer,,Repeating Customer
S09888,CU1770,C0145,16-09-2024,2,74964,Cash,Valerie Hall,,Repeating Customer
S09889,CU1625,C0173,17-12-2024,3,20021,Installment,Brian Walton,,Loyal Customer
S09890,CU0569,C0042,27-06-2025,2,73786,Credit,Nicholas Fernandez,,Repeating Customer
S09891,CU1039,C0075,12-07-2023,2,70805,Cash,Jeffrey Brown,,Repeating Customer
S09892,CU1294,C0082,27-06-2024,1,29390,Credit,Todd Snyder,,New Customer
S09893,CU1480,C0164,21-09-2024,2,81196,Cash,Kathryn Johnson,,Repeating Customer
S09894,CU0615,C0441,24-02-2025,2,30148,Installment,Diane Potter,,Repeating Customer
S09895,CU1805,C0423,29-08-2023,2,71366,Installment,Zachary Marks,,Repeating Customer
S09896,CU0951,C0232,22-09-2025,2,74364,Cash,Christine Barry,,Repeating Customer
S09897,CU1307,C0058,15-02-2023,3,48685,Installment,Bryan Norris,,Loyal Customer
S09898,CU1054,C0007,25-12-2023,1,90377,Installment,Kenneth Moreno,,New Customer
S09899,CU1615,C0294,28-07-2025,2,17577,Credit,Daniel Johnson,,Repeating Customer
S09900,CU1537,C0288,15-05-2023,3,25394,Installment,Laura Simmons,,Loyal Customer
S09901,CU0081,C0264,21-03-2025,2,19105,Installment,Jennifer Simmons,,Repeating Customer
S09902,CU1310,C0294,08-07-2025,1,61553,Cash,Sarah Lam,,New Customer
S09903,CU1616,C0433,30-07-2024,3,99553,Credit,Cody Lane,,Loyal Customer
S09904,CU1396,C0020,20-12-2024,2,66087,Installment,Sarah Jackson,,Repeating Customer
S09905,CU1915,C0187,27-04-2024,1,93338,Installment,Steven Singh,,New Customer
S09906,CU0301,C0256,21-08-2023,1,65251,Credit,Misty Oliver,,New Customer
S09907,CU1355,C0219,28-04-2023,2,57561,Cash,Christopher Bailey,,Repeating Customer
S09908,CU0896,C0343,20-07-2025,3,76994,Installment,Karen Mcdonald,,Loyal Customer
S09909,CU1891,C0233,09-02-2024,1,86483,Installment,David Mason,,New Customer
S09910,CU0224,C0139,11-11-2024,2,71377,Cash,Mr. Michael Christian,,Repeating Customer
S09911,CU1186,C0290,03-03-2023,1,25363,Credit,Felicia Lee,,New Customer
S09912,CU0672,C0382,09-05-2023,1,84866,Installment,Thomas Smith,,New Customer
S09913,CU1611,C0435,23-05-2024,3,63391,Installment,Jennifer Frederick,,Loyal Customer
S09914,CU1586,C0006,26-06-2025,3,94563,Installment,Christopher Harris,,Loyal Customer
S09915,CU0880,C0055,01-11-2022,3,60907,Installment,Tony Zamora,,Loyal Customer
S09916,CU0882,C0308,10-12-2024,2,56458,Credit,Christopher Santiago,,Repeating Customer
S09917,CU0806,C0341,26-11-2024,1,40035,Credit,Destiny Aguilar,,New Customer
S09918,CU0310,C0423,08-09-2025,2,43126,Credit,Ryan Delgado,,Repeating Customer
S09919,CU0233,C0197,25-11-2023,1,84791,Credit,Michelle Fuller,,New Customer
S09920,CU0724,C0489,20-09-2023,3,84377,Installment,Austin Watson,,Loyal Customer
S09921,CU0746,C0316,05-09-2025,2,35929,Cash,Pamela Williams,,Repeating Customer
S09922,CU1212,C0366,11-03-2023,2,44081,Installment,David Martin,,Repeating Customer
S09923,CU0449,C0471,23-04-2025,2,65277,Credit,Elizabeth Lawson,,Repeating Customer
S09924,CU1812,C0369,17-12-2024,1,69271,Credit,Amanda Lopez,,New Customer
S09925,CU0013,C0371,14-05-2023,2,83598,Installment,Kerry Lee,,Repeating Customer
S09926,CU0670,C0450,23-12-2024,3,68048,Credit,Alyssa Wilkins,,Loyal Customer
S09927,CU0202,C0458,12-04-2025,1,94320,Credit,James Bailey,,New Customer
S09928,CU0943,C0095,05-08-2023,2,66474,Cash,Daniel Alvarez,,Repeating Customer
S09929,CU1239,C0379,18-06-2023,3,41163,Cash,Daniel Duncan,,Loyal Customer
S09930,CU0917,C0114,15-02-2024,1,38837,Cash,Karl Gordon PhD,,New Customer
S09931,CU0070,C0119,11-05-2024,3,46449,Credit,Misty Turner,,Loyal Customer
S09932,CU0799,C0274,13-05-2024,1,27650,Installment,Tanya Lopez,,New Customer
S09933,CU0893,C0450,22-05-2023,1,87331,Cash,Julie Fischer,,New Customer
S09934,CU0366,C0422,11-06-2025,1,47901,Cash,Fernando Meza,,New Customer
S09935,CU0051,C0035,18-01-2025,1,80350,Cash,Pamela Richards,,New Customer
S09936,CU1713,C0276,30-04-2025,1,40211,Cash,Timothy Sosa,,New Customer
S09937,CU0378,C0386,20-12-2024,2,39384,Cash,Sarah Taylor,,Repeating Customer
S09938,CU1975,C0297,15-06-2023,2,71175,Installment,Thomas Thompson,,Repeating Customer
S09939,CU0755,C0311,18-03-2025,1,51603,Cash,Jessica Henderson,,New Customer
S09940,CU0684,C0034,16-04-2025,3,86554,Cash,Timothy Boyd,,Loyal Customer
S09941,CU1785,C0486,18-08-2025,2,21167,Cash,Michael Aguirre,,Repeating Customer
S09942,CU1153,C0161,25-03-2025,1,92831,Installment,Wesley Molina,,New Customer
S09943,CU0862,C0461,27-06-2023,2,29660,Installment,Nancy Green,,Repeating Customer
S09944,CU1585,C0381,14-02-2023,1,39015,Cash,Seth Higgins,,New Customer
S09945,CU1628,C0166,14-08-2025,1,21030,Credit,Heather Walker,,New Customer
S09946,CU0713,C0082,10-05-2025,3,15637,Credit,Samuel Cordova,,Loyal Customer
S09947,CU0890,C0299,25-06-2023,1,40548,Installment,David Barton,,New Customer
S09948,CU1359,C0387,06-07-2023,2,65667,Installment,Dominique Garcia,,Repeating Customer
S09949,CU0573,C0071,31-05-2025,3,95010,Cash,Sharon Sellers,,Loyal Customer
S09950,CU0117,C0051,12-11-2022,2,80735,Cash,Wesley Robbins,,Repeating Customer
S09951,CU1152,C0353,07-08-2024,1,48616,Cash,Dr. Janet Carlson DDS,,New Customer
S09952,CU0734,C0239,07-12-2024,1,45164,Credit,Terry Patel,,New Customer
S09953,CU1771,C0444,15-02-2023,1,97524,Installment,Peter Brown,,New Customer
S09954,CU1227,C0407,09-03-2025,2,78525,Installment,William Johnson,,Repeating Customer
S09955,CU1149,C0012,03-07-2024,3,87618,Installment,Mrs. Erica Patterson,,Loyal Customer
S09956,CU0005,C0136,30-07-2025,1,24670,Credit,Mr. Jeffery Rodriguez,,New Customer
S09957,CU1671,C0075,23-08-2023,2,54218,Installment,Taylor Sims,,Repeating Customer
S09958,CU1944,C0404,07-09-2024,1,83325,Credit,Kristin Smith,,New Customer
S09959,CU1057,C0041,27-01-2023,3,69134,Credit,Jessica Yates,,Loyal Customer
S09960,CU0800,C0253,07-12-2024,1,49675,Cash,Jason Fleming,,New Customer
S09961,CU0384,C0330,22-07-2024,2,49239,Credit,Melissa Bonilla,,Repeating Customer
S09962,CU1838,C0087,15-10-2024,1,32971,Credit,Stanley Short,,New Customer
S09963,CU0538,C0164,09-02-2024,1,18195,Cash,Jessica Wood,,New Customer
S09964,CU1990,C0135,05-06-2023,3,76387,Installment,Dustin Baker,,Loyal Customer
S09965,CU0766,C0059,15-01-2025,1,95057,Credit,Jamie Perry,,New Customer
S09966,CU1010,C0479,04-05-2025,3,89228,Credit,Judy Campbell,,Loyal Customer
S09967,CU0110,C0002,14-10-2023,1,42093,Credit,Kayla Graves,,New Customer
S09968,CU0877,C0485,18-01-2024,1,24404,Installment,Earl Dyer,,New Customer
S09969,CU1678,C0389,04-05-2023,1,19612,Credit,Nicole Andrews,,New Customer
S09970,CU1922,C0481,07-04-2025,2,31594,Credit,Richard Tran,,Repeating Customer
S09971,CU0522,C0257,03-02-2023,3,86424,Installment,Kenneth Floyd,,Loyal Customer
S09972,CU1226,C0037,06-11-2024,3,83445,Credit,Katrina Mathews,,Loyal Customer
S09973,CU1575,C0404,11-05-2023,2,65787,Cash,Donna Collins,,Repeating Customer
S09974,CU0041,C0142,21-07-2024,3,82849,Cash,Herbert Vargas,,Loyal Customer
S09975,CU1014,C0204,07-01-2023,3,20760,Installment,Justin Gray,,Loyal Customer
S09976,CU0586,C0465,25-06-2024,1,38229,Cash,Jeffrey Leon,,New Customer
S09977,CU0086,C0420,17-07-2024,2,91335,Credit,Melissa Martinez,,Repeating Customer
S09978,CU1085,C0484,27-12-2022,1,87574,Credit,Mrs. Jessica Newman DVM,,New Customer
S09979,CU1750,C0411,23-11-2024,2,17425,Cash,Kristen Clark,,Repeating Customer
S09980,CU1183,C0047,16-06-2023,2,36183,Cash,Amy Hernandez,,Repeating Customer
S09981,CU0295,C0420,12-09-2025,2,81686,Installment,James Sweeney,,Repeating Customer
S09982,CU0142,C0344,16-11-2024,1,26405,Credit,Kevin Rush,,New Customer
S09983,CU0144,C0417,23-01-2023,3,24336,Credit,John Dean,,Loyal Customer
S09984,CU1581,C0194,22-02-2024,3,86177,Credit,Kimberly Hanson,,Loyal Customer
S09985,CU0828,C0136,04-05-2025,3,67117,Credit,Jonathan Scott,,Loyal Customer
S09986,CU0251,C0398,24-05-2025,1,98577,Credit,Meredith Dunn,,New Customer
S09987,CU1676,C0446,10-08-2025,1,21877,Credit,James Lewis,,New Customer
S09988,CU1890,C0090,04-05-2023,3,55668,Cash,Crystal Anderson MD,,Loyal Customer
S09989,CU1445,C0422,07-05-2023,2,50260,Credit,Brittany Wang,,Repeating Customer
S09990,CU1628,C0175,11-01-2023,1,52635,Credit,Glenn Berg,,New Customer
S09991,CU1033,C0138,25-10-2024,2,84704,Cash,Shelby Savage,,Repeating Customer
S09992,CU0187,C0433,20-02-2024,1,48430,Installment,Christopher Sullivan,,New Customer
S09993,CU1234,C0320,03-04-2025,2,38650,Credit,Peter Lozano,,Repeating Customer
S09994,CU1440,C0055,12-02-2023,2,94043,Installment,Jennifer Wade,,Repeating Customer
S09995,CU1084,C0424,20-07-2023,3,67463,Credit,Cole Fox,,Loyal Customer
S09996,CU0679,C0307,29-01-2024,1,69239,Cash,Gregory Foster,,New Customer
S09997,CU0775,C0262,03-06-2024,2,64130,Cash,Martin Davis,,Repeating Customer
S09998,CU1202,C0438,24-04-2023,3,55574,Installment,Dorothy Miles,,Loyal Customer
S09999,CU1300,C0359,02-05-2024,2,72991,Installment,Jonathan Small,,Repeating Customer
S10000,CU0570,C0466,02-06-2025,3,71813,Cash,Michael Cross,,Loyal Customer
